status,time,card_type,city,amount,id
Success,2025-09-07 10:48:00,Visa,Tehran,1427657.0,98
Success,2025-09-20 13:10:00,Mastercard,Tehran,1578078.0,52
Fail,2025-09-29 03:27:00,Visa,Tehran,250000.0,20
Success,2025-09-15 13:13:00,Discover,Isfahan,0.0,40
Success,2025-09-11 11:11:00,Visa,Tehran,1782689.0,59
Fail,2025-09-08 21:21:00,Discover,Tehran,1050805.0,77
Success,2025-09-29 22:27:00,Visa,Tabriz,1387769.0,14
Fail,2025-09-21 03:00:00,Mastercard,Tehran,1502601.0,44
Success,2025-09-07 12:12:00,Discover,Isfahan,452545.0,87
Fail,2025-09-26 07:32:00,Visa,Tehran,0.0,82
Success,2025-09-19 12:12:00,Visa,Tehran,200000.0,48
Fail,2025-09-23 19:19:00,American Express,Shiraz,914282.0,94
Fail,2025-09-11 07:32:00,Visa,Tehran,774681.0,43
Fail,2025-09-11 14:30:00,Visa,Isfahan,1305967.0,16
Fail,2025-09-24 11:11:00,Visa,Karaj,177050.0,35
Fail,2025-09-21 11:11:00,Mastercard,Tehran,650000.0,53
Success,2025-09-04 10:05:00,American Express,Ahvaz,12345.0,34
Success,2025-09-08 19:51:00,Discover,Tehran,452545.0,3
Success,2025-09-24 03:00:00,Discover,Karaj,50200.0,68
Fail,2025-09-03 17:17:00,Mastercard,Tehran,1305967.0,5
Fail,2025-09-22 00:00:00,Discover,Ahvaz,471227.0,10
Fail,2025-09-21 11:11:00,Nan,Karaj,250000.0,52
Fail,2025-09-02 11:11:00,Visa,Qom,177050.0,29
Fail,2025-09-24 13:10:00,Discover,Tabriz,471227.0,97
Success,2025-09-12 16:40:00,Visa,Shiraz,2020587.5,31
Success,2025-09-30 16:40:00,Visa,Isfahan,976246.0,66
Fail,2025-09-06 01:01:00,Visa,Tehran,120000.0,76
Success,2025-09-02 16:40:00,Visa,Mashhad,1050805.0,92
Success,2025-09-28 03:27:00,Mastercard,Shiraz,0.0,69
Fail,2025-09-21 21:10:00,Discover,Tehran,1158713.0,37
Success,2025-09-01 14:30:00,Mastercard,Shiraz,450000.0,27
Fail,2025-09-12 22:27:00,Discover,Shiraz,452545.0,88
Fail,2025-09-26 03:27:00,Visa,Tehran,452545.0,33
Success,2025-09-22 02:54:00,Discover,Isfahan,100.5,68
Fail,2025-09-29 11:11:00,American Express,Tehran,452545.0,59
Success,2025-09-12 19:51:00,Visa,Tehran,2020587.5,64
Fail,2025-09-25 12:34:00,Discover,Isfahan,452545.0,85
Success,2025-09-17 14:02:00,Discover,Isfahan,99999.0,89
Success,2025-09-27 02:24:00,Mastercard,Tehran,1578078.0,44
Fail,2025-09-27 11:11:00,American Express,Tehran,63489.0,96
Fail,2025-09-10 19:29:00,Mastercard,Tabriz,450000.0,89
Success,2025-09-28 19:40:00,Discover,Tehran,177050.0,49
Fail,2025-09-28 12:12:00,American Express,Tehran,1050805.0,53
Fail,2025-09-16 07:32:00,Discover,Karaj,452545.0,74
Fail,2025-09-15 11:11:00,Mastercard,Isfahan,1578078.0,49
Success,2025-09-30 21:23:00,Visa,Tehran,343679.0,66
Success,2025-09-30 09:09:00,Discover,Qom,555555.0,96
Fail,2025-09-15 05:23:00,Mastercard,Shiraz,471227.0,63
Success,2025-09-30 01:01:00,Mastercard,Isfahan,976246.0,25
Success,2025-09-19 14:00:00,American Express,Karaj,343679.0,4
Fail,2025-09-12 21:23:00,Visa,Karaj,1463119.0,51
Fail,2025-09-23 08:08:00,Visa,Ahvaz,200000.0,11
Success,2025-09-20 02:24:00,Mastercard,Mashhad,976246.0,17
Success,2025-09-25 07:32:00,Mastercard,Ahvaz,2020587.5,66
Success,2025-09-03 18:12:00,American Express,Tehran,774681.0,70
Success,2025-09-05 02:30:00,Visa,Karaj,1578078.0,73
Fail,2025-09-19 02:24:00,Visa,Tabriz,205000.0,69
Fail,2025-09-07 02:30:00,Mastercard,Tabriz,1000.0,84
Fail,2025-09-21 07:08:00,American Express,Tehran,452545.0,29
Success,2025-09-09 14:02:00,Master Card,Tehran,419089.0,85
Fail,2025-09-07 09:09:00,Discover,Unknown,0.0,73
Fail,2025-09-18 16:16:00,Visa,Isfahan,2020587.5,93
Success,2025-09-04 16:40:00,Nan,Tehran,452545.0,72
Fail,2025-09-25 19:29:00,Mastercard,Tehran,0.0,96
Success,2025-09-28 14:11:00,Mastercard,Tabriz,0.0,20
Fail,2025-09-14 13:10:00,Discover,Qom,100.5,27
Success,2025-09-18 03:27:00,Visa,Isfahan,1578078.0,8
Success,2025-09-26 16:40:00,American Express,Shiraz,1427657.0,85
Fail,2025-09-09 13:13:00,Visa,Isfahan,452545.0,61
Fail,2025-09-26 12:12:00,Mastercard,Karaj,0.0,28
Fail,2025-09-21 21:21:00,Mastercard,Isfahan,0.0,88
Fail,2025-09-02 06:30:00,Visa,Qom,1768588.0,70
Success,2025-09-20 11:11:00,Visa,Tabriz,555555.0,3
Success,2025-09-28 04:04:00,American Express,Karaj,452545.0,69
Success,2025-09-15 07:07:00,Discover,Shiraz,205000.0,73
Fail,2025-09-28 13:10:00,Mastercard,Isfahan,419089.0,7
Fail,2025-09-07 06:06:00,Mastercard,Tabriz,914465.0,60
Success,2025-09-12 23:59:00,Visa,Shiraz,545116.0,4
Fail,2025-09-29 21:23:00,Visa,Tehran,976246.0,5
Fail,2025-09-08 19:40:00,Mastercard,Tehran,452545.0,11
Fail,2025-09-15 23:17:00,Visa,Ahvaz,0.0,15
Success,2025-09-03 05:23:00,Mastercard,Qom,585954.0,64
Fail,2025-09-14 07:08:00,Visa,Mashhad,583952.0,99
Fail,2025-09-17 01:51:00,Visa,Tehran,1883871.0,13
Fail,2025-09-04 05:23:00,Visa,Qom,100.5,7
Success,2025-09-18 14:00:00,Mastercard,Karaj,0.0,6
Fail,2025-09-08 14:00:00,Mastercard,Mashhad,583952.0,56
Success,2025-09-04 10:05:00,Mastercard,Tabriz,452545.0,64
Success,2025-09-02 17:07:00,Mastercard,Karaj,1578078.0,50
Fail,2025-09-30 04:04:00,Mastercard,Tehran,99999.0,30
Success,2025-09-06 08:08:00,Visa,Karaj,0.0,22
Success,2025-09-22 02:54:00,Mastercard,Tehran,1000.0,25
Fail,2025-09-10 19:51:00,American Express,Tabriz,452545.0,28
Success,2025-09-04 03:27:00,American Express,Mashhad,1387769.0,84
Success,2025-09-22 04:15:00,Visa,Qom,452545.0,39
Fail,2025-09-29 16:16:00,Visa,Tehran,1782689.0,67
Success,2025-09-18 10:05:00,Visa,Tabriz,452545.0,5
Fail,2025-09-26 14:11:00,Visa,Ahvaz,1472823.0,65
Success,2025-09-12 09:45:00,Discover,Karaj,1578078.0,15
Success,2025-09-02 16:40:00,Mastercard,Karaj,100.5,91
Success,2025-09-10 02:20:00,Mastercard,Tehran,585954.0,67
Fail,2025-09-30 09:09:00,Visa,Tabriz,177050.0,40
Fail,2025-09-04 14:00:00,Mastercard,Tehran,1578078.0,99
Success,2025-09-14 23:59:00,American Express,Shiraz,1427657.0,69
Success,2025-09-16 01:01:00,Mastercard,Tehran,452545.0,96
Fail,2025-09-15 22:27:00,Nan,Tabriz,585954.0,77
Fail,2025-09-08 23:17:00,Discover,Tabriz,99999.0,43
Success,2025-09-14 17:07:00,American Express,Karaj,0.0,1
Success,2025-09-23 19:29:00,Visa,Tehran,1427657.0,22
Success,2025-09-28 02:37:00,Discover,Karaj,343679.0,62
Fail,2025-09-25 19:40:00,Mastercard,Karaj,1782689.0,79
Success,2025-09-30 13:10:00,Visa,Isfahan,1782689.0,26
Fail,2025-09-08 11:11:00,American Express,Karaj,555555.0,18
Fail,2025-09-21 03:27:00,Visa,Ahvaz,12345.0,48
Fail,2025-09-16 07:08:00,Visa,Ahvaz,333333.0,9
Success,2025-09-13 10:48:00,Mastercard,Karaj,200000.0,1
Fail,2025-09-18 02:24:00,Mastercard,Tehran,914465.0,9
Success,2025-09-15 09:45:00,Visa,Shiraz,250000.0,23
Success,2025-09-21 13:10:00,Nan,Mashhad,471227.0,45
Success,2025-09-24 15:45:00,Visa,Tehran,1463119.0,2
Success,2025-09-26 07:07:00,Visa,Shiraz,1427657.0,14
Success,2025-09-25 21:23:00,Visa,Shiraz,100000.0,38
Success,2025-09-28 04:40:00,Visa,Unknown,100.5,40
Fail,2025-09-28 23:59:00,Visa,Tehran,583952.0,63
Success,2025-09-28 21:23:00,Visa,Tabriz,2020587.5,82
Success,2025-09-13 00:00:00,Mastercard,Shiraz,333333.0,16
Success,2025-09-09 08:08:00,Discover,Tabriz,0.0,94
Fail,2025-09-29 14:11:00,Master Card,Isfahan,452545.0,75
Fail,2025-09-15 11:11:00,Discover,Tehran,555555.0,6
Fail,2025-09-13 06:06:00,Visa,Qom,452545.0,3
Fail,2025-09-01 16:40:00,Discover,Tehran,100.5,14
Success,2025-09-25 09:00:00,Discover,Tabriz,0.0,66
Fail,2025-09-07 18:12:00,Mastercard,Tehran,205000.0,97
Fail,2025-09-09 08:08:00,Discover,Qom,2020587.5,96
Fail,2025-09-24 08:08:00,Mastercard,Tehran,343679.0,75
Fail,2025-09-01 09:09:00,Mastercard,Tehran,177050.0,87
Fail,2025-09-12 12:12:00,Visa,Qom,452545.0,67
Success,2025-09-08 16:40:00,Mastercard,Tehran,774681.0,31
Success,2025-09-24 16:40:00,Visa,Tabriz,100.5,33
Fail,2025-09-11 23:17:00,Visa,Shiraz,1000.0,89
Fail,2025-09-19 02:37:00,Mastercard,Isfahan,120000.0,1
Fail,2025-09-17 16:40:00,Visa,Mashhad,850000.0,44
Fail,2025-09-08 22:27:00,Visa,Tehran,412308.0,15
Success,2025-09-03 02:37:00,Mastercard,Isfahan,5000.0,37
Success,2025-09-03 03:27:00,Discover,Isfahan,545116.0,27
Fail,2025-09-01 02:37:00,Mastercard,Karaj,419089.0,48
Fail,2025-09-27 19:40:00,Discover,Tabriz,452545.0,27
Success,2025-09-05 16:40:00,Visa,Tehran,100000.0,12
Fail,2025-09-10 02:20:00,Mastercard,Tehran,1305967.0,67
Success,2025-09-07 03:27:00,Visa,Tehran,452545.0,30
Success,2025-09-26 09:09:00,Mastercard,Tehran,0.0,97
Fail,2025-09-09 21:21:00,American Express,Tabriz,419089.0,88
Fail,2025-09-28 00:00:00,Mastercard,Qom,976246.0,66
Fail,2025-09-07 23:59:00,Mastercard,Tehran,452545.0,7
Success,2025-09-09 10:48:00,Mastercard,Shiraz,1158713.0,34
Success,2025-09-08 16:40:00,Discover,Tehran,0.0,32
Fail,2025-09-12 19:51:00,Discover,Tehran,914465.0,39
Success,2025-09-02 10:48:00,Master Card,Karaj,1768588.0,97
Success,2025-09-01 04:15:00,Discover,Tabriz,452545.0,43
Fail,2025-09-16 12:34:00,Visa,Tehran,300000.0,43
Success,2025-09-23 07:32:00,Visa,Karaj,452545.0,78
Success,2025-09-23 22:27:00,Mastercard,Ahvaz,1768588.0,3
Success,2025-09-30 18:00:00,American Express,Karaj,1427657.0,46
Fail,2025-09-24 00:00:00,Visa,Tehran,120000.0,32
Fail,2025-09-05 07:32:00,Visa,Mashhad,200000.0,43
Fail,2025-09-03 07:32:00,Visa,Tehran,0.0,81
Fail,2025-09-12 02:30:00,American Express,Tehran,914282.0,3
Success,2025-09-08 23:17:00,Visa,Tabriz,452545.0,74
Success,2025-09-22 20:33:00,Visa,Tehran,452545.0,63
Fail,2025-09-27 07:32:00,American Express,Qom,471227.0,40
Success,2025-09-03 12:12:00,Discover,Tehran,177050.0,18
Fail,2025-09-01 09:09:00,American Express,Isfahan,850000.0,67
Success,2025-09-03 23:59:00,Mastercard,Tehran,914465.0,62
Success,2025-09-05 02:37:00,American Express,Isfahan,250000.0,10
Success,2025-09-15 23:59:00,Visa,Shiraz,250000.0,52
Success,2025-09-14 02:30:00,Visa,Isfahan,976246.0,73
Success,2025-09-03 21:10:00,Mastercard,Isfahan,900000.0,46
Fail,2025-09-01 18:00:00,Visa,Unknown,0.0,55
Fail,2025-09-05 05:56:00,American Express,Karaj,250000.0,46
Fail,2025-09-26 19:19:00,American Express,Mashhad,12345.0,75
Fail,2025-09-23 21:21:00,Visa,Qom,1883871.0,60
Success,2025-09-14 07:08:00,Visa,Shiraz,850000.0,98
Success,2025-09-07 02:37:00,Mastercard,Tehran,250000.0,26
Success,2025-09-27 01:51:00,American Express,Tehran,300000.0,27
Success,2025-09-09 12:44:00,Visa,Shiraz,585954.0,38
Fail,2025-09-15 19:51:00,Discover,Isfahan,914282.0,22
Fail,2025-09-15 00:00:00,Mastercard,Tehran,1502601.0,26
Fail,2025-09-26 02:37:00,American Express,Tabriz,1578078.0,87
Success,2025-09-10 22:27:00,Mastercard,Tehran,1578078.0,69
Fail,2025-09-28 00:00:00,Visa,Tehran,200000.0,35
Success,2025-09-13 00:00:00,Visa,Tabriz,0.0,66
Success,2025-09-19 21:23:00,Discover,Tehran,914282.0,100
Success,2025-09-07 20:33:00,Visa,Shiraz,1000.0,73
Fail,2025-09-17 10:48:00,American Express,Mashhad,1782689.0,51
Fail,2025-09-20 20:33:00,Discover,Qom,419089.0,18
Fail,2025-09-29 00:00:00,Visa,Isfahan,452545.0,43
Success,2025-09-04 21:23:00,Discover,Mashhad,1158713.0,12
Fail,2025-09-30 10:48:00,Mastercard,Ahvaz,443463.0,3
Fail,2025-09-05 10:05:00,Visa,Tabriz,120000.0,82
Success,2025-09-23 13:13:00,American Express,Isfahan,2020587.5,7
Fail,2025-09-07 12:34:00,Mastercard,Tehran,1472823.0,98
Success,2025-09-13 23:17:00,American Express,Tehran,419089.0,6
Success,2025-09-15 01:51:00,Mastercard,Tabriz,452545.0,82
Success,2025-09-11 09:00:00,American Express,Tehran,650000.0,45
Fail,2025-09-29 08:08:00,Discover,Tehran,2020587.5,87
Fail,2025-09-04 09:45:00,Visa,Tabriz,0.0,39
Fail,2025-09-13 18:45:00,Mastercard,Tehran,1578078.0,51
Fail,2025-09-07 11:11:00,Discover,Tehran,585954.0,9
Fail,2025-09-27 02:54:00,Visa,Isfahan,200000.0,100
Success,2025-09-19 12:44:00,Mastercard,Tehran,583952.0,23
Success,2025-09-22 11:11:00,Visa,Ahvaz,1463119.0,12
Fail,2025-09-28 07:32:00,Visa,Ahvaz,177050.0,89
Fail,2025-09-02 23:17:00,Mastercard,Isfahan,0.0,62
Success,2025-09-10 14:11:00,Mastercard,Tehran,0.0,73
Fail,2025-09-13 04:15:00,Visa,Karaj,0.0,77
Fail,2025-09-30 07:08:00,American Express,Karaj,2020587.5,40
Success,2025-09-25 02:20:00,Visa,Tehran,0.0,54
Fail,2025-09-21 23:59:00,Visa,Karaj,100.5,81
Success,2025-09-06 19:40:00,Discover,Tehran,1502601.0,7
Fail,2025-09-28 20:33:00,Mastercard,Tabriz,452545.0,17
Success,2025-09-28 14:11:00,Visa,Karaj,200000.0,50
Fail,2025-09-12 22:27:00,Discover,Karaj,419089.0,24
Fail,2025-09-12 00:00:00,Mastercard,Tabriz,200000.0,2
Success,2025-09-20 21:21:00,American Express,Mashhad,452545.0,100
Success,2025-09-30 02:30:00,Visa,Tehran,914465.0,93
Success,2025-09-30 10:05:00,Mastercard,Tehran,50200.0,83
Fail,2025-09-11 21:21:00,Visa,Tehran,976246.0,33
Success,2025-09-26 03:27:00,Discover,Qom,200000.0,21
Fail,2025-09-23 21:23:00,Mastercard,Shiraz,177050.0,74
Success,2025-09-28 19:19:00,Discover,Tehran,452545.0,53
Success,2025-09-25 14:55:00,Visa,Qom,452545.0,46
Success,2025-09-07 14:02:00,Visa,Tabriz,850000.0,45
Success,2025-09-30 14:11:00,Visa,Tehran,443463.0,9
Fail,2025-09-01 02:30:00,Mastercard,Tehran,99999.0,6
Fail,2025-09-01 14:00:00,Visa,Mashhad,2020587.5,51
Success,2025-09-25 13:13:00,Mastercard,Karaj,452545.0,35
Success,2025-09-27 04:04:00,Mastercard,Tehran,1463119.0,82
Success,2025-09-30 10:05:00,Visa,Mashhad,976246.0,53
Success,2025-09-25 02:30:00,Mastercard,Tabriz,63489.0,19
Success,2025-09-20 10:05:00,Visa,Tehran,177050.0,69
Success,2025-09-13 19:29:00,Visa,Ahvaz,650000.0,25
Fail,2025-09-09 11:11:00,American Express,Mashhad,120000.0,11
Fail,2025-09-03 14:11:00,Mastercard,Tabriz,650000.0,74
Fail,2025-09-07 00:00:00,Mastercard,Ahvaz,0.0,17
Success,2025-09-06 05:23:00,Visa,Mashhad,471227.0,36
Success,2025-09-08 02:54:00,American Express,Tehran,452545.0,91
Fail,2025-09-27 10:48:00,Mastercard,Tehran,412308.0,96
Success,2025-09-09 05:56:00,Discover,Tabriz,1305967.0,97
Success,2025-09-30 10:05:00,Visa,Karaj,914282.0,21
Fail,2025-09-05 14:11:00,Visa,Karaj,583952.0,18
Success,2025-09-01 00:00:00,Visa,Tehran,900000.0,60
Success,2025-09-19 03:00:00,Mastercard,Mashhad,1768588.0,18
Success,2025-09-10 12:12:00,Discover,Tehran,419089.0,1
Fail,2025-09-12 19:19:00,Visa,Isfahan,1578078.0,14
Fail,2025-09-24 03:27:00,Visa,Karaj,177050.0,8
Fail,2025-09-15 02:30:00,American Express,Tabriz,343679.0,66
Fail,2025-09-27 05:23:00,Mastercard,Tehran,443463.0,51
Success,2025-09-22 02:37:00,Visa,Mashhad,850000.0,79
Fail,2025-09-24 02:37:00,Discover,Qom,0.0,60
Fail,2025-09-09 11:11:00,Mastercard,Shiraz,452545.0,34
Success,2025-09-20 12:12:00,Mastercard,Ahvaz,1768588.0,36
Fail,2025-09-17 08:08:00,Visa,Karaj,443463.0,62
Success,2025-09-30 14:30:00,Mastercard,Karaj,200000.0,1
Fail,2025-09-17 07:08:00,Mastercard,Tabriz,0.0,85
Success,2025-09-26 13:13:00,Visa,Qom,200000.0,42
Fail,2025-09-20 14:11:00,American Express,Isfahan,123456.0,1
Fail,2025-09-12 20:33:00,American Express,Tehran,976246.0,97
Success,2025-09-30 02:24:00,American Express,Isfahan,452545.0,84
Success,2025-09-07 14:00:00,Mastercard,Tehran,1502601.0,54
Success,2025-09-02 14:30:00,Nan,Ahvaz,452545.0,47
Success,2025-09-03 17:17:00,Visa,Karaj,452545.0,39
Fail,2025-09-17 05:56:00,Visa,Mashhad,343679.0,30
Success,2025-09-05 09:09:00,Visa,Isfahan,471227.0,7
Success,2025-09-17 12:12:00,Visa,Mashhad,50200.0,22
Fail,2025-09-24 20:20:00,American Express,Tabriz,1472823.0,50
Fail,2025-09-17 18:12:00,Mastercard,Tehran,250000.0,45
Success,2025-09-27 02:20:00,Visa,Ahvaz,914282.0,74
Fail,2025-09-17 21:21:00,Mastercard,Ahvaz,333333.0,72
Success,2025-09-02 20:20:00,Visa,Isfahan,5000.0,92
Fail,2025-09-02 12:12:00,Mastercard,Tehran,914465.0,10
Success,2025-09-28 11:11:00,Discover,Karaj,471227.0,14
Success,2025-09-22 07:08:00,Mastercard,Isfahan,120000.0,46
Success,2025-09-23 23:59:00,Visa,Tehran,250000.0,75
Fail,2025-09-05 10:05:00,Visa,Ahvaz,850000.0,6
Fail,2025-09-01 10:48:00,American Express,Tehran,450000.0,21
Fail,2025-09-01 14:02:00,Visa,Qom,585954.0,62
Success,2025-09-19 14:55:00,Visa,Karaj,452545.0,98
Success,2025-09-30 02:30:00,Mastercard,Qom,0.0,19
Fail,2025-09-02 19:51:00,Discover,Mashhad,300000.0,89
Fail,2025-09-21 10:48:00,Visa,Tabriz,123456.0,82
Success,2025-09-12 20:20:00,Mastercard,Tabriz,774681.0,100
Fail,2025-09-26 21:21:00,Mastercard,Ahvaz,1768588.0,62
Success,2025-09-06 23:59:00,Visa,Tehran,471227.0,83
Success,2025-09-23 01:01:00,Master Card,Ahvaz,343679.0,53
Fail,2025-09-04 09:45:00,Visa,Mashhad,452545.0,24
Fail,2025-09-23 14:11:00,Mastercard,Tehran,976246.0,56
Success,2025-09-11 02:37:00,Mastercard,Unknown,343679.0,62
Success,2025-09-24 07:32:00,Mastercard,Shiraz,250000.0,34
Fail,2025-09-27 05:56:00,American Express,Isfahan,545116.0,22
Fail,2025-09-17 10:05:00,American Express,Mashhad,1463119.0,68
Fail,2025-09-06 19:40:00,Visa,Tabriz,250000.0,57
Success,2025-09-24 15:45:00,Mastercard,Tehran,100000.0,10
Fail,2025-09-05 14:11:00,Visa,Qom,63489.0,66
Success,2025-09-20 12:34:00,Mastercard,Ahvaz,1578078.0,8
Fail,2025-09-02 11:11:00,Visa,Tabriz,177050.0,98
Success,2025-09-06 06:30:00,Discover,Isfahan,976246.0,38
Success,2025-09-22 08:08:00,Visa,Qom,0.0,62
Success,2025-09-11 14:55:00,Visa,Tehran,1782689.0,28
Success,2025-09-16 21:21:00,Discover,Tehran,333333.0,10
Success,2025-09-16 04:40:00,Mastercard,Tabriz,0.0,45
Fail,2025-09-01 11:11:00,Visa,Tehran,1782689.0,65
Fail,2025-09-09 02:54:00,American Express,Tehran,650000.0,99
Fail,2025-09-28 09:00:00,Visa,Shiraz,177050.0,67
Fail,2025-09-27 21:23:00,Visa,Shiraz,412308.0,9
Success,2025-09-06 06:06:00,Visa,Isfahan,452545.0,5
Fail,2025-09-16 00:00:00,Discover,Mashhad,1427657.0,10
Fail,2025-09-29 23:59:00,Visa,Tehran,100000.0,12
Fail,2025-09-03 05:23:00,Visa,Tehran,0.0,82
Success,2025-09-20 12:44:00,Visa,Tabriz,914282.0,58
Fail,2025-09-28 19:29:00,Visa,Mashhad,914465.0,21
Fail,2025-09-27 13:10:00,Mastercard,Isfahan,452545.0,21
Fail,2025-09-04 14:11:00,Visa,Qom,1472823.0,65
Fail,2025-09-19 23:59:00,Visa,Tehran,0.0,3
Fail,2025-09-26 07:08:00,Visa,Tehran,452545.0,69
Success,2025-09-03 03:27:00,Mastercard,Tabriz,419089.0,90
Fail,2025-09-19 14:55:00,Visa,Tabriz,12345.0,64
Success,2025-09-20 19:51:00,Visa,Tehran,555555.0,49
Fail,2025-09-07 07:08:00,Mastercard,Tehran,471227.0,72
Fail,2025-09-20 16:40:00,Discover,Isfahan,452545.0,17
Fail,2025-09-09 03:00:00,Mastercard,Mashhad,200000.0,73
Success,2025-09-01 19:51:00,Visa,Ahvaz,452545.0,32
Success,2025-09-08 19:51:00,Mastercard,Mashhad,100.5,70
Fail,2025-09-07 17:17:00,Visa,Tehran,63489.0,21
Fail,2025-09-18 10:48:00,Visa,Isfahan,914282.0,7
Success,2025-09-08 11:11:00,Visa,Shiraz,443463.0,7
Success,2025-09-01 02:37:00,Visa,Karaj,850000.0,27
Fail,2025-09-11 13:10:00,Mastercard,Shiraz,123456.0,8
Success,2025-09-28 02:30:00,Discover,Tehran,100.5,73
Fail,2025-09-25 11:11:00,Visa,Tabriz,1578078.0,28
Fail,2025-09-25 05:23:00,Mastercard,Karaj,0.0,79
Fail,2025-09-18 12:12:00,Mastercard,Tehran,452545.0,66
Fail,2025-09-23 11:11:00,Mastercard,Tehran,976246.0,71
Fail,2025-09-30 17:07:00,Discover,Tehran,452545.0,47
Fail,2025-09-10 02:30:00,Discover,Shiraz,0.0,82
Success,2025-09-03 18:12:00,Mastercard,Qom,1768588.0,87
Fail,2025-09-07 01:01:00,Visa,Tehran,1463119.0,10
Fail,2025-09-28 21:10:00,Visa,Qom,914282.0,33
Success,2025-09-16 13:13:00,Visa,Tehran,900000.0,7
Success,2025-09-26 10:48:00,Visa,Shiraz,99999.0,3
Success,2025-09-16 12:44:00,Discover,Mashhad,1.0,14
Fail,2025-09-25 04:40:00,Discover,Karaj,1158713.0,44
Success,2025-09-20 12:12:00,Mastercard,Tabriz,452545.0,46
Fail,2025-09-28 20:33:00,Visa,Isfahan,1578078.0,61
Success,2025-09-17 05:56:00,Visa,Mashhad,452545.0,36
Fail,2025-09-02 07:08:00,American Express,Mashhad,100.5,13
Success,2025-09-01 20:33:00,Discover,Tehran,100000.0,16
Fail,2025-09-16 19:51:00,Mastercard,Tabriz,1578078.0,80
Success,2025-09-30 21:10:00,American Express,Tehran,471227.0,5
Success,2025-09-12 16:40:00,Mastercard,Tehran,0.0,90
Fail,2025-09-05 09:45:00,Visa,Tabriz,452545.0,38
Fail,2025-09-05 19:40:00,Visa,Isfahan,1883871.0,50
Fail,2025-09-27 04:15:00,American Express,Mashhad,585954.0,38
Fail,2025-09-23 23:17:00,Mastercard,Tehran,1.0,56
Fail,2025-09-09 19:51:00,Visa,Mashhad,419089.0,63
Success,2025-09-09 23:17:00,Visa,Mashhad,914465.0,48
Fail,2025-09-03 16:16:00,American Express,Qom,1050805.0,91
Success,2025-09-19 14:11:00,Discover,Tehran,583952.0,59
Fail,2025-09-16 23:17:00,Visa,Karaj,452545.0,77
Fail,2025-09-16 12:44:00,Mastercard,Tehran,1782689.0,44
Success,2025-09-03 13:13:00,Visa,Ahvaz,200000.0,91
Fail,2025-09-20 14:30:00,American Express,Karaj,0.0,55
Fail,2025-09-24 07:08:00,Discover,Karaj,343679.0,55
Fail,2025-09-22 07:08:00,Mastercard,Shiraz,2020587.5,1
Success,2025-09-24 03:00:00,Mastercard,Isfahan,1502601.0,8
Success,2025-09-01 10:48:00,Mastercard,Shiraz,452545.0,4
Fail,2025-09-24 06:30:00,Visa,Karaj,0.0,85
Fail,2025-09-20 12:44:00,Visa,Tehran,343679.0,87
Success,2025-09-11 03:27:00,Mastercard,Tabriz,900000.0,53
Fail,2025-09-17 09:00:00,Visa,Tehran,914465.0,58
Fail,2025-09-08 07:07:00,Discover,Karaj,99999.0,37
Success,2025-09-04 07:08:00,Visa,Karaj,0.0,49
Success,2025-09-06 01:01:00,Discover,Mashhad,343679.0,67
Fail,2025-09-08 16:40:00,Discover,Karaj,914465.0,19
Success,2025-09-20 07:08:00,American Express,Karaj,452545.0,1
Fail,2025-09-30 12:44:00,Visa,Tehran,120000.0,29
Success,2025-09-03 14:11:00,Nan,Tehran,1463119.0,88
Success,2025-09-16 12:34:00,Visa,Mashhad,1463119.0,33
Success,2025-09-30 10:05:00,Discover,Karaj,914465.0,52
Success,2025-09-25 09:45:00,Visa,Tabriz,555555.0,41
Fail,2025-09-03 08:59:00,Discover,Tabriz,1387769.0,23
Success,2025-09-25 07:08:00,Visa,Isfahan,450000.0,5
Fail,2025-09-29 16:16:00,American Express,Ahvaz,452545.0,71
Success,2025-09-18 10:48:00,Visa,Mashhad,5000.0,57
Fail,2025-09-14 08:59:00,Mastercard,Mashhad,100.5,6
Fail,2025-09-18 20:33:00,Visa,Isfahan,452545.0,49
Success,2025-09-02 19:51:00,Mastercard,Tabriz,774681.0,22
Fail,2025-09-22 23:17:00,Visa,Tehran,471227.0,77
Fail,2025-09-03 07:08:00,American Express,Tabriz,177050.0,76
Success,2025-09-16 02:24:00,Mastercard,Qom,914282.0,4
Fail,2025-09-29 12:44:00,Discover,Tehran,450000.0,72
Success,2025-09-09 21:21:00,Visa,Isfahan,0.0,64
Fail,2025-09-04 07:32:00,American Express,Tehran,63489.0,37
Success,2025-09-01 23:59:00,Mastercard,Unknown,555555.0,31
Success,2025-09-04 21:21:00,American Express,Isfahan,452545.0,37
Success,2025-09-01 04:15:00,Nan,Tehran,200000.0,45
Success,2025-09-14 08:08:00,Discover,Tabriz,1578078.0,91
Success,2025-09-21 14:00:00,Mastercard,Tabriz,583952.0,8
Success,2025-09-16 10:05:00,American Express,Shiraz,63489.0,40
Fail,2025-09-20 10:05:00,Mastercard,Mashhad,250000.0,98
Fail,2025-09-24 13:13:00,American Express,Ahvaz,583952.0,94
Success,2025-09-08 03:27:00,Visa,Karaj,1768588.0,5
Success,2025-09-07 15:45:00,Visa,Tabriz,5000.0,28
Fail,2025-09-03 04:15:00,Visa,Ahvaz,1472823.0,81
Fail,2025-09-17 10:48:00,Visa,Karaj,1000.0,88
Fail,2025-09-01 23:59:00,Mastercard,Qom,1463119.0,9
Success,2025-09-16 10:05:00,Mastercard,Tehran,452545.0,2
Fail,2025-09-12 13:13:00,Discover,Ahvaz,1782689.0,63
Success,2025-09-27 15:45:00,Visa,Qom,250000.0,97
Success,2025-09-19 09:09:00,Mastercard,Tehran,1782689.0,51
Fail,2025-09-22 07:07:00,Mastercard,Qom,1502601.0,31
Fail,2025-09-23 04:40:00,Mastercard,Mashhad,200000.0,7
Success,2025-09-22 04:15:00,American Express,Isfahan,452545.0,30
Fail,2025-09-14 20:20:00,Mastercard,Tehran,452545.0,58
Fail,2025-09-30 07:32:00,Visa,Tehran,1768588.0,3
Fail,2025-09-06 14:00:00,Visa,Mashhad,452545.0,51
Success,2025-09-06 05:23:00,Mastercard,Qom,452545.0,56
Fail,2025-09-13 06:30:00,Visa,Qom,1.0,73
Fail,2025-09-19 16:16:00,Visa,Shiraz,333333.0,10
Fail,2025-09-22 02:54:00,Visa,Mashhad,452545.0,61
Success,2025-09-08 02:30:00,Visa,Tabriz,1883871.0,50
Fail,2025-09-27 19:51:00,Mastercard,Tehran,452545.0,47
Fail,2025-09-27 07:07:00,Discover,Shiraz,452545.0,91
Fail,2025-09-02 21:23:00,American Express,Tehran,452545.0,1
Fail,2025-09-21 11:11:00,Discover,Tabriz,0.0,95
Fail,2025-09-30 21:23:00,Mastercard,Shiraz,1502601.0,57
Success,2025-09-01 08:59:00,Discover,Karaj,650000.0,38
Fail,2025-09-28 19:51:00,Nan,Isfahan,1578078.0,62
Success,2025-09-15 21:21:00,Discover,Karaj,914465.0,79
Fail,2025-09-01 14:30:00,American Express,Tehran,443463.0,90
Success,2025-09-05 17:17:00,Discover,Qom,123456.0,70
Success,2025-09-28 21:23:00,American Express,Shiraz,1305967.0,82
Success,2025-09-29 21:21:00,American Express,Mashhad,0.0,65
Fail,2025-09-16 09:45:00,Nan,Shiraz,120000.0,62
Fail,2025-09-19 16:40:00,Visa,Tehran,200000.0,56
Success,2025-09-04 02:20:00,Visa,Karaj,99999.0,67
Fail,2025-09-03 04:15:00,Mastercard,Isfahan,100000.0,17
Success,2025-09-17 21:10:00,Discover,Mashhad,452545.0,8
Fail,2025-09-17 04:40:00,Visa,Tabriz,900000.0,60
Fail,2025-09-12 09:45:00,Mastercard,Mashhad,177050.0,40
Success,2025-09-28 12:12:00,American Express,Shiraz,452545.0,81
Fail,2025-09-30 05:56:00,Visa,Karaj,976246.0,90
Fail,2025-09-29 16:40:00,Discover,Mashhad,343679.0,62
Fail,2025-09-14 04:40:00,Visa,Tabriz,333333.0,41
Success,2025-09-21 00:00:00,Mastercard,Mashhad,1387769.0,12
Fail,2025-09-06 20:33:00,Visa,Karaj,471227.0,94
Success,2025-09-03 17:17:00,Discover,Isfahan,452545.0,90
Success,2025-09-28 04:15:00,American Express,Isfahan,0.0,54
Fail,2025-09-09 13:13:00,Visa,Qom,333333.0,90
Success,2025-09-05 20:33:00,Visa,Tabriz,450000.0,94
Success,2025-09-24 19:40:00,Mastercard,Tabriz,452545.0,11
Fail,2025-09-29 21:23:00,Mastercard,Tehran,452545.0,60
Success,2025-09-17 08:08:00,Nan,Isfahan,452545.0,68
Success,2025-09-14 10:48:00,Discover,Tehran,1387769.0,78
Success,2025-09-21 12:44:00,Discover,Qom,900000.0,46
Success,2025-09-03 07:08:00,American Express,Tehran,452545.0,38
Fail,2025-09-28 04:15:00,American Express,Isfahan,5000.0,61
Fail,2025-09-01 14:55:00,Discover,Tabriz,1782689.0,17
Fail,2025-09-20 10:48:00,Discover,Shiraz,583952.0,66
Success,2025-09-29 12:12:00,Mastercard,Tehran,1883871.0,72
Fail,2025-09-21 09:45:00,Discover,Shiraz,914282.0,36
Success,2025-09-23 12:44:00,Mastercard,Qom,1.0,74
Fail,2025-09-01 09:00:00,American Express,Shiraz,1472823.0,7
Fail,2025-09-03 12:34:00,Mastercard,Tehran,0.0,16
Fail,2025-09-18 12:12:00,Mastercard,Tehran,123456.0,14
Success,2025-09-25 11:11:00,Discover,Tehran,1463119.0,80
Fail,2025-09-10 19:51:00,Discover,Tehran,177050.0,25
Success,2025-09-22 12:34:00,Visa,Tabriz,0.0,4
Fail,2025-09-26 19:29:00,Discover,Mashhad,1578078.0,29
Fail,2025-09-03 17:07:00,Discover,Tehran,471227.0,56
Success,2025-09-08 14:00:00,American Express,Tehran,545116.0,6
Fail,2025-09-14 14:02:00,Visa,Tehran,850000.0,1
Fail,2025-09-24 19:40:00,Mastercard,Tehran,1782689.0,39
Fail,2025-09-18 19:51:00,Master Card,Tehran,123456.0,1
Fail,2025-09-15 05:56:00,Visa,Tehran,100.5,63
Success,2025-09-22 02:54:00,Visa,Ahvaz,419089.0,57
Fail,2025-09-23 20:20:00,Mastercard,Tehran,100000.0,67
Fail,2025-09-02 04:40:00,American Express,Mashhad,5000.0,65
Success,2025-09-27 13:13:00,American Express,Ahvaz,100.5,65
Fail,2025-09-10 11:11:00,Visa,Tehran,2020587.5,21
Fail,2025-09-02 19:40:00,Mastercard,Tehran,1463119.0,30
Success,2025-09-26 08:08:00,American Express,Tehran,419089.0,97
Fail,2025-09-17 02:37:00,Mastercard,Tehran,177050.0,33
Success,2025-09-08 14:11:00,Mastercard,Tehran,452545.0,48
Fail,2025-09-01 17:07:00,Mastercard,Tehran,0.0,22
Fail,2025-09-09 07:07:00,Mastercard,Tehran,0.0,95
Fail,2025-09-11 02:20:00,Mastercard,Tehran,1782689.0,54
Success,2025-09-22 19:19:00,Mastercard,Tehran,471227.0,4
Success,2025-09-16 05:23:00,Mastercard,Ahvaz,0.0,88
Fail,2025-09-07 23:59:00,Visa,Tehran,0.0,55
Fail,2025-09-29 05:56:00,Visa,Tehran,333333.0,44
Success,2025-09-10 21:23:00,Visa,Mashhad,471227.0,90
Fail,2025-09-23 06:06:00,Nan,Unknown,1782689.0,12
Success,2025-09-26 02:24:00,Discover,Tehran,452545.0,81
Success,2025-09-03 21:23:00,Mastercard,Tabriz,452545.0,79
Fail,2025-09-18 02:37:00,Visa,Isfahan,1158713.0,74
Fail,2025-09-25 18:45:00,Mastercard,Isfahan,452545.0,100
Success,2025-09-24 20:33:00,Mastercard,Karaj,1463119.0,52
Success,2025-09-13 13:13:00,American Express,Isfahan,99999.0,94
Success,2025-09-28 02:30:00,Mastercard,Tehran,900000.0,76
Fail,2025-09-26 12:34:00,Mastercard,Karaj,452545.0,65
Success,2025-09-07 20:33:00,American Express,Mashhad,120000.0,65
Success,2025-09-25 12:34:00,Discover,Tehran,774681.0,10
Success,2025-09-04 10:48:00,American Express,Ahvaz,2020587.5,18
Fail,2025-09-13 06:06:00,Visa,Qom,99999.0,47
Success,2025-09-20 04:40:00,Mastercard,Mashhad,452545.0,66
Fail,2025-09-01 19:51:00,Visa,Shiraz,471227.0,49
Success,2025-09-08 00:00:00,American Express,Mashhad,200000.0,72
Success,2025-09-14 03:27:00,Mastercard,Shiraz,452545.0,22
Success,2025-09-16 13:13:00,Discover,Tehran,650000.0,87
Fail,2025-09-14 12:34:00,Mastercard,Shiraz,774681.0,26
Success,2025-09-12 23:17:00,American Express,Shiraz,200000.0,91
Fail,2025-09-19 22:27:00,Visa,Shiraz,914282.0,9
Success,2025-09-23 16:40:00,Visa,Mashhad,2020587.5,21
Success,2025-09-15 07:08:00,Mastercard,Tehran,900000.0,96
Fail,2025-09-28 14:55:00,Mastercard,Isfahan,250000.0,63
Success,2025-09-02 18:00:00,Discover,Karaj,452545.0,6
Success,2025-09-02 10:05:00,Visa,Isfahan,120000.0,14
Success,2025-09-23 19:19:00,Discover,Isfahan,900000.0,33
Success,2025-09-22 18:12:00,Visa,Ahvaz,555555.0,71
Success,2025-09-19 19:51:00,Discover,Tehran,471227.0,24
Success,2025-09-25 09:09:00,Mastercard,Karaj,63489.0,73
Fail,2025-09-26 06:06:00,Discover,Mashhad,1000.0,75
Fail,2025-09-30 23:59:00,Discover,Isfahan,412308.0,88
Success,2025-09-29 06:06:00,Visa,Isfahan,0.0,51
Success,2025-09-22 13:13:00,American Express,Tehran,452545.0,2
Success,2025-09-26 01:01:00,Mastercard,Isfahan,0.0,15
Fail,2025-09-26 11:11:00,American Express,Isfahan,177050.0,35
Success,2025-09-22 21:23:00,American Express,Isfahan,1387769.0,36
Fail,2025-09-17 20:33:00,Visa,Shiraz,1387769.0,93
Fail,2025-09-20 00:00:00,Mastercard,Mashhad,976246.0,39
Fail,2025-09-10 09:00:00,Visa,Ahvaz,452545.0,4
Success,2025-09-06 14:02:00,Mastercard,Shiraz,914282.0,64
Success,2025-09-15 01:01:00,Discover,Tehran,1502601.0,74
Fail,2025-09-22 17:17:00,Nan,Tabriz,452545.0,6
Success,2025-09-11 19:29:00,Visa,Tehran,1305967.0,57
Success,2025-09-28 13:10:00,Visa,Tehran,914465.0,30
Success,2025-09-05 18:45:00,Mastercard,Tehran,419089.0,100
Success,2025-09-01 23:17:00,American Express,Tehran,1578078.0,74
Success,2025-09-08 02:30:00,Visa,Qom,452545.0,97
Fail,2025-09-21 22:27:00,Mastercard,Tehran,976246.0,67
Success,2025-09-28 12:44:00,American Express,Karaj,1.0,91
Success,2025-09-12 09:00:00,Mastercard,Mashhad,177050.0,15
Fail,2025-09-12 04:15:00,Mastercard,Tabriz,1387769.0,17
Fail,2025-09-05 12:44:00,Mastercard,Tabriz,0.0,92
Success,2025-09-07 03:27:00,Visa,Karaj,200000.0,18
Success,2025-09-04 21:21:00,Visa,Ahvaz,452545.0,19
Fail,2025-09-06 08:08:00,Discover,Mashhad,0.0,76
Success,2025-09-13 05:23:00,Mastercard,Tehran,100.5,89
Success,2025-09-20 21:23:00,American Express,Tehran,123456.0,69
Success,2025-09-30 05:23:00,Mastercard,Karaj,452545.0,24
Success,2025-09-15 19:51:00,American Express,Tehran,100.5,92
Fail,2025-09-03 11:11:00,American Express,Tehran,976246.0,48
Success,2025-09-23 08:08:00,Discover,Qom,200000.0,30
Success,2025-09-08 08:08:00,Visa,Tabriz,0.0,15
Success,2025-09-20 04:04:00,Mastercard,Tabriz,452545.0,47
Fail,2025-09-16 14:30:00,American Express,Tehran,1883871.0,44
Fail,2025-09-13 02:37:00,Mastercard,Tehran,343679.0,99
Fail,2025-09-18 07:08:00,Mastercard,Karaj,1387769.0,27
Success,2025-09-28 05:56:00,Mastercard,Tehran,0.0,84
Fail,2025-09-10 19:51:00,American Express,Tehran,452545.0,64
Fail,2025-09-30 10:05:00,Visa,Karaj,452545.0,41
Success,2025-09-19 07:07:00,Mastercard,Tabriz,471227.0,97
Fail,2025-09-17 04:40:00,Discover,Tehran,1578078.0,68
Fail,2025-09-24 20:20:00,Visa,Qom,443463.0,5
Fail,2025-09-19 14:00:00,Visa,Tehran,1472823.0,53
Success,2025-09-28 18:12:00,Mastercard,Mashhad,914465.0,8
Fail,2025-09-26 07:08:00,Mastercard,Mashhad,555555.0,22
Success,2025-09-23 01:01:00,Mastercard,Tabriz,850000.0,7
Fail,2025-09-26 14:55:00,Nan,Isfahan,300000.0,22
Success,2025-09-05 14:11:00,Discover,Qom,471227.0,46
Fail,2025-09-26 08:59:00,American Express,Tehran,471227.0,30
Fail,2025-09-21 18:00:00,American Express,Qom,100.5,16
Fail,2025-09-30 12:12:00,Visa,Tehran,343679.0,79
Success,2025-09-23 17:07:00,Discover,Tehran,1502601.0,5
Success,2025-09-09 10:05:00,Master Card,Tehran,1000.0,67
Success,2025-09-12 23:59:00,Visa,Isfahan,1158713.0,23
Fail,2025-09-21 14:02:00,Mastercard,Tabriz,1782689.0,61
Success,2025-09-01 17:17:00,American Express,Ahvaz,1.0,74
Success,2025-09-26 01:51:00,Visa,Tehran,177050.0,5
Fail,2025-09-26 06:30:00,Visa,Ahvaz,419089.0,23
Fail,2025-09-01 07:08:00,Visa,Tehran,0.0,79
Success,2025-09-15 00:00:00,Visa,Isfahan,63489.0,82
Success,2025-09-02 02:37:00,American Express,Ahvaz,471227.0,25
Fail,2025-09-30 17:17:00,American Express,Tehran,585954.0,8
Fail,2025-09-22 10:05:00,Mastercard,Unknown,2020587.5,96
Fail,2025-09-16 23:17:00,Mastercard,Mashhad,452545.0,21
Fail,2025-09-25 11:11:00,Visa,Karaj,1463119.0,2
Fail,2025-09-08 21:10:00,Visa,Tehran,585954.0,22
Fail,2025-09-13 18:12:00,Visa,Tabriz,100.5,72
Success,2025-09-21 07:08:00,Visa,Isfahan,177050.0,88
Success,2025-09-01 17:07:00,Visa,Tehran,452545.0,97
Fail,2025-09-16 22:27:00,Visa,Tehran,583952.0,72
Fail,2025-09-29 12:12:00,Mastercard,Tabriz,50200.0,68
Success,2025-09-07 09:45:00,Visa,Tehran,452545.0,64
Fail,2025-09-05 12:12:00,Discover,Tabriz,205000.0,95
Fail,2025-09-22 02:20:00,American Express,Tabriz,200000.0,19
Fail,2025-09-29 05:56:00,Visa,Karaj,1463119.0,88
Fail,2025-09-23 19:51:00,Visa,Karaj,1305967.0,82
Success,2025-09-03 23:17:00,Visa,Mashhad,976246.0,53
Fail,2025-09-12 03:27:00,Mastercard,Tehran,123456.0,94
Fail,2025-09-26 06:06:00,Mastercard,Tabriz,900000.0,88
Fail,2025-09-16 02:24:00,Discover,Tehran,0.0,98
Fail,2025-09-19 16:40:00,Visa,Ahvaz,1387769.0,52
Fail,2025-09-05 23:59:00,Visa,Isfahan,1578078.0,47
Fail,2025-09-22 23:59:00,Nan,Ahvaz,0.0,82
Fail,2025-09-25 16:16:00,Visa,Tehran,412308.0,54
Fail,2025-09-29 03:27:00,Visa,Tehran,419089.0,44
Fail,2025-09-14 12:34:00,Discover,Tehran,452545.0,98
Fail,2025-09-28 06:30:00,Visa,Tehran,1463119.0,7
Success,2025-09-05 16:16:00,Mastercard,Tehran,452545.0,93
Success,2025-09-15 02:30:00,Mastercard,Isfahan,1463119.0,1
Success,2025-09-17 22:27:00,Mastercard,Tehran,650000.0,63
Success,2025-09-30 08:08:00,American Express,Tehran,452545.0,99
Fail,2025-09-14 04:15:00,Discover,Tehran,555555.0,39
Fail,2025-09-30 23:59:00,Visa,Mashhad,300000.0,19
Success,2025-09-20 02:30:00,Visa,Isfahan,123456.0,31
Success,2025-09-05 17:07:00,Visa,Qom,850000.0,77
Fail,2025-09-12 09:00:00,Visa,Tabriz,1427657.0,24
Fail,2025-09-16 05:56:00,Mastercard,Tabriz,412308.0,69
Fail,2025-09-26 01:01:00,American Express,Tehran,120000.0,88
Fail,2025-09-26 09:45:00,Visa,Mashhad,0.0,83
Fail,2025-09-16 19:29:00,American Express,Shiraz,12345.0,65
Fail,2025-09-21 14:11:00,Mastercard,Tehran,1578078.0,33
Success,2025-09-07 03:27:00,Visa,Karaj,343679.0,59
Fail,2025-09-04 19:19:00,Visa,Karaj,0.0,33
Fail,2025-09-01 14:30:00,Mastercard,Tabriz,200000.0,32
Fail,2025-09-30 19:19:00,Discover,Tehran,452545.0,59
Success,2025-09-30 08:08:00,Discover,Tehran,452545.0,93
Success,2025-09-05 12:12:00,Mastercard,Tehran,452545.0,41
Fail,2025-09-23 03:27:00,Mastercard,Tehran,123456.0,12
Success,2025-09-26 07:08:00,Discover,Qom,583952.0,73
Fail,2025-09-10 10:48:00,Mastercard,Shiraz,5000.0,11
Success,2025-09-22 19:19:00,Mastercard,Tabriz,2020587.5,98
Fail,2025-09-05 12:12:00,Discover,Unknown,914465.0,19
Fail,2025-09-04 03:27:00,Mastercard,Tabriz,850000.0,54
Success,2025-09-02 17:07:00,Mastercard,Tabriz,1782689.0,57
Success,2025-09-20 07:07:00,Visa,Mashhad,63489.0,42
Success,2025-09-10 02:24:00,Mastercard,Tabriz,419089.0,99
Fail,2025-09-26 08:59:00,American Express,Tehran,100.5,71
Fail,2025-09-19 18:00:00,Mastercard,Isfahan,100.5,31
Fail,2025-09-26 05:56:00,American Express,Isfahan,900000.0,52
Success,2025-09-01 05:56:00,American Express,Shiraz,900000.0,2
Success,2025-09-24 07:08:00,Visa,Tehran,0.0,83
Success,2025-09-05 16:16:00,Mastercard,Ahvaz,177050.0,38
Fail,2025-09-13 18:12:00,Mastercard,Ahvaz,63489.0,32
Success,2025-09-04 12:12:00,Visa,Mashhad,850000.0,10
Fail,2025-09-16 14:11:00,American Express,Tehran,0.0,8
Fail,2025-09-24 15:45:00,Mastercard,Qom,555555.0,91
Success,2025-09-16 09:45:00,Visa,Karaj,452545.0,95
Success,2025-09-23 21:10:00,Visa,Tehran,2020587.5,75
Fail,2025-09-02 12:44:00,Visa,Shiraz,1768588.0,20
Fail,2025-09-17 05:23:00,Discover,Isfahan,0.0,20
Success,2025-09-28 02:24:00,Visa,Tehran,1158713.0,9
Success,2025-09-27 02:24:00,American Express,Karaj,100.5,72
Fail,2025-09-20 18:00:00,Visa,Tehran,1768588.0,15
Fail,2025-09-24 14:55:00,Visa,Mashhad,452545.0,99
Fail,2025-09-12 10:48:00,Discover,Isfahan,976246.0,89
Fail,2025-09-18 10:48:00,Mastercard,Mashhad,585954.0,98
Success,2025-09-03 02:37:00,Mastercard,Karaj,200000.0,63
Success,2025-09-28 23:59:00,Visa,Tehran,471227.0,92
Success,2025-09-01 08:08:00,Visa,Tehran,976246.0,21
Success,2025-09-01 13:13:00,American Express,Tehran,1578078.0,5
Fail,2025-09-29 03:27:00,Visa,Qom,976246.0,35
Fail,2025-09-19 20:33:00,Discover,Tehran,583952.0,85
Success,2025-09-11 11:11:00,Visa,Shiraz,1782689.0,68
Success,2025-09-05 17:07:00,Mastercard,Tehran,177050.0,48
Fail,2025-09-12 11:11:00,Visa,Mashhad,1427657.0,80
Fail,2025-09-03 13:13:00,Mastercard,Tehran,583952.0,96
Success,2025-09-01 03:00:00,Visa,Qom,177050.0,91
Fail,2025-09-01 11:11:00,Discover,Tabriz,0.0,62
Fail,2025-09-08 02:37:00,Mastercard,Karaj,0.0,35
Fail,2025-09-10 23:17:00,Discover,Ahvaz,850000.0,70
Fail,2025-09-11 17:07:00,Nan,Unknown,774681.0,98
Success,2025-09-12 04:15:00,American Express,Tabriz,1883871.0,21
Fail,2025-09-29 20:20:00,Visa,Tehran,2020587.5,80
Fail,2025-09-13 16:16:00,Mastercard,Isfahan,452545.0,39
Success,2025-09-12 17:17:00,American Express,Tehran,0.0,34
Fail,2025-09-14 06:06:00,Mastercard,Tehran,0.0,15
Success,2025-09-02 02:37:00,Visa,Qom,1782689.0,6
Success,2025-09-29 19:51:00,American Express,Qom,2020587.5,66
Success,2025-09-19 06:30:00,Discover,Tehran,555555.0,89
Success,2025-09-18 01:01:00,Visa,Isfahan,0.0,56
Fail,2025-09-03 18:00:00,Mastercard,Mashhad,1782689.0,49
Fail,2025-09-23 07:08:00,Mastercard,Tabriz,12345.0,93
Fail,2025-09-17 14:11:00,Visa,Tehran,123456.0,1
Success,2025-09-26 13:13:00,Discover,Tehran,914465.0,65
Success,2025-09-08 06:30:00,Mastercard,Tabriz,100.5,28
Fail,2025-09-29 21:23:00,Mastercard,Tehran,1502601.0,20
Fail,2025-09-26 23:17:00,Discover,Tehran,177050.0,48
Success,2025-09-10 05:23:00,Visa,Tehran,452545.0,72
Success,2025-09-26 10:48:00,Discover,Tabriz,976246.0,65
Fail,2025-09-30 01:01:00,Mastercard,Karaj,555555.0,91
Fail,2025-09-02 18:00:00,Visa,Isfahan,900000.0,51
Fail,2025-09-19 19:29:00,Discover,Shiraz,452545.0,43
Success,2025-09-09 08:08:00,Mastercard,Tehran,900000.0,49
Fail,2025-09-07 07:32:00,Visa,Karaj,976246.0,25
Fail,2025-09-04 06:30:00,Nan,Tehran,0.0,74
Fail,2025-09-26 19:29:00,Mastercard,Karaj,177050.0,76
Fail,2025-09-21 00:00:00,Nan,Mashhad,452545.0,41
Success,2025-09-18 18:00:00,Visa,Isfahan,850000.0,71
Fail,2025-09-13 02:54:00,Visa,Shiraz,0.0,64
Success,2025-09-11 22:27:00,Master Card,Tehran,650000.0,61
Success,2025-09-29 09:45:00,Mastercard,Tehran,0.0,12
Fail,2025-09-24 14:02:00,Visa,Ahvaz,1387769.0,81
Success,2025-09-04 19:19:00,Mastercard,Tabriz,12345.0,69
Success,2025-09-25 13:10:00,Visa,Isfahan,452545.0,14
Fail,2025-09-21 14:30:00,Visa,Tehran,1578078.0,34
Success,2025-09-29 08:08:00,Mastercard,Qom,5000.0,48
Fail,2025-09-25 12:34:00,American Express,Tehran,976246.0,61
Success,2025-09-04 09:00:00,Mastercard,Mashhad,583952.0,81
Fail,2025-09-10 05:56:00,Mastercard,Ahvaz,585954.0,35
Fail,2025-09-05 09:09:00,American Express,Mashhad,177050.0,65
Fail,2025-09-09 14:55:00,Mastercard,Tehran,914282.0,59
Success,2025-09-24 05:56:00,Mastercard,Mashhad,205000.0,36
Success,2025-09-03 04:40:00,Visa,Tehran,1000.0,79
Success,2025-09-17 14:55:00,Discover,Shiraz,0.0,19
Fail,2025-09-03 02:30:00,American Express,Karaj,1502601.0,42
Success,2025-09-16 08:59:00,Visa,Ahvaz,452545.0,69
Fail,2025-09-04 10:48:00,Visa,Tehran,0.0,19
Fail,2025-09-18 14:02:00,Discover,Qom,205000.0,39
Success,2025-09-17 16:16:00,Visa,Isfahan,583952.0,69
Fail,2025-09-07 05:23:00,Mastercard,Tehran,1.0,52
Fail,2025-09-24 13:13:00,Discover,Tabriz,63489.0,12
Success,2025-09-23 11:11:00,Visa,Ahvaz,177050.0,83
Fail,2025-09-30 04:04:00,Mastercard,Tehran,1502601.0,47
Fail,2025-09-05 18:12:00,Visa,Tabriz,452545.0,76
Fail,2025-09-12 10:48:00,Visa,Tabriz,452545.0,36
Fail,2025-09-17 06:30:00,Discover,Tehran,774681.0,63
Fail,2025-09-23 14:30:00,Master Card,Mashhad,0.0,76
Fail,2025-09-13 00:00:00,Discover,Ahvaz,443463.0,82
Success,2025-09-23 18:00:00,Nan,Tehran,12345.0,51
Success,2025-09-25 00:00:00,Discover,Tehran,452545.0,43
Success,2025-09-03 02:37:00,Visa,Karaj,1305967.0,34
Success,2025-09-09 10:05:00,Visa,Qom,471227.0,98
Fail,2025-09-30 12:12:00,Visa,Karaj,583952.0,49
Fail,2025-09-17 03:00:00,Mastercard,Tabriz,63489.0,18
Success,2025-09-17 11:11:00,Visa,Ahvaz,1768588.0,61
Fail,2025-09-30 02:37:00,Master Card,Mashhad,850000.0,57
Success,2025-09-20 02:37:00,Mastercard,Shiraz,12345.0,94
Fail,2025-09-16 02:24:00,Visa,Tehran,452545.0,5
Success,2025-09-25 16:40:00,American Express,Tabriz,5000.0,90
Fail,2025-09-22 16:40:00,Visa,Ahvaz,1578078.0,24
Fail,2025-09-13 21:21:00,Visa,Tabriz,63489.0,94
Success,2025-09-27 21:10:00,Discover,Tehran,585954.0,64
Fail,2025-09-19 19:40:00,American Express,Qom,555555.0,59
Fail,2025-09-17 22:27:00,Mastercard,Qom,177050.0,38
Success,2025-09-04 18:45:00,American Express,Shiraz,1578078.0,33
Success,2025-09-12 13:13:00,Visa,Shiraz,900000.0,10
Success,2025-09-29 21:23:00,Mastercard,Mashhad,12345.0,37
Fail,2025-09-09 21:21:00,Mastercard,Mashhad,200000.0,98
Fail,2025-09-19 18:12:00,Visa,Tehran,50200.0,88
Fail,2025-09-12 14:11:00,Visa,Mashhad,471227.0,11
Fail,2025-09-09 02:24:00,Nan,Shiraz,976246.0,24
Fail,2025-09-07 18:12:00,Mastercard,Tabriz,250000.0,89
Success,2025-09-28 03:27:00,American Express,Tehran,205000.0,71
Success,2025-09-14 16:40:00,Mastercard,Tehran,471227.0,21
Success,2025-09-20 09:00:00,Mastercard,Qom,250000.0,20
Fail,2025-09-19 14:11:00,Mastercard,Isfahan,1305967.0,10
Fail,2025-09-26 05:23:00,Mastercard,Qom,914282.0,90
Success,2025-09-15 06:30:00,Visa,Isfahan,443463.0,47
Fail,2025-09-16 03:27:00,Mastercard,Karaj,1502601.0,47
Fail,2025-09-21 06:06:00,Discover,Tehran,1.0,15
Fail,2025-09-05 09:09:00,Nan,Isfahan,0.0,44
Fail,2025-09-03 17:07:00,Visa,Karaj,0.0,62
Fail,2025-09-12 02:37:00,Mastercard,Tabriz,452545.0,6
Success,2025-09-25 06:30:00,Master Card,Tehran,250000.0,66
Success,2025-09-20 02:30:00,Mastercard,Mashhad,471227.0,76
Success,2025-09-27 20:33:00,Mastercard,Tehran,583952.0,4
Fail,2025-09-21 00:00:00,American Express,Tehran,900000.0,23
Fail,2025-09-04 04:15:00,Discover,Tehran,1782689.0,13
Success,2025-09-21 01:01:00,Discover,Qom,452545.0,81
Fail,2025-09-23 23:17:00,Visa,Tabriz,1000.0,31
Fail,2025-09-16 19:29:00,Visa,Isfahan,120000.0,16
Fail,2025-09-25 14:30:00,Discover,Karaj,343679.0,41
Fail,2025-09-07 19:19:00,Mastercard,Tehran,452545.0,91
Success,2025-09-13 02:20:00,Discover,Karaj,1427657.0,93
Fail,2025-09-21 01:51:00,Mastercard,Mashhad,452545.0,1
Fail,2025-09-10 22:27:00,American Express,Tehran,650000.0,12
Success,2025-09-26 10:05:00,Visa,Tehran,452545.0,56
Fail,2025-09-07 18:12:00,Visa,Mashhad,12345.0,50
Fail,2025-09-14 08:08:00,Mastercard,Qom,412308.0,20
Success,2025-09-26 08:59:00,Visa,Karaj,452545.0,66
Fail,2025-09-05 17:07:00,Visa,Tabriz,100.5,36
Success,2025-09-03 09:45:00,American Express,Tabriz,914282.0,79
Success,2025-09-23 08:59:00,Visa,Tehran,205000.0,38
Fail,2025-09-29 09:09:00,Visa,Isfahan,1387769.0,22
Fail,2025-09-11 07:32:00,Mastercard,Tehran,0.0,61
Fail,2025-09-11 04:40:00,Mastercard,Karaj,2020587.5,50
Success,2025-09-18 13:13:00,Visa,Qom,452545.0,97
Success,2025-09-15 07:32:00,Visa,Tehran,774681.0,59
Success,2025-09-12 23:59:00,Visa,Tehran,1050805.0,20
Fail,2025-09-09 07:08:00,Mastercard,Tabriz,452545.0,36
Success,2025-09-10 19:51:00,Mastercard,Tehran,914465.0,98
Fail,2025-09-26 05:56:00,American Express,Tehran,0.0,15
Success,2025-09-12 19:40:00,Visa,Tabriz,333333.0,62
Success,2025-09-17 13:10:00,American Express,Karaj,0.0,3
Success,2025-09-29 21:21:00,Mastercard,Isfahan,471227.0,94
Success,2025-09-06 19:19:00,Mastercard,Shiraz,99999.0,92
Fail,2025-09-07 14:00:00,Visa,Isfahan,200000.0,5
Success,2025-09-14 17:17:00,Discover,Mashhad,585954.0,56
Fail,2025-09-13 07:08:00,Visa,Tabriz,1.0,31
Fail,2025-09-08 16:40:00,Mastercard,Tehran,99999.0,87
Fail,2025-09-10 11:11:00,Visa,Tehran,177050.0,35
Success,2025-09-09 08:08:00,Discover,Tabriz,0.0,71
Fail,2025-09-18 19:40:00,Mastercard,Tehran,300000.0,70
Fail,2025-09-27 16:16:00,Mastercard,Tehran,452545.0,26
Fail,2025-09-26 14:00:00,Visa,Karaj,0.0,1
Fail,2025-09-02 23:17:00,Visa,Tabriz,343679.0,83
Fail,2025-09-05 13:13:00,Discover,Isfahan,583952.0,7
Success,2025-09-29 14:30:00,Visa,Isfahan,850000.0,36
Success,2025-09-05 03:00:00,Mastercard,Isfahan,177050.0,76
Success,2025-09-06 11:11:00,Discover,Tehran,0.0,84
Success,2025-09-19 14:30:00,Mastercard,Mashhad,0.0,88
Success,2025-09-08 03:27:00,Visa,Tehran,452545.0,25
Success,2025-09-16 01:51:00,Visa,Ahvaz,545116.0,95
Fail,2025-09-13 19:29:00,Mastercard,Karaj,1158713.0,59
Success,2025-09-01 11:11:00,Master Card,Isfahan,1.0,61
Success,2025-09-22 12:12:00,Mastercard,Shiraz,585954.0,29
Fail,2025-09-20 14:00:00,Visa,Tabriz,1768588.0,96
Success,2025-09-17 02:20:00,Mastercard,Tabriz,333333.0,18
Fail,2025-09-07 17:07:00,Visa,Tabriz,452545.0,41
Fail,2025-09-25 06:30:00,Discover,Ahvaz,0.0,19
Fail,2025-09-13 16:40:00,Mastercard,Tabriz,1578078.0,4
Success,2025-09-04 02:24:00,Visa,Qom,1782689.0,65
Fail,2025-09-04 11:11:00,Discover,Tehran,1.0,41
Fail,2025-09-06 14:02:00,Visa,Tabriz,452545.0,15
Success,2025-09-28 13:13:00,Mastercard,Tabriz,412308.0,54
Success,2025-09-19 03:27:00,Visa,Shiraz,0.0,64
Fail,2025-09-29 12:34:00,Visa,Mashhad,443463.0,72
Fail,2025-09-12 19:29:00,Mastercard,Karaj,100.5,15
Fail,2025-09-22 23:59:00,Discover,Tabriz,177050.0,79
Success,2025-09-07 03:27:00,Mastercard,Tehran,545116.0,50
Success,2025-09-27 19:19:00,Mastercard,Karaj,1427657.0,22
Fail,2025-09-10 09:45:00,Visa,Tehran,205000.0,18
Success,2025-09-26 07:08:00,Visa,Tabriz,1.0,80
Fail,2025-09-19 13:10:00,Visa,Tabriz,452545.0,2
Fail,2025-09-07 14:55:00,Mastercard,Karaj,177050.0,36
Fail,2025-09-30 05:56:00,American Express,Shiraz,343679.0,20
Success,2025-09-03 14:11:00,Master Card,Tehran,177050.0,16
Success,2025-09-13 12:12:00,American Express,Qom,1.0,67
Success,2025-09-13 03:27:00,Visa,Karaj,419089.0,30
Success,2025-09-18 12:34:00,Mastercard,Isfahan,1387769.0,55
Fail,2025-09-28 03:27:00,Mastercard,Tabriz,100000.0,66
Success,2025-09-30 02:37:00,Mastercard,Karaj,63489.0,100
Success,2025-09-26 18:12:00,Visa,Shiraz,2020587.5,26
Success,2025-09-20 10:48:00,Mastercard,Tehran,452545.0,57
Fail,2025-09-28 02:54:00,Visa,Shiraz,300000.0,69
Success,2025-09-08 03:27:00,Mastercard,Mashhad,100000.0,2
Success,2025-09-29 03:27:00,American Express,Ahvaz,419089.0,56
Success,2025-09-09 11:11:00,Visa,Tehran,1427657.0,84
Success,2025-09-07 14:30:00,Mastercard,Tabriz,99999.0,62
Fail,2025-09-01 13:10:00,American Express,Qom,850000.0,34
Fail,2025-09-03 07:07:00,Discover,Mashhad,333333.0,99
Success,2025-09-13 10:05:00,Visa,Isfahan,0.0,56
Success,2025-09-28 02:37:00,American Express,Karaj,200000.0,55
Fail,2025-09-30 21:23:00,Discover,Qom,452545.0,20
Success,2025-09-25 07:07:00,Mastercard,Karaj,177050.0,50
Fail,2025-09-28 19:19:00,Visa,Tehran,0.0,25
Success,2025-09-17 09:00:00,Visa,Karaj,900000.0,84
Fail,2025-09-25 02:37:00,Master Card,Mashhad,250000.0,25
Fail,2025-09-24 21:10:00,Visa,Tehran,850000.0,53
Fail,2025-09-01 10:05:00,Visa,Tabriz,412308.0,14
Fail,2025-09-06 02:30:00,Mastercard,Tehran,2020587.5,60
Fail,2025-09-21 14:11:00,Visa,Mashhad,1.0,43
Fail,2025-09-06 08:59:00,Mastercard,Tabriz,343679.0,62
Fail,2025-09-26 17:07:00,Mastercard,Tehran,1768588.0,76
Success,2025-09-12 19:19:00,Visa,Tehran,100.5,69
Fail,2025-09-13 04:40:00,Discover,Karaj,412308.0,63
Fail,2025-09-13 18:45:00,Visa,Mashhad,0.0,2
Success,2025-09-29 01:01:00,Visa,Ahvaz,545116.0,54
Fail,2025-09-15 10:48:00,Visa,Tabriz,419089.0,16
Fail,2025-09-21 18:00:00,Visa,Qom,471227.0,55
Success,2025-09-16 13:10:00,Discover,Isfahan,300000.0,95
Success,2025-09-22 07:07:00,Mastercard,Tehran,976246.0,43
Success,2025-09-21 05:23:00,Visa,Tehran,443463.0,61
Success,2025-09-11 17:07:00,Mastercard,Qom,452545.0,38
Success,2025-09-28 07:07:00,Mastercard,Tehran,1472823.0,45
Fail,2025-09-05 01:01:00,Visa,Karaj,1305967.0,51
Fail,2025-09-04 02:30:00,American Express,Tehran,583952.0,42
Fail,2025-09-03 06:06:00,Visa,Tehran,0.0,24
Success,2025-09-19 07:32:00,Mastercard,Mashhad,650000.0,30
Success,2025-09-20 02:37:00,Discover,Karaj,63489.0,37
Success,2025-09-25 21:23:00,Mastercard,Tabriz,774681.0,53
Fail,2025-09-18 21:23:00,American Express,Tehran,443463.0,63
Success,2025-09-15 06:30:00,American Express,Tehran,0.0,11
Success,2025-09-09 15:45:00,Discover,Tehran,900000.0,78
Fail,2025-09-17 02:37:00,Discover,Tehran,250000.0,23
Success,2025-09-14 07:08:00,Mastercard,Tehran,452545.0,80
Success,2025-09-15 00:00:00,Visa,Tehran,1502601.0,50
Success,2025-09-01 01:51:00,Visa,Isfahan,100.5,85
Success,2025-09-21 19:19:00,American Express,Tehran,250000.0,55
Success,2025-09-22 18:12:00,Visa,Shiraz,419089.0,55
Fail,2025-09-22 03:27:00,Discover,Tabriz,452545.0,4
Fail,2025-09-03 09:45:00,American Express,Tehran,1050805.0,98
Success,2025-09-16 01:01:00,American Express,Ahvaz,914282.0,54
Success,2025-09-23 20:20:00,Visa,Shiraz,555555.0,61
Success,2025-09-25 04:15:00,American Express,Tabriz,2020587.5,78
Fail,2025-09-11 04:40:00,Visa,Karaj,1000.0,83
Fail,2025-09-12 16:40:00,Visa,Tabriz,452545.0,5
Success,2025-09-10 11:11:00,Visa,Tehran,914282.0,96
Fail,2025-09-16 15:45:00,American Express,Mashhad,343679.0,18
Success,2025-09-08 02:30:00,Mastercard,Mashhad,914282.0,44
Success,2025-09-06 17:07:00,Visa,Ahvaz,452545.0,31
Fail,2025-09-12 02:20:00,American Express,Tehran,1578078.0,95
Fail,2025-09-24 03:27:00,Visa,Isfahan,452545.0,21
Success,2025-09-28 18:45:00,Discover,Mashhad,1463119.0,47
Success,2025-09-21 19:40:00,Discover,Mashhad,0.0,30
Success,2025-09-08 03:27:00,Discover,Tabriz,450000.0,55
Fail,2025-09-26 07:07:00,Mastercard,Karaj,0.0,68
Success,2025-09-28 13:13:00,Discover,Mashhad,555555.0,69
Success,2025-09-04 04:04:00,American Express,Tehran,1768588.0,41
Fail,2025-09-26 01:51:00,Discover,Shiraz,177050.0,45
Fail,2025-09-08 09:45:00,American Express,Tabriz,850000.0,74
Fail,2025-09-26 23:17:00,Mastercard,Tehran,63489.0,92
Success,2025-09-28 20:20:00,Visa,Isfahan,0.0,80
Fail,2025-09-18 11:11:00,Mastercard,Isfahan,976246.0,30
Success,2025-09-28 21:23:00,American Express,Isfahan,123456.0,77
Fail,2025-09-28 02:30:00,American Express,Tehran,419089.0,85
Fail,2025-09-05 09:00:00,Discover,Tehran,0.0,45
Fail,2025-09-09 23:17:00,American Express,Tehran,412308.0,45
Fail,2025-09-04 07:08:00,Visa,Shiraz,343679.0,79
Fail,2025-09-27 02:30:00,Discover,Tehran,900000.0,84
Success,2025-09-22 21:10:00,Mastercard,Isfahan,452545.0,84
Success,2025-09-17 13:13:00,Visa,Tabriz,0.0,45
Success,2025-09-09 13:10:00,Mastercard,Isfahan,452545.0,55
Success,2025-09-01 11:11:00,American Express,Mashhad,1883871.0,59
Fail,2025-09-21 01:01:00,Mastercard,Qom,583952.0,5
Fail,2025-09-20 19:51:00,Visa,Qom,914465.0,32
Fail,2025-09-13 12:12:00,Visa,Shiraz,452545.0,6
Fail,2025-09-28 19:40:00,American Express,Karaj,471227.0,95
Success,2025-09-16 10:48:00,Discover,Tehran,123456.0,26
Fail,2025-09-29 09:00:00,Discover,Karaj,200000.0,37
Success,2025-09-13 06:30:00,American Express,Tehran,1782689.0,13
Fail,2025-09-14 04:04:00,Mastercard,Tehran,452545.0,94
Fail,2025-09-03 14:00:00,Mastercard,Tehran,585954.0,69
Fail,2025-09-29 07:08:00,American Express,Karaj,452545.0,25
Fail,2025-09-06 14:55:00,Discover,Mashhad,63489.0,13
Success,2025-09-18 19:19:00,Discover,Tabriz,0.0,89
Fail,2025-09-19 07:32:00,Discover,Ahvaz,471227.0,96
Success,2025-09-05 02:54:00,Mastercard,Tehran,120000.0,20
Fail,2025-09-15 16:16:00,Discover,Shiraz,100000.0,72
Success,2025-09-25 05:56:00,Visa,Shiraz,5000.0,60
Success,2025-09-02 15:45:00,Discover,Tehran,1.0,73
Success,2025-09-10 00:00:00,Mastercard,Isfahan,0.0,21
Success,2025-09-24 03:27:00,Mastercard,Karaj,914282.0,61
Fail,2025-09-30 02:30:00,Discover,Tehran,850000.0,84
Success,2025-09-18 21:21:00,Mastercard,Shiraz,774681.0,79
Fail,2025-09-27 14:55:00,Visa,Ahvaz,419089.0,26
Success,2025-09-13 21:23:00,Visa,Isfahan,1387769.0,54
Fail,2025-09-05 10:48:00,Visa,Tehran,452545.0,42
Success,2025-09-23 02:37:00,Visa,Karaj,914282.0,11
Fail,2025-09-24 10:05:00,Visa,Tehran,452545.0,37
Success,2025-09-01 17:17:00,American Express,Isfahan,1427657.0,11
Success,2025-09-22 07:07:00,American Express,Karaj,583952.0,27
Success,2025-09-01 07:08:00,American Express,Karaj,100000.0,95
Fail,2025-09-18 03:00:00,Mastercard,Tehran,471227.0,83
Fail,2025-09-15 06:30:00,Mastercard,Mashhad,0.0,34
Fail,2025-09-17 08:08:00,Visa,Mashhad,1387769.0,38
Fail,2025-09-11 17:17:00,American Express,Karaj,0.0,61
Fail,2025-09-21 21:23:00,American Express,Qom,99999.0,88
Fail,2025-09-26 17:17:00,Master Card,Qom,250000.0,53
Success,2025-09-25 00:00:00,Discover,Isfahan,12345.0,65
Fail,2025-09-22 07:08:00,Visa,Isfahan,100.5,3
Fail,2025-09-27 13:13:00,American Express,Mashhad,976246.0,67
Fail,2025-09-27 17:17:00,Mastercard,Isfahan,452545.0,28
Fail,2025-09-17 21:23:00,Discover,Isfahan,200000.0,14
Fail,2025-09-13 23:17:00,American Express,Unknown,1502601.0,52
Success,2025-09-01 04:40:00,Visa,Isfahan,1000.0,30
Success,2025-09-02 03:27:00,Visa,Tabriz,1000.0,58
Fail,2025-09-09 18:00:00,Visa,Isfahan,120000.0,54
Fail,2025-09-03 16:40:00,Visa,Qom,452545.0,69
Success,2025-09-01 23:59:00,Visa,Tehran,1578078.0,15
Fail,2025-09-21 12:12:00,Mastercard,Ahvaz,471227.0,38
Success,2025-09-16 07:07:00,Visa,Karaj,205000.0,78
Fail,2025-09-23 17:17:00,Mastercard,Tehran,1578078.0,14
Fail,2025-09-06 06:06:00,Mastercard,Tehran,583952.0,57
Success,2025-09-28 12:12:00,Discover,Tabriz,452545.0,59
Fail,2025-09-17 12:44:00,American Express,Mashhad,343679.0,8
Success,2025-09-05 13:13:00,Visa,Isfahan,1578078.0,72
Success,2025-09-05 20:33:00,Discover,Isfahan,1463119.0,19
Success,2025-09-06 14:02:00,Discover,Shiraz,120000.0,32
Success,2025-09-03 23:17:00,Visa,Isfahan,419089.0,96
Success,2025-09-21 01:01:00,American Express,Shiraz,5000.0,29
Fail,2025-09-23 14:11:00,Visa,Isfahan,177050.0,41
Success,2025-09-05 19:19:00,Mastercard,Tabriz,343679.0,75
Success,2025-09-21 03:27:00,American Express,Isfahan,914282.0,45
Fail,2025-09-05 07:08:00,Mastercard,Ahvaz,452545.0,13
Fail,2025-09-10 02:24:00,Nan,Qom,0.0,27
Success,2025-09-10 23:17:00,Master Card,Tehran,0.0,19
Fail,2025-09-19 05:23:00,American Express,Karaj,583952.0,26
Fail,2025-09-17 07:07:00,Mastercard,Mashhad,5000.0,53
Success,2025-09-21 21:10:00,Discover,Tabriz,343679.0,51
Success,2025-09-14 22:27:00,Mastercard,Shiraz,471227.0,37
Success,2025-09-09 23:59:00,Mastercard,Karaj,63489.0,9
Success,2025-09-14 08:59:00,Nan,Mashhad,99999.0,93
Fail,2025-09-01 16:16:00,Discover,Tabriz,63489.0,97
Fail,2025-09-19 21:10:00,Discover,Qom,0.0,52
Fail,2025-09-13 23:59:00,Discover,Tabriz,900000.0,54
Success,2025-09-13 08:08:00,Visa,Tehran,452545.0,3
Success,2025-09-04 02:54:00,Visa,Shiraz,650000.0,97
Success,2025-09-30 05:23:00,Mastercard,Tabriz,976246.0,69
Success,2025-09-01 23:59:00,Mastercard,Tabriz,452545.0,8
Success,2025-09-17 09:00:00,Visa,Karaj,1782689.0,14
Fail,2025-09-08 10:48:00,Mastercard,Karaj,452545.0,3
Fail,2025-09-02 00:00:00,Mastercard,Qom,1768588.0,24
Success,2025-09-28 03:27:00,Visa,Shiraz,100000.0,13
Success,2025-09-08 02:30:00,Mastercard,Qom,452545.0,43
Success,2025-09-07 10:48:00,Master Card,Isfahan,774681.0,29
Success,2025-09-26 03:27:00,Visa,Tehran,63489.0,72
Success,2025-09-26 05:23:00,Mastercard,Mashhad,585954.0,51
Fail,2025-09-02 16:16:00,Mastercard,Tehran,1.0,42
Fail,2025-09-22 14:00:00,Discover,Isfahan,250000.0,31
Fail,2025-09-22 23:59:00,Visa,Tehran,850000.0,63
Success,2025-09-03 20:20:00,Discover,Isfahan,914282.0,26
Fail,2025-09-27 12:44:00,Mastercard,Shiraz,452545.0,18
Success,2025-09-18 02:30:00,Visa,Tehran,0.0,82
Fail,2025-09-12 02:20:00,Discover,Tehran,452545.0,57
Success,2025-09-01 02:30:00,Visa,Shiraz,443463.0,7
Fail,2025-09-22 19:29:00,Mastercard,Tabriz,1050805.0,48
Success,2025-09-12 21:10:00,American Express,Tabriz,1768588.0,80
Success,2025-09-05 14:11:00,American Express,Mashhad,419089.0,60
Fail,2025-09-30 02:54:00,Discover,Tabriz,774681.0,33
Fail,2025-09-30 02:54:00,Visa,Tehran,0.0,3
Fail,2025-09-27 10:05:00,Visa,Tehran,452545.0,4
Success,2025-09-25 09:45:00,Discover,Isfahan,1000.0,4
Success,2025-09-17 20:33:00,American Express,Tehran,914282.0,42
Success,2025-09-16 20:33:00,Mastercard,Tehran,452545.0,9
Fail,2025-09-15 21:23:00,Discover,Tehran,412308.0,51
Fail,2025-09-23 07:07:00,Mastercard,Tabriz,177050.0,17
Success,2025-09-15 11:11:00,Mastercard,Mashhad,0.0,17
Success,2025-09-05 07:32:00,Mastercard,Tehran,1578078.0,98
Fail,2025-09-21 23:17:00,Visa,Tehran,200000.0,20
Success,2025-09-14 01:01:00,Mastercard,Karaj,1502601.0,14
Fail,2025-09-02 07:08:00,Visa,Tehran,452545.0,22
Success,2025-09-11 00:00:00,Visa,Tehran,177050.0,52
Success,2025-09-19 01:51:00,Visa,Qom,5000.0,27
Fail,2025-09-07 07:32:00,Visa,Tehran,1578078.0,43
Fail,2025-09-06 10:48:00,Visa,Isfahan,419089.0,3
Success,2025-09-28 04:15:00,Nan,Tabriz,177050.0,89
Success,2025-09-02 00:00:00,Visa,Tabriz,333333.0,95
Success,2025-09-06 17:07:00,Nan,Tehran,419089.0,8
Success,2025-09-18 02:20:00,American Express,Tehran,300000.0,87
Fail,2025-09-02 19:19:00,Visa,Mashhad,177050.0,90
Success,2025-09-18 19:40:00,American Express,Qom,452545.0,10
Fail,2025-09-30 12:12:00,Discover,Shiraz,1000.0,29
Success,2025-09-15 09:09:00,Discover,Ahvaz,177050.0,40
Success,2025-09-27 21:21:00,Mastercard,Shiraz,343679.0,65
Fail,2025-09-19 12:12:00,Mastercard,Ahvaz,976246.0,21
Fail,2025-09-02 00:00:00,American Express,Mashhad,452545.0,24
Fail,2025-09-20 19:29:00,Visa,Isfahan,585954.0,73
Success,2025-09-25 19:40:00,Discover,Karaj,419089.0,60
Success,2025-09-06 13:13:00,Nan,Tehran,1578078.0,26
Success,2025-09-01 14:11:00,Nan,Tehran,12345.0,9
Fail,2025-09-24 14:55:00,Visa,Qom,583952.0,20
Fail,2025-09-15 19:51:00,Visa,Karaj,471227.0,56
Fail,2025-09-28 03:00:00,Mastercard,Tehran,300000.0,100
Success,2025-09-30 02:24:00,American Express,Tehran,177050.0,36
Success,2025-09-23 06:30:00,Discover,Mashhad,583952.0,36
Fail,2025-09-10 19:51:00,Discover,Shiraz,585954.0,73
Success,2025-09-19 07:07:00,Mastercard,Tehran,1883871.0,22
Fail,2025-09-17 02:20:00,American Express,Tabriz,1463119.0,1
Fail,2025-09-05 02:37:00,Visa,Tehran,450000.0,69
Fail,2025-09-29 14:02:00,Mastercard,Tabriz,1578078.0,73
Fail,2025-09-04 11:11:00,Mastercard,Mashhad,1578078.0,37
Fail,2025-09-10 04:04:00,Discover,Karaj,123456.0,83
Fail,2025-09-24 19:19:00,Mastercard,Mashhad,850000.0,72
Success,2025-09-17 16:16:00,Visa,Tabriz,200000.0,97
Success,2025-09-10 05:56:00,Mastercard,Tehran,0.0,13
Success,2025-09-17 02:20:00,Visa,Shiraz,555555.0,84
Fail,2025-09-28 14:55:00,Visa,Isfahan,1782689.0,43
Fail,2025-09-20 02:37:00,Discover,Tehran,1427657.0,37
Fail,2025-09-24 09:00:00,Visa,Ahvaz,1158713.0,95
Fail,2025-09-05 18:45:00,American Express,Karaj,2020587.5,74
Fail,2025-09-02 18:12:00,Mastercard,Tehran,452545.0,96
Success,2025-09-06 13:13:00,Visa,Ahvaz,1578078.0,25
Fail,2025-09-21 04:15:00,Visa,Tehran,583952.0,94
Fail,2025-09-02 12:12:00,Visa,Qom,1305967.0,89
Fail,2025-09-13 21:23:00,Visa,Mashhad,452545.0,21
Fail,2025-09-30 08:59:00,Discover,Qom,452545.0,41
Fail,2025-09-11 06:06:00,Mastercard,Tehran,555555.0,73
Fail,2025-09-11 05:56:00,Visa,Mashhad,0.0,42
Fail,2025-09-16 06:30:00,Visa,Tehran,545116.0,42
Fail,2025-09-11 16:40:00,Mastercard,Tehran,100.5,2
Fail,2025-09-19 20:20:00,Discover,Shiraz,0.0,68
Fail,2025-09-15 14:30:00,Mastercard,Tehran,1782689.0,8
Fail,2025-09-25 07:32:00,Discover,Ahvaz,177050.0,97
Fail,2025-09-23 02:30:00,Visa,Mashhad,774681.0,61
Success,2025-09-23 23:59:00,American Express,Tehran,0.0,14
Success,2025-09-16 03:27:00,Mastercard,Tehran,452545.0,77
Fail,2025-09-11 12:12:00,Visa,Tehran,545116.0,21
Fail,2025-09-22 21:23:00,Visa,Tehran,0.0,24
Fail,2025-09-16 06:30:00,Visa,Isfahan,976246.0,50
Fail,2025-09-08 07:07:00,Mastercard,Karaj,900000.0,82
Success,2025-09-04 11:11:00,American Express,Karaj,100.5,45
Fail,2025-09-08 01:51:00,Mastercard,Qom,1782689.0,64
Success,2025-09-04 13:13:00,Visa,Tehran,452545.0,64
Success,2025-09-24 01:51:00,Mastercard,Tabriz,205000.0,26
Fail,2025-09-25 21:23:00,American Express,Mashhad,1050805.0,32
Fail,2025-09-03 00:00:00,Discover,Tehran,452545.0,57
Fail,2025-09-03 12:34:00,Visa,Qom,50200.0,53
Fail,2025-09-27 02:30:00,Mastercard,Tabriz,177050.0,33
Fail,2025-09-29 21:10:00,Discover,Tabriz,555555.0,52
Success,2025-09-18 21:21:00,Discover,Ahvaz,545116.0,96
Success,2025-09-29 03:00:00,Mastercard,Tehran,177050.0,18
Success,2025-09-26 07:08:00,Visa,Tehran,177050.0,35
Fail,2025-09-19 18:00:00,Visa,Tehran,1427657.0,12
Success,2025-09-19 10:05:00,Visa,Shiraz,2020587.5,51
Success,2025-09-21 21:23:00,Mastercard,Qom,177050.0,90
Fail,2025-09-05 00:00:00,Mastercard,Qom,585954.0,96
Fail,2025-09-18 16:40:00,Mastercard,Mashhad,1768588.0,10
Fail,2025-09-28 19:51:00,Discover,Tehran,200000.0,52
Fail,2025-09-10 06:30:00,Mastercard,Shiraz,452545.0,34
Fail,2025-09-29 14:11:00,Mastercard,Ahvaz,1050805.0,67
Fail,2025-09-22 19:51:00,Visa,Tehran,1463119.0,39
Success,2025-09-21 19:51:00,American Express,Tehran,250000.0,8
Success,2025-09-06 13:13:00,Visa,Tehran,250000.0,97
Fail,2025-09-01 05:56:00,Visa,Tehran,177050.0,29
Success,2025-09-05 23:17:00,Mastercard,Shiraz,774681.0,22
Success,2025-09-09 13:13:00,Master Card,Mashhad,452545.0,84
Success,2025-09-12 15:45:00,American Express,Ahvaz,200000.0,70
Success,2025-09-26 11:11:00,Mastercard,Tehran,200000.0,61
Fail,2025-09-14 14:55:00,Mastercard,Isfahan,419089.0,43
Fail,2025-09-02 12:34:00,Discover,Tehran,452545.0,49
Fail,2025-09-17 14:00:00,Mastercard,Tehran,343679.0,29
Success,2025-09-14 22:27:00,American Express,Tehran,1463119.0,81
Fail,2025-09-26 09:09:00,American Express,Karaj,452545.0,31
Success,2025-09-13 03:27:00,American Express,Karaj,452545.0,53
Success,2025-09-27 04:15:00,Mastercard,Tehran,1768588.0,34
Fail,2025-09-09 20:33:00,Mastercard,Karaj,914282.0,38
Success,2025-09-26 09:09:00,Visa,Tehran,123456.0,57
Success,2025-09-25 00:00:00,Mastercard,Tehran,1158713.0,4
Success,2025-09-15 17:17:00,Visa,Tehran,452545.0,2
Fail,2025-09-25 13:13:00,American Express,Qom,452545.0,12
Success,2025-09-22 05:56:00,Nan,Tehran,200000.0,35
Success,2025-09-15 09:00:00,Visa,Tabriz,1768588.0,70
Fail,2025-09-24 21:10:00,American Express,Tehran,452545.0,72
Fail,2025-09-30 01:01:00,Discover,Mashhad,0.0,21
Fail,2025-09-11 04:15:00,Discover,Tehran,300000.0,61
Fail,2025-09-16 16:40:00,American Express,Tehran,471227.0,35
Fail,2025-09-29 05:23:00,Mastercard,Isfahan,452545.0,48
Success,2025-09-17 11:11:00,Visa,Tabriz,585954.0,15
Success,2025-09-26 02:37:00,Mastercard,Mashhad,850000.0,71
Success,2025-09-04 03:27:00,Discover,Shiraz,2020587.5,15
Fail,2025-09-01 14:55:00,Mastercard,Shiraz,419089.0,6
Fail,2025-09-08 04:15:00,Mastercard,Tehran,99999.0,81
Success,2025-09-17 13:10:00,Discover,Tehran,452545.0,68
Success,2025-09-03 00:00:00,Mastercard,Tehran,774681.0,22
Fail,2025-09-29 06:30:00,Mastercard,Tehran,120000.0,32
Fail,2025-09-20 06:30:00,Discover,Tabriz,583952.0,22
Success,2025-09-15 01:01:00,Discover,Isfahan,0.0,27
Fail,2025-09-15 23:59:00,Discover,Mashhad,452545.0,15
Success,2025-09-24 08:59:00,Visa,Tehran,1768588.0,44
Success,2025-09-22 12:44:00,Mastercard,Tehran,100000.0,87
Fail,2025-09-14 21:23:00,Visa,Tehran,1502601.0,93
Success,2025-09-26 05:56:00,Visa,Karaj,177050.0,9
Success,2025-09-28 09:45:00,Visa,Tehran,250000.0,34
Fail,2025-09-23 06:30:00,American Express,Shiraz,1305967.0,73
Fail,2025-09-14 02:54:00,Visa,Tabriz,452545.0,15
Success,2025-09-24 19:29:00,Visa,Mashhad,250000.0,62
Success,2025-09-02 02:54:00,Mastercard,Tehran,976246.0,45
Success,2025-09-13 19:40:00,Visa,Mashhad,1578078.0,84
Success,2025-09-26 14:11:00,Visa,Isfahan,0.0,72
Fail,2025-09-14 03:27:00,Mastercard,Isfahan,1.0,58
Success,2025-09-27 00:00:00,Visa,Tehran,100.5,93
Fail,2025-09-24 12:34:00,Visa,Karaj,200000.0,19
Fail,2025-09-19 14:02:00,Mastercard,Karaj,471227.0,16
Fail,2025-09-07 00:00:00,Discover,Tabriz,452545.0,75
Fail,2025-09-03 05:56:00,Visa,Qom,5000.0,8
Fail,2025-09-15 19:29:00,Master Card,Isfahan,419089.0,33
Fail,2025-09-23 18:45:00,Mastercard,Tabriz,100.5,74
Fail,2025-09-14 21:21:00,Visa,Tehran,914465.0,18
Fail,2025-09-11 11:11:00,Discover,Isfahan,0.0,35
Success,2025-09-15 06:06:00,Discover,Tabriz,585954.0,43
Fail,2025-09-28 22:27:00,Visa,Tehran,452545.0,50
Success,2025-09-13 02:20:00,Visa,Tehran,100.5,3
Success,2025-09-18 15:45:00,Discover,Karaj,1463119.0,92
Fail,2025-09-26 13:13:00,Visa,Shiraz,900000.0,59
Fail,2025-09-06 21:10:00,American Express,Tehran,0.0,28
Success,2025-09-03 12:34:00,American Express,Karaj,450000.0,46
Success,2025-09-19 13:10:00,Mastercard,Karaj,1463119.0,64
Fail,2025-09-15 02:24:00,American Express,Tabriz,774681.0,70
Success,2025-09-25 14:55:00,Master Card,Mashhad,100.5,47
Fail,2025-09-23 04:40:00,American Express,Tehran,585954.0,14
Fail,2025-09-05 10:05:00,Visa,Tehran,555555.0,7
Fail,2025-09-28 12:44:00,Mastercard,Ahvaz,1427657.0,74
Success,2025-09-10 11:11:00,Visa,Tabriz,0.0,79
Success,2025-09-07 14:11:00,Discover,Tehran,1.0,31
Success,2025-09-25 21:10:00,American Express,Tabriz,583952.0,94
Success,2025-09-17 11:11:00,Visa,Tehran,452545.0,81
Fail,2025-09-07 16:16:00,Visa,Unknown,333333.0,51
Success,2025-09-22 12:12:00,Mastercard,Tehran,452545.0,29
Fail,2025-09-26 04:40:00,Discover,Mashhad,200000.0,15
Fail,2025-09-30 04:40:00,Discover,Karaj,1578078.0,91
Success,2025-09-12 14:02:00,Discover,Qom,0.0,76
Success,2025-09-25 23:59:00,Visa,Karaj,205000.0,25
Success,2025-09-17 12:34:00,Visa,Karaj,452545.0,61
Fail,2025-09-13 20:20:00,Visa,Tabriz,0.0,41
Fail,2025-09-20 07:07:00,Discover,Mashhad,450000.0,69
Fail,2025-09-25 16:40:00,Mastercard,Shiraz,343679.0,4
Fail,2025-09-04 16:40:00,Visa,Tehran,5000.0,57
Success,2025-09-10 09:00:00,Discover,Karaj,1782689.0,31
Success,2025-09-03 12:44:00,Visa,Tehran,914282.0,3
Success,2025-09-09 18:00:00,Visa,Karaj,471227.0,67
Success,2025-09-13 08:59:00,Mastercard,Qom,1050805.0,91
Success,2025-09-18 12:12:00,Visa,Tehran,1768588.0,50
Fail,2025-09-15 14:55:00,Discover,Isfahan,1883871.0,17
Fail,2025-09-04 17:07:00,Visa,Isfahan,5000.0,60
Success,2025-09-15 23:59:00,Discover,Ahvaz,471227.0,74
Success,2025-09-22 17:17:00,Visa,Tehran,0.0,66
Success,2025-09-02 22:27:00,Mastercard,Tabriz,0.0,89
Fail,2025-09-15 06:06:00,Mastercard,Shiraz,0.0,75
Fail,2025-09-08 19:29:00,Mastercard,Isfahan,1.0,24
Fail,2025-09-08 12:12:00,American Express,Tehran,63489.0,100
Success,2025-09-17 02:30:00,American Express,Tehran,177050.0,88
Success,2025-09-12 14:02:00,Mastercard,Mashhad,1883871.0,32
Fail,2025-09-19 16:40:00,Mastercard,Qom,2020587.5,88
Fail,2025-09-10 02:20:00,Mastercard,Karaj,1578078.0,99
Fail,2025-09-09 14:55:00,American Express,Mashhad,300000.0,19
Fail,2025-09-05 14:11:00,Mastercard,Tehran,100000.0,66
Success,2025-09-06 23:59:00,Discover,Karaj,545116.0,60
Fail,2025-09-20 12:12:00,Discover,Karaj,100.5,66
Success,2025-09-26 19:51:00,Discover,Tabriz,452545.0,15
Fail,2025-09-02 13:10:00,American Express,Karaj,914465.0,85
Fail,2025-09-27 17:17:00,Discover,Shiraz,100.5,35
Fail,2025-09-24 02:30:00,Mastercard,Tabriz,120000.0,69
Success,2025-09-27 04:15:00,Mastercard,Shiraz,1387769.0,27
Success,2025-09-13 00:00:00,Visa,Tabriz,0.0,89
Fail,2025-09-06 02:20:00,Visa,Tabriz,343679.0,7
Fail,2025-09-05 13:13:00,American Express,Karaj,1427657.0,6
Fail,2025-09-25 15:45:00,American Express,Tehran,1305967.0,33
Fail,2025-09-01 02:37:00,Discover,Tabriz,300000.0,58
Fail,2025-09-21 12:34:00,Mastercard,Tehran,100.5,49
Success,2025-09-22 18:00:00,Visa,Tabriz,200000.0,17
Success,2025-09-21 07:08:00,Discover,Tehran,583952.0,42
Success,2025-09-06 20:20:00,Mastercard,Tehran,343679.0,95
Success,2025-09-06 01:51:00,Mastercard,Tabriz,450000.0,72
Fail,2025-09-23 16:40:00,American Express,Isfahan,1000.0,40
Success,2025-09-16 14:55:00,Visa,Tehran,914282.0,46
Success,2025-09-04 21:23:00,American Express,Tabriz,452545.0,71
Success,2025-09-30 10:48:00,Mastercard,Isfahan,343679.0,70
Success,2025-09-11 02:24:00,Visa,Karaj,850000.0,68
Fail,2025-09-30 00:00:00,Discover,Tabriz,50200.0,1
Fail,2025-09-30 03:27:00,Visa,Karaj,100.5,79
Success,2025-09-30 00:00:00,Discover,Isfahan,914465.0,96
Fail,2025-09-24 07:08:00,American Express,Tehran,343679.0,90
Fail,2025-09-23 02:30:00,Visa,Karaj,774681.0,98
Fail,2025-09-09 09:00:00,Mastercard,Tehran,0.0,52
Success,2025-09-23 04:04:00,Mastercard,Tabriz,1472823.0,35
Success,2025-09-03 22:27:00,Mastercard,Isfahan,471227.0,69
Success,2025-09-19 18:12:00,Discover,Mashhad,1883871.0,5
Success,2025-09-08 17:07:00,Discover,Karaj,0.0,17
Fail,2025-09-05 17:07:00,Visa,Mashhad,419089.0,53
Fail,2025-09-04 02:30:00,Discover,Qom,1578078.0,52
Success,2025-09-24 01:01:00,Mastercard,Qom,0.0,14
Fail,2025-09-06 17:17:00,Master Card,Isfahan,583952.0,29
Fail,2025-09-02 19:40:00,Discover,Tehran,585954.0,8
Success,2025-09-20 00:00:00,American Express,Tehran,300000.0,99
Success,2025-09-28 13:13:00,Mastercard,Qom,545116.0,1
Fail,2025-09-11 14:00:00,Visa,Tehran,443463.0,29
Success,2025-09-04 08:08:00,Mastercard,Mashhad,1578078.0,36
Success,2025-09-15 16:40:00,Visa,Tehran,2020587.5,51
Success,2025-09-06 05:56:00,Mastercard,Mashhad,0.0,37
Fail,2025-09-22 22:27:00,Mastercard,Tehran,850000.0,94
Fail,2025-09-17 23:59:00,Discover,Karaj,333333.0,69
Success,2025-09-30 04:40:00,American Express,Tehran,583952.0,53
Fail,2025-09-24 19:51:00,Visa,Tehran,452545.0,97
Fail,2025-09-06 02:30:00,Mastercard,Tehran,0.0,52
Fail,2025-09-19 19:29:00,Visa,Shiraz,900000.0,89
Fail,2025-09-30 01:51:00,Visa,Tehran,1427657.0,83
Success,2025-09-25 18:00:00,Discover,Tabriz,333333.0,12
Success,2025-09-02 10:48:00,Discover,Tehran,976246.0,52
Success,2025-09-15 07:07:00,Mastercard,Isfahan,471227.0,1
Fail,2025-09-11 19:40:00,Visa,Tehran,914465.0,7
Fail,2025-09-08 10:48:00,Nan,Tehran,2020587.5,17
Fail,2025-09-26 14:55:00,Discover,Tehran,1578078.0,99
Fail,2025-09-19 11:11:00,Visa,Karaj,850000.0,43
Success,2025-09-13 19:40:00,Nan,Tehran,914282.0,71
Success,2025-09-12 13:13:00,Discover,Tabriz,1768588.0,17
Success,2025-09-05 14:55:00,Visa,Tehran,1768588.0,59
Fail,2025-09-06 17:07:00,Discover,Tehran,120000.0,3
Success,2025-09-26 01:51:00,Discover,Shiraz,63489.0,29
Success,2025-09-22 00:00:00,Visa,Mashhad,1883871.0,22
Success,2025-09-04 19:19:00,Mastercard,Ahvaz,545116.0,38
Fail,2025-09-19 03:27:00,Visa,Tabriz,0.0,54
Success,2025-09-20 17:07:00,Mastercard,Tehran,976246.0,94
Fail,2025-09-01 14:11:00,Visa,Tehran,585954.0,50
Fail,2025-09-20 14:02:00,Discover,Tehran,1158713.0,69
Success,2025-09-17 02:37:00,American Express,Karaj,914282.0,30
Success,2025-09-12 02:20:00,American Express,Tehran,100.5,23
Fail,2025-09-15 11:11:00,American Express,Ahvaz,100.5,85
Success,2025-09-01 14:11:00,Visa,Mashhad,12345.0,91
Success,2025-09-26 08:08:00,Mastercard,Tabriz,205000.0,47
Success,2025-09-14 07:08:00,Nan,Tehran,976246.0,21
Fail,2025-09-06 13:13:00,Mastercard,Mashhad,585954.0,20
Fail,2025-09-05 06:06:00,Mastercard,Mashhad,250000.0,23
Fail,2025-09-30 16:40:00,Nan,Isfahan,419089.0,68
Fail,2025-09-11 19:51:00,American Express,Qom,2020587.5,21
Fail,2025-09-04 10:48:00,Mastercard,Karaj,99999.0,21
Success,2025-09-13 18:00:00,Mastercard,Karaj,555555.0,1
Success,2025-09-11 13:13:00,Discover,Tabriz,419089.0,15
Fail,2025-09-03 13:13:00,American Express,Qom,0.0,17
Success,2025-09-01 10:05:00,Visa,Tehran,250000.0,51
Success,2025-09-06 18:12:00,Discover,Tehran,200000.0,63
Fail,2025-09-18 20:33:00,Mastercard,Ahvaz,1578078.0,14
Success,2025-09-24 13:13:00,American Express,Karaj,0.0,59
Success,2025-09-10 00:00:00,Mastercard,Ahvaz,914465.0,83
Success,2025-09-05 00:00:00,American Express,Tehran,1578078.0,50
Fail,2025-09-23 14:11:00,Mastercard,Tehran,0.0,34
Success,2025-09-10 04:04:00,Visa,Tehran,1387769.0,6
Fail,2025-09-12 04:40:00,Mastercard,Tehran,1427657.0,49
Success,2025-09-02 06:06:00,Mastercard,Isfahan,12345.0,6
Fail,2025-09-13 12:12:00,Mastercard,Tehran,1000.0,69
Success,2025-09-08 11:11:00,American Express,Tabriz,0.0,7
Fail,2025-09-02 07:08:00,Visa,Tehran,100.5,98
Success,2025-09-20 02:37:00,Visa,Mashhad,471227.0,77
Fail,2025-09-01 19:19:00,Mastercard,Tehran,545116.0,51
Fail,2025-09-05 11:11:00,Visa,Tabriz,452545.0,1
Success,2025-09-09 02:54:00,Visa,Shiraz,250000.0,13
Fail,2025-09-17 17:07:00,American Express,Tehran,343679.0,43
Fail,2025-09-09 06:06:00,Nan,Shiraz,1578078.0,27
Fail,2025-09-11 19:51:00,Mastercard,Isfahan,452545.0,71
Fail,2025-09-15 18:45:00,Visa,Unknown,1782689.0,3
Fail,2025-09-24 09:45:00,Visa,Tehran,452545.0,58
Success,2025-09-06 11:11:00,American Express,Mashhad,100.5,90
Fail,2025-09-23 08:59:00,Mastercard,Ahvaz,555555.0,98
Success,2025-09-03 23:59:00,Visa,Tehran,850000.0,17
Fail,2025-09-30 12:12:00,Visa,Karaj,555555.0,45
Success,2025-09-17 12:12:00,American Express,Tabriz,0.0,78
Success,2025-09-05 12:34:00,Visa,Tehran,0.0,58
Fail,2025-09-30 18:45:00,Mastercard,Tabriz,1387769.0,56
Success,2025-09-28 07:32:00,Visa,Tehran,452545.0,54
Fail,2025-09-12 04:15:00,Visa,Tehran,333333.0,88
Fail,2025-09-18 12:34:00,Visa,Tabriz,2020587.5,89
Success,2025-09-14 14:11:00,Visa,Tehran,1463119.0,29
Success,2025-09-21 04:40:00,American Express,Isfahan,452545.0,54
Success,2025-09-24 20:20:00,Visa,Qom,1782689.0,27
Success,2025-09-11 02:37:00,Discover,Tehran,205000.0,45
Success,2025-09-09 05:56:00,Discover,Tehran,333333.0,88
Success,2025-09-02 11:11:00,Visa,Ahvaz,450000.0,31
Fail,2025-09-12 14:30:00,Mastercard,Qom,1578078.0,36
Success,2025-09-03 14:00:00,American Express,Tehran,1.0,81
Success,2025-09-03 02:37:00,Visa,Tehran,0.0,61
Success,2025-09-01 12:12:00,Mastercard,Qom,0.0,37
Success,2025-09-08 21:23:00,Mastercard,Qom,1158713.0,67
Fail,2025-09-22 07:08:00,Mastercard,Karaj,200000.0,36
Success,2025-09-28 08:08:00,Mastercard,Tabriz,0.0,5
Fail,2025-09-29 11:11:00,Visa,Tehran,343679.0,46
Success,2025-09-08 02:20:00,Mastercard,Isfahan,177050.0,79
Success,2025-09-11 03:00:00,American Express,Tehran,0.0,52
Fail,2025-09-09 02:30:00,Mastercard,Ahvaz,850000.0,49
Success,2025-09-05 00:00:00,Mastercard,Tehran,452545.0,6
Fail,2025-09-14 02:30:00,Discover,Tehran,2020587.5,10
Success,2025-09-28 14:30:00,Visa,Mashhad,555555.0,97
Fail,2025-09-30 05:56:00,Visa,Isfahan,774681.0,23
Success,2025-09-03 04:15:00,Visa,Isfahan,1158713.0,17
Fail,2025-09-21 03:00:00,Nan,Qom,100.5,84
Fail,2025-09-05 05:56:00,Visa,Mashhad,1578078.0,44
Fail,2025-09-05 08:59:00,Nan,Shiraz,914282.0,41
Success,2025-09-19 23:59:00,American Express,Qom,914465.0,15
Success,2025-09-27 03:00:00,Visa,Tehran,452545.0,44
Success,2025-09-14 08:08:00,Mastercard,Tabriz,0.0,58
Fail,2025-09-26 19:29:00,Visa,Karaj,343679.0,87
Success,2025-09-30 14:30:00,Visa,Shiraz,914282.0,50
Success,2025-09-04 01:01:00,Discover,Mashhad,471227.0,52
Fail,2025-09-25 07:07:00,Visa,Tehran,1158713.0,70
Success,2025-09-13 21:23:00,Master Card,Tehran,545116.0,68
Fail,2025-09-10 10:48:00,Mastercard,Tabriz,1768588.0,63
Fail,2025-09-25 02:54:00,Mastercard,Tehran,471227.0,58
Fail,2025-09-18 07:07:00,Mastercard,Mashhad,250000.0,23
Fail,2025-09-08 01:51:00,Mastercard,Karaj,1050805.0,44
Fail,2025-09-08 10:05:00,American Express,Tabriz,900000.0,83
Fail,2025-09-07 18:12:00,American Express,Karaj,583952.0,96
Fail,2025-09-08 23:59:00,Mastercard,Karaj,419089.0,44
Success,2025-09-14 03:27:00,Mastercard,Tehran,555555.0,52
Fail,2025-09-19 19:51:00,Visa,Shiraz,850000.0,67
Fail,2025-09-29 06:30:00,Visa,Tehran,419089.0,28
Success,2025-09-06 20:20:00,Visa,Shiraz,976246.0,67
Fail,2025-09-01 07:07:00,Discover,Tehran,774681.0,78
Success,2025-09-23 02:24:00,Mastercard,Isfahan,850000.0,18
Success,2025-09-15 04:40:00,American Express,Qom,774681.0,27
Success,2025-09-01 12:34:00,Master Card,Tehran,1050805.0,51
Fail,2025-09-25 13:10:00,Discover,Tehran,343679.0,60
Success,2025-09-17 07:07:00,Mastercard,Tabriz,0.0,74
Fail,2025-09-01 07:07:00,Mastercard,Mashhad,123456.0,49
Success,2025-09-15 23:59:00,Visa,Tehran,99999.0,15
Fail,2025-09-23 07:32:00,American Express,Tehran,200000.0,83
Success,2025-09-02 01:01:00,Visa,Isfahan,450000.0,73
Fail,2025-09-14 03:00:00,Visa,Mashhad,452545.0,68
Fail,2025-09-21 02:37:00,Mastercard,Tabriz,1050805.0,15
Success,2025-09-08 10:48:00,Visa,Shiraz,100.5,51
Success,2025-09-08 18:00:00,Discover,Tabriz,452545.0,48
Success,2025-09-19 11:11:00,American Express,Ahvaz,850000.0,72
Fail,2025-09-07 01:01:00,Visa,Mashhad,177050.0,1
Fail,2025-09-19 00:00:00,Mastercard,Tehran,1472823.0,7
Success,2025-09-06 18:12:00,Mastercard,Shiraz,0.0,53
Fail,2025-09-06 20:33:00,Nan,Qom,205000.0,31
Success,2025-09-03 09:00:00,Discover,Isfahan,412308.0,18
Success,2025-09-07 07:08:00,Mastercard,Tehran,1502601.0,12
Fail,2025-09-19 22:27:00,Mastercard,Tehran,555555.0,48
Success,2025-09-08 23:17:00,Mastercard,Isfahan,914465.0,30
Fail,2025-09-10 19:51:00,Visa,Tehran,419089.0,98
Success,2025-09-20 19:19:00,Mastercard,Qom,63489.0,7
Fail,2025-09-15 13:10:00,Visa,Karaj,1000.0,93
Fail,2025-09-15 16:16:00,Mastercard,Tehran,200000.0,3
Fail,2025-09-29 13:13:00,Mastercard,Shiraz,2020587.5,63
Success,2025-09-01 14:00:00,Mastercard,Karaj,200000.0,6
Fail,2025-09-20 14:30:00,Mastercard,Shiraz,1782689.0,96
Success,2025-09-30 14:55:00,Visa,Tehran,914282.0,15
Success,2025-09-07 21:21:00,Discover,Tabriz,63489.0,71
Fail,2025-09-27 04:15:00,Discover,Tabriz,2020587.5,43
Success,2025-09-04 14:02:00,Mastercard,Tehran,63489.0,95
Success,2025-09-29 13:10:00,Visa,Mashhad,1782689.0,92
Fail,2025-09-06 02:37:00,Visa,Tehran,200000.0,81
Success,2025-09-25 03:27:00,Master Card,Tabriz,1305967.0,18
Success,2025-09-01 11:11:00,Visa,Mashhad,333333.0,22
Fail,2025-09-29 20:20:00,Mastercard,Tehran,583952.0,61
Success,2025-09-05 05:56:00,Visa,Tehran,2020587.5,61
Fail,2025-09-27 12:12:00,Mastercard,Karaj,1050805.0,53
Fail,2025-09-23 05:23:00,Mastercard,Isfahan,585954.0,26
Success,2025-09-01 02:37:00,Discover,Tehran,99999.0,92
Fail,2025-09-30 20:20:00,Mastercard,Tehran,452545.0,40
Success,2025-09-04 08:08:00,Visa,Tehran,177050.0,89
Success,2025-09-22 21:23:00,Discover,Shiraz,200000.0,8
Fail,2025-09-02 22:27:00,Discover,Tehran,585954.0,21
Fail,2025-09-10 14:30:00,Discover,Tehran,1578078.0,94
Success,2025-09-05 09:09:00,Mastercard,Tehran,452545.0,43
Fail,2025-09-27 12:12:00,Mastercard,Tehran,1387769.0,21
Success,2025-09-10 21:21:00,Discover,Tabriz,0.0,3
Success,2025-09-01 11:11:00,Discover,Mashhad,452545.0,31
Success,2025-09-22 22:27:00,Visa,Tehran,583952.0,27
Success,2025-09-06 00:00:00,Discover,Tehran,471227.0,27
Fail,2025-09-13 20:20:00,Mastercard,Tabriz,452545.0,73
Fail,2025-09-15 13:10:00,Discover,Tehran,471227.0,57
Success,2025-09-04 14:55:00,Mastercard,Unknown,0.0,98
Success,2025-09-13 21:23:00,Mastercard,Tabriz,452545.0,33
Fail,2025-09-24 05:56:00,Discover,Tehran,200000.0,91
Fail,2025-09-20 19:40:00,Nan,Mashhad,177050.0,93
Success,2025-09-24 19:19:00,Discover,Shiraz,774681.0,44
Fail,2025-09-15 14:11:00,Mastercard,Tabriz,914282.0,43
Fail,2025-09-29 11:11:00,Discover,Mashhad,177050.0,31
Fail,2025-09-08 07:08:00,Discover,Tabriz,1305967.0,65
Success,2025-09-05 07:32:00,Visa,Tehran,452545.0,84
Fail,2025-09-29 03:27:00,Discover,Tehran,0.0,76
Fail,2025-09-15 01:51:00,Mastercard,Tabriz,452545.0,17
Fail,2025-09-04 14:30:00,Mastercard,Tehran,412308.0,15
Success,2025-09-12 03:27:00,Mastercard,Mashhad,343679.0,34
Success,2025-09-13 11:11:00,Mastercard,Qom,419089.0,80
Success,2025-09-02 14:02:00,Mastercard,Shiraz,1387769.0,4
Fail,2025-09-27 14:30:00,Discover,Tehran,343679.0,72
Success,2025-09-19 19:19:00,Visa,Tehran,452545.0,99
Fail,2025-09-19 23:59:00,Discover,Tehran,1782689.0,90
Fail,2025-09-04 01:51:00,Mastercard,Tabriz,452545.0,79
Fail,2025-09-04 06:06:00,Visa,Isfahan,100000.0,28
Fail,2025-09-26 10:05:00,Visa,Karaj,1387769.0,73
Fail,2025-09-11 04:04:00,Discover,Tabriz,200000.0,2
Fail,2025-09-27 05:23:00,Discover,Karaj,0.0,17
Fail,2025-09-05 01:51:00,Discover,Mashhad,1463119.0,58
Fail,2025-09-20 03:27:00,Visa,Tehran,0.0,74
Success,2025-09-11 04:04:00,Visa,Tabriz,200000.0,9
Fail,2025-09-30 05:56:00,Discover,Tabriz,250000.0,31
Fail,2025-09-10 20:20:00,Visa,Karaj,585954.0,66
Fail,2025-09-08 23:59:00,Discover,Tabriz,0.0,89
Fail,2025-09-06 02:30:00,Visa,Isfahan,452545.0,62
Success,2025-09-06 00:00:00,Mastercard,Ahvaz,177050.0,19
Success,2025-09-08 10:05:00,Discover,Shiraz,1578078.0,81
Success,2025-09-23 13:13:00,Discover,Isfahan,650000.0,74
Success,2025-09-15 23:59:00,Visa,Tabriz,123456.0,55
Fail,2025-09-26 07:32:00,Visa,Ahvaz,1782689.0,28
Success,2025-09-14 10:05:00,Discover,Tehran,583952.0,93
Success,2025-09-11 12:12:00,Visa,Tehran,177050.0,50
Success,2025-09-12 10:05:00,Visa,Tehran,583952.0,65
Fail,2025-09-26 06:30:00,Visa,Ahvaz,1782689.0,3
Success,2025-09-13 03:00:00,American Express,Isfahan,177050.0,79
Success,2025-09-08 14:11:00,Discover,Tehran,0.0,52
Success,2025-09-30 19:19:00,Visa,Isfahan,900000.0,10
Success,2025-09-18 20:20:00,Mastercard,Tabriz,452545.0,21
Fail,2025-09-25 13:10:00,Visa,Tehran,1578078.0,37
Fail,2025-09-01 09:09:00,Mastercard,Tabriz,1472823.0,15
Success,2025-09-15 17:17:00,American Express,Tehran,2020587.5,88
Fail,2025-09-08 13:13:00,American Express,Tehran,443463.0,78
Fail,2025-09-28 10:48:00,Visa,Tehran,1387769.0,79
Fail,2025-09-11 18:12:00,Visa,Tehran,452545.0,74
Fail,2025-09-12 19:40:00,Visa,Shiraz,0.0,9
Success,2025-09-12 18:12:00,Discover,Tehran,452545.0,44
Fail,2025-09-04 19:51:00,Visa,Tehran,1387769.0,39
Success,2025-09-16 23:59:00,Mastercard,Tehran,1472823.0,5
Success,2025-09-04 04:04:00,Visa,Karaj,2020587.5,25
Success,2025-09-05 05:23:00,Mastercard,Tehran,914282.0,56
Fail,2025-09-24 03:27:00,Visa,Isfahan,343679.0,91
Success,2025-09-05 08:08:00,Visa,Karaj,1768588.0,64
Success,2025-09-08 16:40:00,Discover,Isfahan,1472823.0,72
Success,2025-09-10 16:40:00,Visa,Tabriz,774681.0,87
Success,2025-09-17 02:54:00,Mastercard,Tehran,1782689.0,52
Success,2025-09-28 02:24:00,Visa,Tehran,1782689.0,90
Fail,2025-09-26 18:12:00,Discover,Tehran,976246.0,76
Fail,2025-09-09 19:51:00,Mastercard,Tehran,343679.0,9
Fail,2025-09-22 03:00:00,Mastercard,Tehran,177050.0,10
Success,2025-09-19 06:30:00,Mastercard,Karaj,1463119.0,10
Fail,2025-09-29 22:27:00,Visa,Ahvaz,343679.0,73
Fail,2025-09-14 04:04:00,Visa,Qom,452545.0,62
Success,2025-09-08 11:11:00,Visa,Karaj,452545.0,91
Fail,2025-09-09 19:29:00,Discover,Shiraz,850000.0,100
Success,2025-09-22 04:15:00,Discover,Mashhad,50200.0,92
Success,2025-09-11 04:15:00,American Express,Isfahan,452545.0,60
Fail,2025-09-23 04:40:00,Mastercard,Tehran,50200.0,96
Fail,2025-09-01 14:55:00,American Express,Tehran,2020587.5,19
Fail,2025-09-14 06:06:00,American Express,Shiraz,205000.0,38
Fail,2025-09-05 20:33:00,Visa,Tehran,1768588.0,6
Fail,2025-09-21 21:10:00,Discover,Mashhad,452545.0,15
Fail,2025-09-26 06:06:00,Visa,Mashhad,177050.0,94
Success,2025-09-14 05:23:00,Mastercard,Ahvaz,650000.0,47
Fail,2025-09-04 12:12:00,Visa,Shiraz,5000.0,45
Success,2025-09-22 21:10:00,Discover,Mashhad,471227.0,5
Fail,2025-09-23 23:59:00,Discover,Karaj,452545.0,78
Success,2025-09-25 03:27:00,Visa,Tehran,650000.0,53
Success,2025-09-01 09:09:00,Discover,Ahvaz,123456.0,66
Fail,2025-09-22 02:37:00,Visa,Tabriz,1158713.0,62
Success,2025-09-23 14:02:00,Mastercard,Shiraz,412308.0,23
Fail,2025-09-19 03:00:00,American Express,Tehran,1782689.0,44
Fail,2025-09-08 02:20:00,American Express,Tehran,914465.0,52
Fail,2025-09-15 18:00:00,Discover,Tehran,50200.0,46
Fail,2025-09-21 00:00:00,Visa,Tehran,900000.0,19
Fail,2025-09-15 22:27:00,Visa,Qom,1782689.0,89
Fail,2025-09-09 08:08:00,American Express,Isfahan,452545.0,84
Fail,2025-09-21 14:00:00,Discover,Ahvaz,1768588.0,47
Fail,2025-09-09 13:13:00,Mastercard,Shiraz,1158713.0,92
Fail,2025-09-10 02:30:00,Discover,Shiraz,1305967.0,52
Success,2025-09-20 07:08:00,Visa,Mashhad,177050.0,24
Success,2025-09-25 02:54:00,Mastercard,Tehran,452545.0,17
Fail,2025-09-21 17:17:00,Mastercard,Tabriz,2020587.5,90
Success,2025-09-26 18:45:00,Visa,Tehran,177050.0,46
Success,2025-09-09 19:51:00,Discover,Shiraz,1305967.0,64
Fail,2025-09-03 13:13:00,Nan,Tabriz,1463119.0,96
Fail,2025-09-20 21:21:00,Mastercard,Mashhad,976246.0,28
Success,2025-09-25 00:00:00,Master Card,Isfahan,0.0,50
Fail,2025-09-26 02:20:00,Discover,Tehran,12345.0,64
Success,2025-09-11 02:24:00,Master Card,Tehran,452545.0,28
Fail,2025-09-06 00:00:00,Nan,Tehran,63489.0,87
Success,2025-09-02 11:11:00,American Express,Tehran,443463.0,56
Fail,2025-09-07 21:21:00,Visa,Karaj,5000.0,59
Fail,2025-09-18 08:08:00,Mastercard,Mashhad,1782689.0,5
Success,2025-09-27 17:17:00,Nan,Ahvaz,100.5,54
Fail,2025-09-02 03:27:00,Mastercard,Tehran,583952.0,44
Fail,2025-09-27 21:23:00,Visa,Tehran,99999.0,42
Fail,2025-09-17 14:11:00,Mastercard,Tehran,1883871.0,72
Fail,2025-09-11 16:16:00,Visa,Tehran,914465.0,93
Success,2025-09-27 21:23:00,American Express,Mashhad,0.0,57
Fail,2025-09-12 18:12:00,Visa,Tehran,177050.0,47
Fail,2025-09-27 12:34:00,Visa,Shiraz,452545.0,76
Success,2025-09-19 11:11:00,Mastercard,Tehran,452545.0,25
Success,2025-09-22 19:51:00,Visa,Tabriz,1768588.0,44
Fail,2025-09-24 04:15:00,Visa,Tehran,2020587.5,15
Fail,2025-09-25 22:27:00,Visa,Ahvaz,545116.0,51
Success,2025-09-07 14:02:00,Nan,Tehran,333333.0,53
Success,2025-09-20 13:13:00,Mastercard,Qom,585954.0,34
Success,2025-09-06 11:11:00,Visa,Shiraz,100.5,77
Success,2025-09-21 13:10:00,Discover,Karaj,1463119.0,8
Success,2025-09-24 06:30:00,Discover,Tabriz,774681.0,77
Success,2025-09-01 05:23:00,Visa,Isfahan,177050.0,70
Fail,2025-09-17 11:11:00,Mastercard,Isfahan,452545.0,97
Success,2025-09-29 09:09:00,Mastercard,Qom,5000.0,21
Success,2025-09-11 19:29:00,Visa,Tehran,200000.0,7
Fail,2025-09-22 07:32:00,Nan,Tabriz,452545.0,91
Success,2025-09-26 02:20:00,Visa,Mashhad,443463.0,79
Success,2025-09-28 07:08:00,American Express,Ahvaz,100.5,56
Success,2025-09-18 19:19:00,Visa,Tehran,471227.0,49
Fail,2025-09-21 04:04:00,Visa,Mashhad,976246.0,42
Success,2025-09-17 16:40:00,Visa,Tehran,1578078.0,23
Fail,2025-09-07 11:11:00,American Express,Qom,471227.0,52
Fail,2025-09-17 19:29:00,American Express,Ahvaz,100000.0,79
Fail,2025-09-20 07:32:00,Visa,Tabriz,585954.0,53
Success,2025-09-09 02:37:00,Discover,Tehran,914282.0,16
Fail,2025-09-17 05:56:00,Mastercard,Isfahan,177050.0,97
Success,2025-09-20 08:08:00,Visa,Tehran,343679.0,37
Success,2025-09-22 14:11:00,Visa,Mashhad,0.0,18
Fail,2025-09-22 14:00:00,Mastercard,Tehran,1578078.0,20
Fail,2025-09-28 17:07:00,Visa,Tehran,1387769.0,46
Success,2025-09-29 23:59:00,Discover,Tabriz,976246.0,2
Fail,2025-09-08 13:13:00,Visa,Shiraz,650000.0,88
Success,2025-09-17 18:00:00,Discover,Isfahan,1463119.0,95
Fail,2025-09-07 21:23:00,Discover,Tehran,177050.0,63
Fail,2025-09-01 06:06:00,Visa,Tabriz,976246.0,3
Fail,2025-09-13 09:45:00,Mastercard,Karaj,452545.0,46
Fail,2025-09-30 01:01:00,Discover,Tehran,1000.0,49
Success,2025-09-23 18:45:00,American Express,Tehran,99999.0,1
Fail,2025-09-19 01:51:00,Visa,Qom,1387769.0,22
Success,2025-09-27 08:59:00,Discover,Tehran,545116.0,94
Fail,2025-09-24 10:48:00,Mastercard,Karaj,452545.0,14
Fail,2025-09-19 19:29:00,Mastercard,Tehran,1782689.0,93
Fail,2025-09-30 08:59:00,Visa,Tehran,452545.0,85
Fail,2025-09-30 23:17:00,American Express,Ahvaz,452545.0,45
Success,2025-09-29 17:07:00,American Express,Tehran,452545.0,97
Fail,2025-09-17 00:00:00,Visa,Tabriz,123456.0,6
Fail,2025-09-13 05:23:00,Mastercard,Tehran,1050805.0,65
Success,2025-09-29 15:45:00,Discover,Tehran,1387769.0,21
Success,2025-09-30 23:17:00,Mastercard,Tehran,100000.0,4
Success,2025-09-16 09:00:00,Visa,Qom,100000.0,3
Fail,2025-09-08 14:30:00,Visa,Qom,452545.0,30
Success,2025-09-19 08:08:00,Visa,Mashhad,1782689.0,31
Fail,2025-09-18 02:20:00,Discover,Tehran,452545.0,34
Fail,2025-09-01 01:01:00,Master Card,Ahvaz,5000.0,83
Fail,2025-09-14 02:20:00,Mastercard,Ahvaz,12345.0,20
Fail,2025-09-19 17:17:00,Visa,Tabriz,583952.0,88
Success,2025-09-15 09:09:00,Mastercard,Isfahan,1000.0,54
Fail,2025-09-18 18:00:00,Discover,Mashhad,452545.0,25
Success,2025-09-02 08:08:00,American Express,Tabriz,0.0,15
Fail,2025-09-22 18:12:00,Mastercard,Tehran,2020587.5,38
Fail,2025-09-28 13:13:00,Visa,Tehran,343679.0,23
Success,2025-09-17 00:00:00,Visa,Tehran,452545.0,52
Success,2025-09-18 07:32:00,American Express,Tabriz,419089.0,66
Success,2025-09-30 19:51:00,Mastercard,Tabriz,1768588.0,57
Fail,2025-09-06 02:20:00,Visa,Tabriz,585954.0,57
Fail,2025-09-19 00:00:00,Mastercard,Mashhad,976246.0,79
Success,2025-09-04 06:30:00,Mastercard,Mashhad,1427657.0,52
Fail,2025-09-01 07:07:00,Discover,Tabriz,0.0,35
Success,2025-09-08 23:17:00,Mastercard,Tehran,585954.0,74
Fail,2025-09-29 14:00:00,Mastercard,Qom,2020587.5,14
Fail,2025-09-23 02:37:00,Master Card,Ahvaz,471227.0,92
Fail,2025-09-07 00:00:00,Mastercard,Tehran,452545.0,14
Fail,2025-09-03 07:08:00,Discover,Tehran,200000.0,100
Fail,2025-09-10 10:05:00,Visa,Isfahan,177050.0,33
Success,2025-09-10 03:27:00,Visa,Isfahan,1578078.0,52
Fail,2025-09-19 04:15:00,Visa,Isfahan,555555.0,1
Success,2025-09-14 00:00:00,American Express,Tehran,452545.0,34
Fail,2025-09-02 12:12:00,Discover,Karaj,1387769.0,19
Fail,2025-09-28 15:45:00,Master Card,Tehran,976246.0,24
Fail,2025-09-01 08:08:00,Mastercard,Unknown,585954.0,4
Fail,2025-09-23 07:07:00,Mastercard,Ahvaz,452545.0,36
Success,2025-09-23 09:00:00,Mastercard,Qom,1578078.0,77
Success,2025-09-28 12:34:00,Mastercard,Tehran,5000.0,58
Fail,2025-09-18 18:00:00,Mastercard,Mashhad,1472823.0,32
Fail,2025-09-07 15:45:00,Visa,Tabriz,50200.0,9
Fail,2025-09-29 08:08:00,Visa,Tabriz,1000.0,80
Fail,2025-09-08 09:45:00,Discover,Karaj,0.0,67
Fail,2025-09-01 09:09:00,Visa,Isfahan,250000.0,20
Success,2025-09-25 19:19:00,American Express,Mashhad,452545.0,74
Fail,2025-09-23 09:45:00,Visa,Karaj,452545.0,62
Success,2025-09-03 06:06:00,Visa,Tehran,545116.0,58
Fail,2025-09-24 10:48:00,American Express,Qom,583952.0,22
Fail,2025-09-23 08:08:00,Visa,Qom,900000.0,67
Fail,2025-09-27 05:23:00,Discover,Isfahan,100.5,75
Success,2025-09-29 23:17:00,Visa,Karaj,1782689.0,90
Fail,2025-09-08 05:23:00,Visa,Tehran,123456.0,48
Fail,2025-09-22 07:07:00,Visa,Mashhad,200000.0,8
Fail,2025-09-25 17:07:00,Visa,Mashhad,452545.0,73
Fail,2025-09-15 01:01:00,Mastercard,Mashhad,412308.0,15
Success,2025-09-05 16:16:00,Visa,Karaj,452545.0,32
Success,2025-09-03 23:59:00,Mastercard,Shiraz,1387769.0,53
Fail,2025-09-19 21:10:00,Discover,Tabriz,452545.0,67
Fail,2025-09-01 15:45:00,Discover,Tehran,0.0,4
Fail,2025-09-28 12:12:00,American Express,Tehran,850000.0,30
Fail,2025-09-15 05:56:00,Visa,Tabriz,343679.0,13
Fail,2025-09-08 06:30:00,Mastercard,Shiraz,0.0,21
Success,2025-09-02 05:23:00,American Express,Karaj,300000.0,41
Success,2025-09-03 01:01:00,Nan,Tabriz,250000.0,19
Fail,2025-09-24 03:27:00,Discover,Shiraz,914465.0,48
Success,2025-09-14 20:20:00,Visa,Tehran,177050.0,87
Success,2025-09-24 02:30:00,American Express,Tehran,5000.0,63
Success,2025-09-14 10:05:00,Visa,Tehran,200000.0,20
Success,2025-09-11 23:17:00,Visa,Isfahan,12345.0,64
Fail,2025-09-16 20:33:00,Mastercard,Qom,250000.0,37
Fail,2025-09-04 18:45:00,Visa,Ahvaz,471227.0,31
Fail,2025-09-20 19:29:00,Visa,Tehran,177050.0,74
Success,2025-09-05 12:12:00,American Express,Isfahan,545116.0,18
Success,2025-09-22 14:11:00,Visa,Tabriz,452545.0,20
Success,2025-09-21 07:08:00,American Express,Tabriz,50200.0,82
Success,2025-09-14 16:40:00,Visa,Ahvaz,1158713.0,11
Success,2025-09-23 14:11:00,Mastercard,Tehran,976246.0,87
Success,2025-09-16 14:30:00,Visa,Ahvaz,1768588.0,44
Success,2025-09-18 02:37:00,Visa,Karaj,1502601.0,82
Success,2025-09-07 07:08:00,Visa,Tehran,100000.0,64
Fail,2025-09-10 19:51:00,Visa,Shiraz,177050.0,34
Success,2025-09-07 10:05:00,Discover,Isfahan,250000.0,88
Success,2025-09-01 04:04:00,American Express,Isfahan,12345.0,65
Success,2025-09-23 14:11:00,Visa,Tehran,205000.0,55
Success,2025-09-21 04:40:00,Visa,Tehran,452545.0,74
Fail,2025-09-19 19:51:00,Visa,Mashhad,100.5,1
Success,2025-09-16 18:45:00,Discover,Tehran,1472823.0,38
Success,2025-09-29 02:30:00,Visa,Karaj,177050.0,9
Fail,2025-09-19 02:24:00,Mastercard,Tehran,1427657.0,96
Success,2025-09-04 20:33:00,Discover,Karaj,976246.0,71
Fail,2025-09-29 02:37:00,American Express,Tehran,1463119.0,17
Success,2025-09-28 04:40:00,Discover,Tehran,100.5,100
Success,2025-09-18 09:45:00,Mastercard,Tehran,177050.0,52
Success,2025-09-02 23:17:00,Discover,Tehran,100.5,18
Success,2025-09-01 02:30:00,Visa,Isfahan,1782689.0,63
Success,2025-09-15 21:23:00,Nan,Isfahan,450000.0,33
Fail,2025-09-05 13:10:00,Mastercard,Ahvaz,471227.0,4
Fail,2025-09-20 23:59:00,Mastercard,Shiraz,585954.0,88
Fail,2025-09-11 21:23:00,Mastercard,Tehran,1472823.0,75
Success,2025-09-10 13:10:00,Visa,Isfahan,343679.0,52
Fail,2025-09-02 11:11:00,Mastercard,Isfahan,250000.0,9
Fail,2025-09-03 20:33:00,American Express,Tehran,177050.0,64
Success,2025-09-23 11:11:00,Mastercard,Mashhad,1578078.0,30
Success,2025-09-23 10:05:00,Visa,Karaj,250000.0,8
Success,2025-09-12 17:17:00,Mastercard,Tabriz,452545.0,5
Success,2025-09-20 14:00:00,Mastercard,Mashhad,200000.0,76
Success,2025-09-05 09:09:00,Discover,Tabriz,1000.0,63
Success,2025-09-05 01:51:00,Mastercard,Ahvaz,452545.0,1
Success,2025-09-06 03:27:00,Nan,Tehran,200000.0,15
Success,2025-09-30 14:11:00,Nan,Karaj,1050805.0,90
Success,2025-09-09 20:20:00,Mastercard,Isfahan,914282.0,82
Success,2025-09-02 19:40:00,Visa,Tehran,555555.0,38
Success,2025-09-21 22:27:00,Mastercard,Tehran,452545.0,42
Fail,2025-09-12 06:30:00,American Express,Mashhad,452545.0,46
Fail,2025-09-03 03:27:00,Discover,Qom,0.0,53
Fail,2025-09-20 14:11:00,Visa,Karaj,1578078.0,26
Fail,2025-09-26 14:11:00,Visa,Shiraz,2020587.5,61
Fail,2025-09-22 02:37:00,Visa,Karaj,452545.0,67
Success,2025-09-12 08:08:00,Mastercard,Ahvaz,333333.0,54
Fail,2025-09-24 06:30:00,Discover,Qom,1427657.0,22
Fail,2025-09-17 14:55:00,Visa,Isfahan,650000.0,26
Fail,2025-09-10 04:15:00,Mastercard,Tabriz,419089.0,83
Success,2025-09-30 17:07:00,Mastercard,Tehran,471227.0,60
Success,2025-09-24 14:11:00,Visa,Tehran,343679.0,39
Success,2025-09-27 02:20:00,Visa,Isfahan,1782689.0,36
Fail,2025-09-14 09:09:00,Visa,Tehran,1768588.0,21
Success,2025-09-23 13:10:00,Mastercard,Tabriz,1472823.0,41
Success,2025-09-17 15:45:00,Visa,Shiraz,471227.0,48
Success,2025-09-18 14:11:00,American Express,Tehran,1305967.0,26
Success,2025-09-19 02:37:00,Visa,Ahvaz,452545.0,63
Fail,2025-09-17 20:20:00,Visa,Tehran,1782689.0,77
Success,2025-09-14 15:45:00,Discover,Tehran,1463119.0,36
Fail,2025-09-09 11:11:00,Visa,Tehran,0.0,24
Fail,2025-09-08 09:45:00,Visa,Tehran,0.0,91
Success,2025-09-02 01:01:00,Discover,Karaj,0.0,21
Success,2025-09-13 13:10:00,Discover,Tehran,1305967.0,18
Fail,2025-09-25 14:55:00,Mastercard,Isfahan,774681.0,15
Success,2025-09-07 21:23:00,Visa,Karaj,1158713.0,79
Success,2025-09-09 03:27:00,Mastercard,Tehran,976246.0,6
Fail,2025-09-22 13:10:00,Visa,Tehran,1782689.0,43
Success,2025-09-22 02:30:00,Mastercard,Tehran,914282.0,31
Fail,2025-09-11 11:11:00,Discover,Mashhad,471227.0,28
Fail,2025-09-14 04:40:00,Visa,Tehran,471227.0,8
Success,2025-09-04 20:33:00,Visa,Tehran,0.0,29
Fail,2025-09-26 16:16:00,Visa,Tabriz,343679.0,21
Fail,2025-09-26 02:30:00,Visa,Tabriz,2020587.5,81
Fail,2025-09-29 10:48:00,Nan,Tehran,1768588.0,89
Fail,2025-09-13 02:37:00,Discover,Karaj,452545.0,58
Fail,2025-09-02 07:07:00,Nan,Tehran,450000.0,60
Fail,2025-09-23 08:08:00,Discover,Tehran,452545.0,50
Fail,2025-09-05 14:00:00,Mastercard,Tabriz,0.0,31
Fail,2025-09-11 05:23:00,Mastercard,Ahvaz,0.0,47
Success,2025-09-06 12:44:00,Nan,Tehran,443463.0,34
Fail,2025-09-18 21:23:00,Mastercard,Karaj,545116.0,2
Fail,2025-09-21 12:12:00,Mastercard,Qom,0.0,67
Fail,2025-09-10 14:02:00,Master Card,Tehran,343679.0,95
Success,2025-09-04 07:32:00,Discover,Tehran,419089.0,72
Success,2025-09-09 17:17:00,Mastercard,Tehran,123456.0,52
Success,2025-09-06 02:24:00,Mastercard,Tehran,1768588.0,7
Success,2025-09-02 02:54:00,Discover,Mashhad,250000.0,76
Success,2025-09-17 12:34:00,Mastercard,Tehran,471227.0,19
Fail,2025-09-05 04:40:00,Visa,Karaj,914465.0,91
Success,2025-09-25 18:45:00,Mastercard,Tehran,5000.0,93
Fail,2025-09-06 21:23:00,Visa,Shiraz,1782689.0,15
Fail,2025-09-26 07:08:00,Discover,Tabriz,177050.0,78
Fail,2025-09-12 18:00:00,Discover,Tehran,443463.0,48
Fail,2025-09-23 11:11:00,Visa,Tabriz,5000.0,14
Success,2025-09-21 13:13:00,Visa,Shiraz,63489.0,3
Fail,2025-09-10 11:11:00,Visa,Tehran,1883871.0,50
Fail,2025-09-22 18:00:00,Visa,Tabriz,0.0,94
Success,2025-09-21 21:23:00,Mastercard,Tehran,914465.0,54
Success,2025-09-27 02:30:00,Discover,Isfahan,250000.0,6
Fail,2025-09-25 02:54:00,Visa,Tabriz,452545.0,49
Fail,2025-09-06 02:30:00,Mastercard,Mashhad,914465.0,23
Success,2025-09-27 23:17:00,Visa,Isfahan,0.0,93
Success,2025-09-08 09:09:00,Mastercard,Tehran,120000.0,78
Success,2025-09-02 06:06:00,Master Card,Mashhad,452545.0,78
Success,2025-09-12 01:01:00,Visa,Tabriz,343679.0,20
Fail,2025-09-13 04:40:00,American Express,Karaj,177050.0,77
Fail,2025-09-25 03:00:00,Visa,Unknown,0.0,92
Success,2025-09-21 11:11:00,Mastercard,Shiraz,976246.0,60
Fail,2025-09-07 19:40:00,Mastercard,Tabriz,0.0,100
Success,2025-09-10 06:30:00,Visa,Tabriz,12345.0,45
Fail,2025-09-13 19:40:00,Discover,Tehran,1050805.0,61
Success,2025-09-17 13:10:00,Mastercard,Tehran,471227.0,56
Fail,2025-09-26 08:59:00,Master Card,Tehran,1387769.0,2
Fail,2025-09-21 11:11:00,Mastercard,Tehran,177050.0,45
Fail,2025-09-28 03:27:00,Discover,Mashhad,120000.0,40
Fail,2025-09-30 21:21:00,Mastercard,Karaj,850000.0,24
Fail,2025-09-26 17:17:00,Discover,Tehran,914465.0,29
Fail,2025-09-14 06:30:00,Visa,Tehran,419089.0,67
Fail,2025-09-02 02:20:00,American Express,Isfahan,250000.0,68
Fail,2025-09-28 02:30:00,American Express,Tabriz,1768588.0,66
Fail,2025-09-22 08:08:00,Mastercard,Tabriz,1.0,84
Success,2025-09-11 21:21:00,Visa,Tabriz,471227.0,54
Success,2025-09-01 20:33:00,Visa,Qom,0.0,53
Success,2025-09-19 11:11:00,Visa,Tehran,250000.0,79
Fail,2025-09-21 12:34:00,Visa,Isfahan,0.0,49
Success,2025-09-04 14:02:00,American Express,Tehran,120000.0,32
Fail,2025-09-19 20:33:00,Mastercard,Tehran,1050805.0,61
Fail,2025-09-26 21:23:00,Visa,Qom,452545.0,42
Fail,2025-09-29 21:10:00,Discover,Tehran,900000.0,1
Success,2025-09-21 07:08:00,Visa,Tehran,250000.0,63
Fail,2025-09-11 01:01:00,American Express,Karaj,0.0,35
Fail,2025-09-08 17:17:00,Discover,Isfahan,0.0,51
Success,2025-09-11 10:05:00,Visa,Tehran,1768588.0,71
Success,2025-09-04 11:11:00,American Express,Ahvaz,0.0,45
Success,2025-09-17 03:00:00,Mastercard,Ahvaz,205000.0,77
Fail,2025-09-27 14:11:00,American Express,Unknown,471227.0,65
Fail,2025-09-07 02:20:00,Visa,Ahvaz,2020587.5,14
Success,2025-09-08 13:10:00,Mastercard,Tehran,774681.0,94
Fail,2025-09-03 14:00:00,Mastercard,Tabriz,1387769.0,3
Fail,2025-09-22 21:23:00,Mastercard,Mashhad,2020587.5,24
Success,2025-09-02 23:59:00,Visa,Tehran,1427657.0,65
Fail,2025-09-23 01:51:00,Nan,Ahvaz,1472823.0,48
Fail,2025-09-15 08:59:00,Mastercard,Mashhad,0.0,10
Success,2025-09-24 19:51:00,Mastercard,Tehran,343679.0,13
Fail,2025-09-22 09:00:00,American Express,Qom,1387769.0,73
Fail,2025-09-22 14:55:00,Mastercard,Mashhad,177050.0,14
Fail,2025-09-05 07:32:00,Visa,Tehran,177050.0,10
Success,2025-09-24 14:30:00,American Express,Tehran,1387769.0,40
Success,2025-09-01 14:00:00,Visa,Tehran,650000.0,23
Success,2025-09-26 02:54:00,Visa,Unknown,914282.0,100
Fail,2025-09-04 14:02:00,American Express,Isfahan,555555.0,55
Fail,2025-09-15 10:48:00,Visa,Karaj,850000.0,63
Fail,2025-09-20 11:11:00,Discover,Shiraz,5000.0,71
Fail,2025-09-19 12:34:00,Mastercard,Tehran,1463119.0,42
Fail,2025-09-03 04:04:00,American Express,Tabriz,452545.0,100
Fail,2025-09-20 21:21:00,Mastercard,Qom,1305967.0,66
Fail,2025-09-11 11:11:00,Visa,Isfahan,1782689.0,79
Success,2025-09-17 20:20:00,Visa,Qom,1463119.0,73
Success,2025-09-30 20:33:00,Visa,Tabriz,1.0,47
Success,2025-09-27 02:30:00,Discover,Mashhad,452545.0,81
Fail,2025-09-13 11:11:00,Discover,Shiraz,452545.0,52
Fail,2025-09-11 23:59:00,Mastercard,Tehran,1578078.0,18
Fail,2025-09-02 12:34:00,American Express,Karaj,774681.0,79
Success,2025-09-09 21:23:00,Mastercard,Karaj,63489.0,18
Fail,2025-09-26 21:23:00,Visa,Tehran,1578078.0,24
Success,2025-09-02 22:27:00,Mastercard,Isfahan,452545.0,23
Success,2025-09-21 19:51:00,Discover,Tehran,2020587.5,12
Fail,2025-09-09 05:23:00,Mastercard,Mashhad,1463119.0,23
Fail,2025-09-09 02:37:00,Mastercard,Tehran,2020587.5,21
Success,2025-09-08 04:04:00,Mastercard,Shiraz,0.0,64
Success,2025-09-17 02:30:00,Visa,Tehran,177050.0,91
Success,2025-09-01 04:40:00,Mastercard,Isfahan,976246.0,72
Fail,2025-09-25 17:17:00,Mastercard,Tehran,1.0,95
Fail,2025-09-29 11:11:00,Visa,Tehran,1305967.0,34
Success,2025-09-11 07:32:00,Mastercard,Tehran,343679.0,2
Fail,2025-09-08 11:11:00,Mastercard,Unknown,177050.0,69
Fail,2025-09-10 17:07:00,Visa,Qom,177050.0,31
Fail,2025-09-25 09:09:00,Mastercard,Tabriz,100.5,98
Fail,2025-09-07 02:37:00,Discover,Tehran,50200.0,68
Fail,2025-09-03 23:59:00,Visa,Tehran,976246.0,70
Fail,2025-09-03 11:11:00,Visa,Tehran,0.0,88
Fail,2025-09-18 05:23:00,Master Card,Qom,452545.0,19
Fail,2025-09-05 03:27:00,Discover,Tehran,452545.0,72
Success,2025-09-12 08:08:00,Mastercard,Tehran,452545.0,13
Success,2025-09-12 10:48:00,Visa,Tehran,177050.0,65
Success,2025-09-19 09:09:00,Master Card,Tehran,0.0,6
Fail,2025-09-30 19:51:00,Mastercard,Isfahan,0.0,71
Success,2025-09-06 22:27:00,Mastercard,Tabriz,1387769.0,27
Fail,2025-09-02 02:37:00,Discover,Shiraz,419089.0,79
Fail,2025-09-12 07:32:00,Visa,Ahvaz,1502601.0,52
Fail,2025-09-19 09:09:00,American Express,Karaj,976246.0,99
Fail,2025-09-05 07:32:00,Mastercard,Shiraz,1050805.0,88
Fail,2025-09-12 14:00:00,Visa,Tabriz,120000.0,48
Fail,2025-09-27 12:12:00,Mastercard,Tabriz,0.0,89
Fail,2025-09-27 05:23:00,American Express,Karaj,1578078.0,79
Success,2025-09-17 03:00:00,Mastercard,Ahvaz,200000.0,100
Success,2025-09-29 09:09:00,American Express,Tehran,555555.0,68
Fail,2025-09-17 19:51:00,American Express,Tehran,412308.0,44
Success,2025-09-10 21:23:00,Mastercard,Karaj,452545.0,17
Success,2025-09-25 07:08:00,Mastercard,Isfahan,1463119.0,96
Success,2025-09-23 18:45:00,Master Card,Qom,443463.0,38
Fail,2025-09-17 01:01:00,Visa,Shiraz,177050.0,10
Fail,2025-09-15 21:10:00,Mastercard,Ahvaz,452545.0,54
Success,2025-09-12 16:40:00,American Express,Ahvaz,452545.0,92
Success,2025-09-30 12:12:00,Mastercard,Tabriz,177050.0,6
Fail,2025-09-16 21:10:00,Discover,Qom,99999.0,6
Fail,2025-09-24 12:44:00,Discover,Tehran,850000.0,52
Success,2025-09-19 04:15:00,Discover,Karaj,0.0,15
Fail,2025-09-08 05:56:00,Discover,Karaj,914282.0,68
Success,2025-09-21 12:44:00,Mastercard,Tabriz,450000.0,57
Fail,2025-09-17 04:15:00,Mastercard,Tehran,914282.0,56
Success,2025-09-23 05:23:00,Discover,Tehran,419089.0,7
Fail,2025-09-05 22:27:00,Discover,Qom,450000.0,51
Success,2025-09-22 12:44:00,Visa,Tehran,850000.0,58
Success,2025-09-16 12:12:00,Mastercard,Karaj,1768588.0,64
Success,2025-09-06 09:45:00,Mastercard,Karaj,100.5,26
Fail,2025-09-08 17:07:00,Visa,Shiraz,12345.0,58
Fail,2025-09-25 23:59:00,Discover,Tehran,1782689.0,31
Fail,2025-09-18 12:12:00,Visa,Isfahan,471227.0,66
Fail,2025-09-25 11:11:00,Discover,Tehran,452545.0,93
Fail,2025-09-12 02:37:00,Visa,Tehran,200000.0,13
Fail,2025-09-15 03:00:00,Visa,Tehran,1782689.0,18
Fail,2025-09-27 03:27:00,American Express,Isfahan,452545.0,95
Success,2025-09-26 23:59:00,Discover,Qom,0.0,75
Fail,2025-09-09 10:05:00,Mastercard,Tehran,471227.0,13
Fail,2025-09-13 12:44:00,Visa,Qom,177050.0,24
Fail,2025-09-26 19:19:00,Discover,Tabriz,452545.0,57
Fail,2025-09-15 19:29:00,Discover,Tehran,914465.0,29
Fail,2025-09-10 21:23:00,Visa,Mashhad,0.0,56
Success,2025-09-16 09:45:00,Mastercard,Qom,200000.0,54
Fail,2025-09-07 14:11:00,Visa,Tehran,200000.0,5
Success,2025-09-17 07:32:00,Discover,Ahvaz,250000.0,35
Fail,2025-09-23 19:51:00,Mastercard,Isfahan,419089.0,19
Success,2025-09-26 23:59:00,Visa,Mashhad,1000.0,55
Success,2025-09-21 10:48:00,Nan,Shiraz,471227.0,77
Fail,2025-09-22 10:48:00,Mastercard,Tehran,545116.0,69
Fail,2025-09-26 16:40:00,Visa,Tehran,99999.0,44
Success,2025-09-07 09:45:00,Mastercard,Tabriz,900000.0,78
Success,2025-09-14 06:30:00,Visa,Ahvaz,0.0,38
Fail,2025-09-15 02:30:00,Mastercard,Tabriz,2020587.5,62
Fail,2025-09-21 21:10:00,Mastercard,Tehran,1387769.0,22
Fail,2025-09-07 18:12:00,Visa,Tabriz,2020587.5,73
Fail,2025-09-09 14:00:00,Visa,Karaj,300000.0,40
Success,2025-09-19 03:00:00,Visa,Shiraz,412308.0,26
Fail,2025-09-16 15:45:00,Discover,Karaj,419089.0,5
Success,2025-09-08 13:10:00,Visa,Tabriz,774681.0,94
Success,2025-09-18 11:11:00,Discover,Tehran,0.0,54
Fail,2025-09-27 04:15:00,Discover,Mashhad,452545.0,87
Fail,2025-09-23 17:17:00,Visa,Mashhad,333333.0,49
Success,2025-09-29 11:11:00,Discover,Tehran,0.0,3
Fail,2025-09-18 19:19:00,Discover,Tehran,419089.0,93
Fail,2025-09-30 06:06:00,American Express,Shiraz,419089.0,38
Fail,2025-09-20 14:00:00,Visa,Tehran,250000.0,14
Fail,2025-09-07 12:12:00,Visa,Qom,1387769.0,47
Success,2025-09-03 12:12:00,American Express,Tabriz,583952.0,14
Fail,2025-09-18 18:12:00,Visa,Tabriz,452545.0,75
Fail,2025-09-27 10:48:00,Mastercard,Qom,1463119.0,73
Success,2025-09-10 02:54:00,Discover,Qom,900000.0,38
Success,2025-09-07 10:48:00,Discover,Isfahan,1000.0,64
Fail,2025-09-17 19:29:00,Mastercard,Tehran,100000.0,44
Success,2025-09-14 19:51:00,Nan,Isfahan,343679.0,70
Success,2025-09-24 13:10:00,Mastercard,Tabriz,1768588.0,65
Success,2025-09-03 11:11:00,Nan,Tehran,452545.0,25
Fail,2025-09-12 14:00:00,American Express,Tehran,343679.0,16
Fail,2025-09-28 14:11:00,Visa,Karaj,471227.0,15
Fail,2025-09-13 07:32:00,Discover,Shiraz,343679.0,99
Fail,2025-09-02 14:00:00,Mastercard,Karaj,1463119.0,81
Fail,2025-09-03 00:00:00,American Express,Karaj,650000.0,3
Success,2025-09-05 08:59:00,Visa,Tehran,5000.0,67
Success,2025-09-11 14:55:00,Visa,Isfahan,177050.0,37
Success,2025-09-08 14:11:00,Discover,Qom,443463.0,81
Fail,2025-09-26 14:55:00,Discover,Tehran,1427657.0,55
Success,2025-09-23 02:30:00,Discover,Tehran,850000.0,38
Success,2025-09-23 10:05:00,Discover,Tehran,900000.0,63
Fail,2025-09-12 21:23:00,Mastercard,Ahvaz,50200.0,1
Fail,2025-09-07 19:29:00,American Express,Mashhad,0.0,71
Fail,2025-09-15 23:59:00,Discover,Mashhad,2020587.5,91
Success,2025-09-24 02:30:00,Visa,Isfahan,5000.0,19
Fail,2025-09-17 10:48:00,Mastercard,Tabriz,1305967.0,52
Success,2025-09-04 22:27:00,Mastercard,Mashhad,1472823.0,30
Fail,2025-09-29 04:04:00,American Express,Tehran,583952.0,55
Success,2025-09-22 18:12:00,Mastercard,Unknown,63489.0,14
Fail,2025-09-25 14:55:00,Mastercard,Isfahan,1883871.0,13
Success,2025-09-13 04:40:00,American Express,Tehran,1502601.0,84
Fail,2025-09-18 05:23:00,Nan,Karaj,471227.0,91
Fail,2025-09-01 11:11:00,Mastercard,Tabriz,5000.0,27
Success,2025-09-16 02:30:00,Discover,Tabriz,250000.0,90
Fail,2025-09-13 14:55:00,Discover,Unknown,914282.0,9
Fail,2025-09-10 02:30:00,Mastercard,Ahvaz,50200.0,41
Success,2025-09-12 06:06:00,Mastercard,Tabriz,450000.0,48
Success,2025-09-30 11:11:00,Mastercard,Tehran,914465.0,12
Fail,2025-09-02 04:15:00,Visa,Karaj,1883871.0,10
Fail,2025-09-23 23:59:00,American Express,Tabriz,0.0,6
Fail,2025-09-03 04:40:00,Visa,Tabriz,1472823.0,34
Success,2025-09-10 18:45:00,Mastercard,Karaj,100000.0,52
Success,2025-09-02 00:00:00,Mastercard,Karaj,1578078.0,41
Fail,2025-09-30 14:02:00,Visa,Mashhad,0.0,83
Success,2025-09-27 11:11:00,Mastercard,Tehran,300000.0,6
Fail,2025-09-23 07:08:00,Visa,Karaj,471227.0,2
Success,2025-09-13 18:12:00,Visa,Tehran,1883871.0,15
Fail,2025-09-13 23:59:00,Visa,Tehran,1427657.0,17
Success,2025-09-18 15:45:00,Mastercard,Tabriz,555555.0,16
Fail,2025-09-03 07:32:00,Visa,Tehran,419089.0,28
Fail,2025-09-27 11:11:00,Visa,Tabriz,63489.0,85
Success,2025-09-07 09:45:00,Visa,Tehran,177050.0,72
Fail,2025-09-14 18:45:00,Discover,Tehran,471227.0,10
Success,2025-09-20 17:07:00,Visa,Ahvaz,1.0,10
Success,2025-09-29 16:16:00,Visa,Mashhad,471227.0,10
Success,2025-09-30 08:59:00,Mastercard,Ahvaz,100000.0,73
Fail,2025-09-17 07:32:00,Visa,Qom,914282.0,28
Fail,2025-09-29 01:51:00,Visa,Tehran,452545.0,24
Fail,2025-09-30 08:08:00,Visa,Mashhad,452545.0,19
Success,2025-09-21 18:45:00,Mastercard,Qom,343679.0,98
Fail,2025-09-12 18:00:00,Mastercard,Tabriz,1387769.0,68
Success,2025-09-25 19:51:00,Mastercard,Tabriz,250000.0,56
Success,2025-09-16 19:40:00,Mastercard,Tabriz,452545.0,67
Success,2025-09-24 11:11:00,Mastercard,Shiraz,0.0,42
Success,2025-09-12 19:51:00,Visa,Tehran,63489.0,12
Fail,2025-09-15 08:08:00,Visa,Karaj,452545.0,18
Fail,2025-09-25 16:40:00,Mastercard,Isfahan,452545.0,23
Fail,2025-09-10 02:54:00,Visa,Isfahan,1768588.0,84
Success,2025-09-30 12:44:00,Visa,Ahvaz,471227.0,6
Fail,2025-09-25 02:24:00,Visa,Mashhad,0.0,53
Fail,2025-09-07 02:24:00,Mastercard,Isfahan,419089.0,99
Fail,2025-09-20 13:13:00,Visa,Tehran,452545.0,42
Success,2025-09-05 05:56:00,Discover,Isfahan,1768588.0,66
Fail,2025-09-01 10:48:00,Discover,Tehran,412308.0,30
Success,2025-09-30 10:48:00,Visa,Mashhad,452545.0,9
Success,2025-09-17 21:23:00,Visa,Tabriz,555555.0,92
Success,2025-09-03 19:19:00,Visa,Shiraz,452545.0,42
Fail,2025-09-13 08:08:00,Nan,Tabriz,205000.0,34
Fail,2025-09-14 07:08:00,Mastercard,Tehran,0.0,40
Fail,2025-09-24 07:08:00,Mastercard,Tehran,100.5,89
Fail,2025-09-30 16:40:00,American Express,Tabriz,1463119.0,17
Fail,2025-09-18 02:54:00,Mastercard,Karaj,1578078.0,29
Fail,2025-09-04 02:37:00,American Express,Karaj,914465.0,50
Success,2025-09-18 19:29:00,Visa,Tehran,0.0,76
Fail,2025-09-30 21:23:00,Visa,Tabriz,583952.0,96
Success,2025-09-05 17:07:00,American Express,Shiraz,914465.0,49
Fail,2025-09-25 21:10:00,American Express,Tabriz,1305967.0,73
Success,2025-09-16 07:32:00,Nan,Shiraz,177050.0,61
Success,2025-09-01 16:40:00,Nan,Tehran,123456.0,83
Fail,2025-09-21 11:11:00,American Express,Tehran,0.0,46
Success,2025-09-14 11:11:00,Visa,Tehran,177050.0,46
Success,2025-09-15 08:59:00,Visa,Karaj,0.0,17
Success,2025-09-09 19:51:00,Mastercard,Ahvaz,200000.0,66
Success,2025-09-15 12:34:00,Visa,Karaj,1.0,5
Success,2025-09-17 17:07:00,Visa,Ahvaz,120000.0,54
Success,2025-09-25 23:59:00,Visa,Unknown,123456.0,16
Success,2025-09-24 04:40:00,American Express,Ahvaz,100000.0,81
Success,2025-09-04 12:12:00,American Express,Isfahan,1387769.0,92
Fail,2025-09-12 06:06:00,Discover,Shiraz,914465.0,7
Success,2025-09-27 23:59:00,Visa,Isfahan,0.0,8
Success,2025-09-26 21:23:00,Mastercard,Tehran,452545.0,72
Success,2025-09-05 11:11:00,Nan,Tehran,471227.0,88
Success,2025-09-29 01:51:00,Visa,Qom,0.0,97
Fail,2025-09-05 07:08:00,Visa,Ahvaz,0.0,82
Fail,2025-09-11 11:11:00,American Express,Tehran,976246.0,38
Success,2025-09-28 10:48:00,Visa,Tabriz,900000.0,54
Fail,2025-09-06 21:10:00,Visa,Qom,200000.0,76
Fail,2025-09-07 06:30:00,Mastercard,Mashhad,343679.0,15
Success,2025-09-24 02:30:00,Mastercard,Ahvaz,452545.0,93
Fail,2025-09-14 16:16:00,Visa,Isfahan,100.5,50
Success,2025-09-24 10:48:00,Visa,Karaj,0.0,56
Success,2025-09-11 10:48:00,American Express,Isfahan,471227.0,96
Success,2025-09-30 07:07:00,Visa,Tehran,1502601.0,9
Success,2025-09-13 19:19:00,American Express,Tehran,1472823.0,8
Success,2025-09-02 11:11:00,Visa,Tehran,100.5,19
Fail,2025-09-25 11:11:00,Visa,Tehran,100.5,51
Fail,2025-09-07 11:11:00,Mastercard,Mashhad,1000.0,72
Fail,2025-09-20 04:40:00,Visa,Shiraz,1578078.0,99
Success,2025-09-04 14:30:00,Visa,Tehran,452545.0,57
Success,2025-09-27 05:56:00,Visa,Shiraz,914282.0,68
Success,2025-09-08 19:40:00,Visa,Qom,585954.0,31
Fail,2025-09-20 04:04:00,Visa,Tehran,585954.0,3
Success,2025-09-29 23:17:00,Nan,Isfahan,452545.0,100
Success,2025-09-22 07:32:00,Mastercard,Ahvaz,585954.0,83
Fail,2025-09-21 11:11:00,Visa,Tehran,1.0,43
Fail,2025-09-19 14:11:00,Visa,Tehran,452545.0,29
Fail,2025-09-13 07:07:00,Visa,Unknown,50200.0,10
Fail,2025-09-14 08:59:00,Discover,Karaj,63489.0,12
Fail,2025-09-10 19:51:00,American Express,Mashhad,976246.0,46
Fail,2025-09-11 11:11:00,Mastercard,Shiraz,205000.0,30
Fail,2025-09-02 11:11:00,Visa,Karaj,471227.0,95
Success,2025-09-25 08:08:00,Discover,Karaj,650000.0,82
Fail,2025-09-26 16:16:00,Visa,Tabriz,1463119.0,89
Success,2025-09-09 05:23:00,Visa,Mashhad,583952.0,32
Fail,2025-09-17 00:00:00,Mastercard,Shiraz,412308.0,73
Fail,2025-09-26 03:27:00,Mastercard,Tehran,250000.0,47
Success,2025-09-03 17:17:00,Visa,Tehran,1782689.0,89
Success,2025-09-24 05:56:00,American Express,Isfahan,452545.0,63
Fail,2025-09-06 11:11:00,American Express,Isfahan,2020587.5,26
Fail,2025-09-05 06:06:00,Visa,Tehran,177050.0,3
Success,2025-09-05 07:08:00,Discover,Tehran,452545.0,23
Success,2025-09-22 23:59:00,Visa,Tehran,0.0,75
Success,2025-09-15 09:09:00,Mastercard,Karaj,200000.0,74
Success,2025-09-23 23:59:00,Discover,Isfahan,976246.0,50
Fail,2025-09-17 05:23:00,Discover,Ahvaz,452545.0,36
Success,2025-09-09 03:27:00,Mastercard,Tehran,583952.0,13
Fail,2025-09-03 15:45:00,Nan,Isfahan,412308.0,29
Success,2025-09-20 23:17:00,Mastercard,Tabriz,1427657.0,38
Success,2025-09-26 03:27:00,American Express,Karaj,1000.0,77
Fail,2025-09-17 21:21:00,Visa,Tabriz,471227.0,91
Fail,2025-09-29 21:21:00,Visa,Mashhad,343679.0,84
Fail,2025-09-27 05:56:00,Mastercard,Karaj,2020587.5,5
Fail,2025-09-10 17:07:00,Mastercard,Tehran,2020587.5,20
Fail,2025-09-03 00:00:00,Mastercard,Karaj,0.0,78
Fail,2025-09-18 11:11:00,Visa,Isfahan,419089.0,14
Fail,2025-09-18 19:51:00,Visa,Qom,1158713.0,8
Success,2025-09-30 18:45:00,Discover,Karaj,123456.0,48
Fail,2025-09-17 01:51:00,Nan,Tehran,1578078.0,13
Fail,2025-09-24 10:48:00,Mastercard,Tehran,452545.0,24
Fail,2025-09-03 13:10:00,Discover,Tehran,452545.0,79
Fail,2025-09-03 02:54:00,Discover,Karaj,0.0,65
Fail,2025-09-06 08:08:00,Visa,Tehran,0.0,87
Success,2025-09-13 03:27:00,Mastercard,Ahvaz,0.0,34
Fail,2025-09-24 19:51:00,Visa,Karaj,976246.0,51
Success,2025-09-29 17:07:00,Visa,Tehran,452545.0,3
Success,2025-09-15 17:07:00,Mastercard,Tehran,452545.0,91
Fail,2025-09-25 05:23:00,Visa,Mashhad,1578078.0,78
Fail,2025-09-09 14:30:00,Mastercard,Shiraz,177050.0,58
Fail,2025-09-04 08:59:00,Mastercard,Tehran,333333.0,72
Fail,2025-09-14 19:19:00,Visa,Qom,1768588.0,55
Fail,2025-09-05 05:23:00,Mastercard,Mashhad,177050.0,80
Success,2025-09-02 14:55:00,Visa,Tehran,120000.0,42
Fail,2025-09-11 19:51:00,Mastercard,Tehran,205000.0,21
Fail,2025-09-09 14:11:00,American Express,Ahvaz,452545.0,10
Fail,2025-09-24 08:08:00,Mastercard,Tehran,583952.0,57
Success,2025-09-03 10:48:00,Mastercard,Isfahan,555555.0,25
Success,2025-09-27 17:17:00,Visa,Karaj,200000.0,56
Fail,2025-09-28 21:23:00,Visa,Tehran,0.0,38
Fail,2025-09-29 02:30:00,Visa,Tabriz,2020587.5,87
Fail,2025-09-09 04:04:00,Mastercard,Tehran,0.0,61
Fail,2025-09-03 16:40:00,Mastercard,Tehran,2020587.5,47
Success,2025-09-25 08:59:00,American Express,Tehran,177050.0,54
Success,2025-09-02 11:11:00,Visa,Qom,976246.0,46
Fail,2025-09-12 21:23:00,Discover,Tehran,177050.0,68
Success,2025-09-10 04:15:00,Mastercard,Karaj,1427657.0,4
Fail,2025-09-09 07:32:00,Mastercard,Tehran,419089.0,95
Success,2025-09-15 04:40:00,Discover,Ahvaz,120000.0,66
Fail,2025-09-08 12:12:00,Discover,Isfahan,419089.0,94
Success,2025-09-25 23:59:00,Visa,Tehran,177050.0,43
Success,2025-09-05 12:44:00,Visa,Isfahan,900000.0,62
Fail,2025-09-11 23:59:00,Visa,Isfahan,0.0,85
Success,2025-09-27 23:59:00,Master Card,Mashhad,2020587.5,85
Success,2025-09-02 01:51:00,Visa,Karaj,100.5,85
Success,2025-09-24 08:59:00,Visa,Tehran,452545.0,4
Success,2025-09-28 13:10:00,Visa,Isfahan,1472823.0,65
Fail,2025-09-15 05:56:00,Discover,Mashhad,1387769.0,62
Fail,2025-09-06 13:13:00,American Express,Tehran,452545.0,91
Fail,2025-09-08 14:02:00,American Express,Tehran,452545.0,2
Fail,2025-09-27 21:10:00,Discover,Ahvaz,583952.0,9
Success,2025-09-05 19:51:00,Mastercard,Mashhad,583952.0,57
Success,2025-09-16 14:55:00,Visa,Isfahan,1883871.0,45
Success,2025-09-26 00:00:00,Visa,Mashhad,0.0,18
Success,2025-09-18 03:00:00,Mastercard,Isfahan,1578078.0,48
Success,2025-09-06 12:12:00,Discover,Ahvaz,412308.0,42
Fail,2025-09-05 09:09:00,Mastercard,Tehran,452545.0,41
Success,2025-09-28 23:59:00,Master Card,Mashhad,850000.0,75
Fail,2025-09-16 03:27:00,Visa,Karaj,471227.0,90
Success,2025-09-13 20:20:00,Visa,Karaj,471227.0,91
Fail,2025-09-28 11:11:00,Visa,Tabriz,50200.0,58
Success,2025-09-05 23:59:00,Mastercard,Qom,545116.0,42
Fail,2025-09-13 12:34:00,Mastercard,Shiraz,774681.0,35
Success,2025-09-17 04:15:00,American Express,Tehran,1463119.0,38
Fail,2025-09-18 01:01:00,Mastercard,Isfahan,2020587.5,67
Fail,2025-09-08 14:02:00,Discover,Unknown,250000.0,41
Fail,2025-09-13 11:11:00,Discover,Shiraz,450000.0,100
Success,2025-09-30 04:40:00,Discover,Isfahan,583952.0,50
Success,2025-09-29 11:11:00,American Express,Tabriz,583952.0,87
Success,2025-09-19 05:23:00,Visa,Tabriz,1782689.0,72
Fail,2025-09-26 20:20:00,Visa,Isfahan,0.0,79
Success,2025-09-03 02:54:00,American Express,Tehran,583952.0,45
Success,2025-09-24 09:45:00,Discover,Tehran,250000.0,71
Fail,2025-09-08 03:00:00,Mastercard,Isfahan,0.0,19
Success,2025-09-02 03:00:00,Visa,Shiraz,5000.0,17
Success,2025-09-08 07:07:00,Visa,Tehran,850000.0,65
Fail,2025-09-27 04:40:00,Visa,Tehran,177050.0,94
Fail,2025-09-13 07:32:00,Mastercard,Tehran,1782689.0,77
Fail,2025-09-13 07:07:00,American Express,Tabriz,900000.0,56
Success,2025-09-01 10:48:00,Visa,Tehran,100.5,94
Success,2025-09-06 02:37:00,Nan,Qom,1463119.0,41
Fail,2025-09-24 08:08:00,American Express,Mashhad,1463119.0,42
Fail,2025-09-19 09:45:00,Mastercard,Tabriz,0.0,6
Fail,2025-09-16 09:09:00,Discover,Karaj,1387769.0,69
Success,2025-09-08 03:00:00,Visa,Mashhad,1.0,99
Success,2025-09-28 15:45:00,Discover,Tehran,1463119.0,75
Fail,2025-09-01 02:20:00,Discover,Tabriz,419089.0,73
Fail,2025-09-27 13:13:00,Nan,Tehran,452545.0,40
Fail,2025-09-27 18:00:00,Visa,Tehran,100.5,41
Success,2025-09-16 22:27:00,Master Card,Tabriz,452545.0,9
Success,2025-09-09 07:08:00,Mastercard,Tehran,177050.0,8
Success,2025-09-13 20:33:00,Visa,Mashhad,123456.0,44
Fail,2025-09-11 09:45:00,Mastercard,Mashhad,1578078.0,58
Success,2025-09-13 07:07:00,Mastercard,Isfahan,1000.0,67
Success,2025-09-25 12:12:00,Visa,Mashhad,123456.0,13
Success,2025-09-21 12:34:00,Mastercard,Tabriz,0.0,19
Fail,2025-09-10 14:55:00,Mastercard,Tehran,452545.0,99
Success,2025-09-04 05:23:00,Visa,Qom,0.0,97
Fail,2025-09-27 19:51:00,Visa,Tehran,555555.0,49
Fail,2025-09-06 12:44:00,Mastercard,Tehran,1472823.0,80
Fail,2025-09-28 03:27:00,Mastercard,Karaj,343679.0,82
Fail,2025-09-07 23:17:00,Visa,Isfahan,555555.0,78
Success,2025-09-05 17:07:00,Mastercard,Tabriz,452545.0,30
Fail,2025-09-11 22:27:00,Visa,Tehran,343679.0,66
Success,2025-09-13 23:59:00,Discover,Mashhad,0.0,77
Success,2025-09-26 02:24:00,Mastercard,Qom,1387769.0,92
Success,2025-09-25 14:30:00,Visa,Isfahan,1883871.0,59
Fail,2025-09-19 08:59:00,Visa,Tehran,2020587.5,53
Fail,2025-09-23 11:11:00,American Express,Qom,583952.0,52
Fail,2025-09-10 20:20:00,Mastercard,Isfahan,1768588.0,81
Success,2025-09-10 02:37:00,Mastercard,Tehran,452545.0,31
Fail,2025-09-11 14:11:00,Mastercard,Qom,1472823.0,15
Fail,2025-09-21 04:04:00,Mastercard,Tehran,471227.0,20
Success,2025-09-30 04:40:00,Visa,Tabriz,250000.0,5
Success,2025-09-07 19:40:00,Mastercard,Ahvaz,419089.0,7
Success,2025-09-18 21:23:00,Visa,Tehran,177050.0,18
Success,2025-09-04 19:51:00,Visa,Shiraz,1768588.0,56
Success,2025-09-02 02:30:00,Visa,Tehran,1472823.0,75
Success,2025-09-14 04:15:00,Visa,Tehran,200000.0,97
Success,2025-09-13 19:29:00,Mastercard,Isfahan,177050.0,92
Fail,2025-09-29 16:16:00,Mastercard,Qom,1387769.0,91
Fail,2025-09-12 12:12:00,Master Card,Mashhad,177050.0,45
Fail,2025-09-07 00:00:00,Mastercard,Shiraz,452545.0,28
Fail,2025-09-02 12:44:00,Visa,Isfahan,452545.0,50
Success,2025-09-13 02:37:00,Nan,Tehran,123456.0,2
Fail,2025-09-14 18:00:00,Mastercard,Tehran,1883871.0,84
Fail,2025-09-27 19:51:00,Mastercard,Karaj,100.5,68
Fail,2025-09-17 02:24:00,Mastercard,Tabriz,914465.0,77
Fail,2025-09-09 02:24:00,Visa,Karaj,545116.0,24
Success,2025-09-17 00:00:00,Visa,Karaj,452545.0,48
Success,2025-09-08 08:59:00,Visa,Tehran,443463.0,45
Fail,2025-09-02 21:21:00,Discover,Tehran,100.5,94
Success,2025-09-28 06:30:00,Discover,Tabriz,343679.0,58
Success,2025-09-24 02:20:00,Visa,Qom,100.5,36
Fail,2025-09-13 02:30:00,Visa,Karaj,452545.0,2
Fail,2025-09-03 11:11:00,Mastercard,Tehran,585954.0,18
Success,2025-09-16 19:19:00,American Express,Tabriz,1768588.0,49
Success,2025-09-06 20:20:00,Visa,Isfahan,452545.0,8
Fail,2025-09-19 02:24:00,Discover,Tehran,5000.0,58
Fail,2025-09-30 11:11:00,Visa,Qom,976246.0,15
Fail,2025-09-07 09:00:00,Mastercard,Mashhad,2020587.5,17
Fail,2025-09-10 06:06:00,Nan,Tabriz,1472823.0,23
Fail,2025-09-09 00:00:00,Visa,Mashhad,1387769.0,66
Success,2025-09-02 05:56:00,Discover,Isfahan,0.0,70
Fail,2025-09-28 21:23:00,Visa,Isfahan,177050.0,94
Success,2025-09-28 02:24:00,American Express,Tabriz,100.5,27
Fail,2025-09-15 19:29:00,Visa,Qom,300000.0,37
Fail,2025-09-30 22:27:00,American Express,Isfahan,1578078.0,49
Fail,2025-09-05 19:51:00,Mastercard,Tehran,250000.0,64
Success,2025-09-29 21:10:00,Visa,Tehran,205000.0,34
Fail,2025-09-22 02:24:00,Nan,Tehran,914465.0,18
Success,2025-09-04 21:21:00,Discover,Tehran,452545.0,64
Fail,2025-09-20 16:16:00,Visa,Isfahan,914465.0,74
Success,2025-09-04 12:12:00,Visa,Tabriz,452545.0,44
Fail,2025-09-18 20:33:00,Visa,Isfahan,419089.0,17
Fail,2025-09-04 18:45:00,American Express,Tabriz,2020587.5,59
Fail,2025-09-27 11:11:00,American Express,Qom,63489.0,13
Fail,2025-09-17 11:11:00,Discover,Karaj,0.0,52
Success,2025-09-12 20:33:00,Visa,Mashhad,452545.0,60
Success,2025-09-22 17:17:00,Visa,Tehran,2020587.5,42
Success,2025-09-17 07:08:00,American Express,Tehran,200000.0,92
Fail,2025-09-10 03:00:00,Visa,Tabriz,774681.0,64
Success,2025-09-22 21:21:00,Mastercard,Isfahan,1502601.0,66
Success,2025-09-01 12:12:00,Visa,Tehran,583952.0,34
Fail,2025-09-22 19:51:00,Mastercard,Tabriz,1578078.0,96
Fail,2025-09-26 18:45:00,Mastercard,Tehran,471227.0,88
Success,2025-09-24 14:30:00,American Express,Tehran,1000.0,71
Success,2025-09-27 20:33:00,Discover,Tehran,200000.0,64
Success,2025-09-18 14:11:00,Mastercard,Tehran,250000.0,33
Success,2025-09-18 06:06:00,Mastercard,Karaj,471227.0,12
Fail,2025-09-14 21:10:00,Mastercard,Tehran,200000.0,76
Success,2025-09-15 21:10:00,American Express,Tehran,914282.0,19
Fail,2025-09-29 14:02:00,Visa,Tehran,412308.0,9
Success,2025-09-12 07:08:00,American Express,Tehran,250000.0,74
Fail,2025-09-04 01:01:00,American Express,Tehran,63489.0,17
Fail,2025-09-27 09:00:00,Mastercard,Tabriz,914282.0,50
Fail,2025-09-03 06:06:00,Mastercard,Karaj,120000.0,39
Fail,2025-09-20 10:05:00,Visa,Tabriz,585954.0,41
Fail,2025-09-29 05:56:00,Visa,Tabriz,452545.0,10
Fail,2025-09-12 02:37:00,Discover,Shiraz,1000.0,12
Fail,2025-09-07 02:24:00,Visa,Tehran,452545.0,79
Fail,2025-09-29 00:00:00,Visa,Isfahan,333333.0,96
Fail,2025-09-11 01:01:00,Mastercard,Tabriz,419089.0,15
Fail,2025-09-01 13:10:00,American Express,Karaj,300000.0,28
Fail,2025-09-06 02:37:00,American Express,Mashhad,443463.0,4
Fail,2025-09-15 01:01:00,Visa,Shiraz,1883871.0,36
Fail,2025-09-15 19:40:00,Visa,Tehran,452545.0,65
Fail,2025-09-19 12:44:00,Mastercard,Tehran,12345.0,99
Fail,2025-09-11 07:08:00,Visa,Tabriz,1387769.0,47
Success,2025-09-26 13:13:00,Visa,Karaj,200000.0,81
Success,2025-09-23 08:59:00,Visa,Tehran,452545.0,39
Success,2025-09-26 08:08:00,American Express,Mashhad,1578078.0,38
Fail,2025-09-02 22:27:00,Mastercard,Mashhad,1050805.0,44
Fail,2025-09-14 02:37:00,Discover,Tehran,100000.0,51
Success,2025-09-02 03:27:00,Discover,Isfahan,343679.0,98
Fail,2025-09-29 20:33:00,Visa,Tehran,471227.0,85
Fail,2025-09-04 11:11:00,Mastercard,Tehran,452545.0,26
Success,2025-09-17 14:00:00,Visa,Tehran,452545.0,36
Fail,2025-09-03 20:20:00,Mastercard,Shiraz,0.0,69
Fail,2025-09-13 06:30:00,Visa,Isfahan,555555.0,98
Success,2025-09-09 07:08:00,Master Card,Qom,0.0,1
Success,2025-09-07 14:30:00,Visa,Tehran,300000.0,53
Fail,2025-09-15 02:20:00,Master Card,Tabriz,200000.0,6
Fail,2025-09-23 17:17:00,Visa,Tabriz,1.0,37
Fail,2025-09-29 11:11:00,Mastercard,Isfahan,205000.0,2
Fail,2025-09-29 14:30:00,Nan,Tehran,2020587.5,69
Fail,2025-09-11 17:07:00,Visa,Isfahan,5000.0,91
Success,2025-09-20 02:37:00,Visa,Mashhad,452545.0,41
Success,2025-09-02 02:24:00,Discover,Tehran,452545.0,51
Fail,2025-09-15 12:34:00,Discover,Karaj,1768588.0,47
Fail,2025-09-14 14:00:00,Discover,Qom,1768588.0,13
Fail,2025-09-20 23:17:00,American Express,Isfahan,250000.0,76
Success,2025-09-22 21:21:00,Visa,Tehran,850000.0,69
Fail,2025-09-11 09:00:00,Discover,Tehran,452545.0,66
Fail,2025-09-27 02:37:00,Discover,Shiraz,452545.0,59
Fail,2025-09-03 04:04:00,American Express,Tehran,452545.0,68
Fail,2025-09-17 02:30:00,Visa,Qom,1050805.0,59
Fail,2025-09-30 20:20:00,Mastercard,Karaj,0.0,92
Success,2025-09-12 11:11:00,Mastercard,Isfahan,250000.0,10
Fail,2025-09-24 11:11:00,Discover,Tehran,450000.0,13
Fail,2025-09-28 09:00:00,Visa,Unknown,1782689.0,2
Fail,2025-09-29 18:45:00,Visa,Tehran,914465.0,91
Success,2025-09-21 21:21:00,Visa,Tabriz,123456.0,15
Success,2025-09-15 21:23:00,Mastercard,Tehran,205000.0,46
Fail,2025-09-16 12:12:00,Discover,Isfahan,774681.0,57
Success,2025-09-05 21:21:00,Visa,Tabriz,914465.0,10
Success,2025-09-27 12:12:00,Nan,Qom,471227.0,22
Fail,2025-09-20 02:54:00,American Express,Unknown,1.0,90
Fail,2025-09-06 14:00:00,Visa,Tehran,50200.0,79
Success,2025-09-19 21:10:00,Mastercard,Ahvaz,412308.0,77
Fail,2025-09-25 19:29:00,Discover,Tehran,976246.0,8
Success,2025-09-05 08:59:00,Discover,Tehran,1050805.0,21
Fail,2025-09-03 12:44:00,Visa,Shiraz,5000.0,85
Success,2025-09-27 02:30:00,Mastercard,Tehran,1.0,22
Success,2025-09-01 02:37:00,Mastercard,Tehran,452545.0,98
Fail,2025-09-26 09:09:00,Discover,Isfahan,850000.0,45
Fail,2025-09-28 19:51:00,Nan,Tehran,545116.0,92
Success,2025-09-06 06:06:00,Visa,Tehran,1578078.0,40
Success,2025-09-15 18:00:00,Visa,Tabriz,443463.0,22
Success,2025-09-02 09:00:00,American Express,Mashhad,976246.0,30
Fail,2025-09-29 11:11:00,Mastercard,Tehran,120000.0,62
Fail,2025-09-03 02:30:00,Master Card,Qom,120000.0,73
Success,2025-09-17 08:08:00,Mastercard,Tehran,452545.0,45
Fail,2025-09-25 10:05:00,Visa,Tehran,2020587.5,35
Success,2025-09-24 02:54:00,Visa,Mashhad,100.5,82
Success,2025-09-12 02:37:00,Nan,Qom,177050.0,42
Success,2025-09-18 13:10:00,Visa,Tabriz,452545.0,5
Success,2025-09-15 23:59:00,American Express,Unknown,850000.0,27
Success,2025-09-12 00:00:00,American Express,Tabriz,177050.0,70
Fail,2025-09-16 13:10:00,Mastercard,Ahvaz,5000.0,62
Success,2025-09-27 14:11:00,Visa,Tabriz,452545.0,32
Fail,2025-09-08 21:23:00,Visa,Tabriz,585954.0,8
Success,2025-09-28 11:11:00,American Express,Tehran,200000.0,85
Success,2025-09-14 11:11:00,Visa,Qom,333333.0,18
Fail,2025-09-25 06:30:00,Mastercard,Tabriz,100.5,78
Success,2025-09-17 19:29:00,Visa,Tehran,850000.0,15
Fail,2025-09-29 09:00:00,Discover,Tabriz,120000.0,26
Success,2025-09-21 02:20:00,Discover,Tabriz,585954.0,53
Fail,2025-09-08 19:51:00,Master Card,Mashhad,200000.0,44
Success,2025-09-15 11:11:00,Mastercard,Isfahan,200000.0,32
Fail,2025-09-27 07:08:00,American Express,Tehran,100.5,28
Fail,2025-09-14 22:27:00,Visa,Qom,0.0,39
Success,2025-09-18 02:20:00,Mastercard,Ahvaz,1387769.0,32
Fail,2025-09-20 17:17:00,Visa,Qom,200000.0,77
Fail,2025-09-07 20:33:00,Visa,Tehran,1305967.0,79
Fail,2025-09-03 04:15:00,Discover,Tehran,2020587.5,18
Success,2025-09-29 13:13:00,American Express,Karaj,1472823.0,70
Fail,2025-09-12 04:04:00,Visa,Mashhad,1578078.0,11
Success,2025-09-21 10:05:00,Visa,Mashhad,914465.0,32
Success,2025-09-24 08:08:00,American Express,Mashhad,100.5,20
Success,2025-09-28 02:30:00,Visa,Tabriz,100000.0,98
Success,2025-09-26 21:23:00,Visa,Tabriz,1768588.0,40
Success,2025-09-03 10:05:00,Mastercard,Shiraz,976246.0,8
Success,2025-09-20 21:21:00,Mastercard,Tehran,452545.0,35
Fail,2025-09-14 13:13:00,Visa,Qom,123456.0,69
Success,2025-09-15 13:13:00,American Express,Karaj,452545.0,100
Success,2025-09-25 08:08:00,Mastercard,Isfahan,120000.0,78
Fail,2025-09-30 19:51:00,Discover,Tabriz,914465.0,21
Fail,2025-09-14 15:45:00,Discover,Tabriz,850000.0,24
Fail,2025-09-07 04:04:00,American Express,Tehran,914282.0,17
Fail,2025-09-17 12:34:00,Visa,Tehran,0.0,18
Success,2025-09-30 17:17:00,Visa,Tehran,1427657.0,99
Success,2025-09-12 05:56:00,Mastercard,Tehran,452545.0,12
Success,2025-09-20 02:37:00,Visa,Tabriz,100.5,16
Success,2025-09-04 02:37:00,American Express,Tabriz,250000.0,4
Success,2025-09-09 23:59:00,Master Card,Unknown,1782689.0,90
Fail,2025-09-06 17:07:00,Visa,Unknown,200000.0,34
Fail,2025-09-16 07:32:00,Visa,Tehran,5000.0,93
Fail,2025-09-25 03:00:00,Visa,Tabriz,900000.0,46
Success,2025-09-28 09:00:00,Visa,Mashhad,452545.0,75
Fail,2025-09-22 14:11:00,Visa,Tehran,900000.0,77
Success,2025-09-22 12:44:00,Discover,Mashhad,555555.0,31
Fail,2025-09-21 03:27:00,Mastercard,Isfahan,205000.0,25
Success,2025-09-21 12:34:00,American Express,Tabriz,774681.0,74
Success,2025-09-02 13:13:00,Mastercard,Karaj,450000.0,24
Fail,2025-09-24 19:19:00,Nan,Karaj,1050805.0,65
Success,2025-09-08 11:11:00,Visa,Tehran,333333.0,25
Success,2025-09-11 00:00:00,Visa,Tabriz,0.0,28
Fail,2025-09-13 08:59:00,Mastercard,Tehran,1387769.0,36
Success,2025-09-17 14:30:00,Visa,Qom,914465.0,82
Fail,2025-09-08 07:08:00,Master Card,Qom,1502601.0,6
Fail,2025-09-21 17:17:00,Visa,Tehran,914282.0,66
Success,2025-09-18 14:30:00,Visa,Tehran,1578078.0,67
Success,2025-09-30 23:59:00,Visa,Karaj,976246.0,72
Fail,2025-09-18 02:54:00,Mastercard,Isfahan,452545.0,96
Fail,2025-09-14 11:11:00,Nan,Mashhad,100.5,48
Success,2025-09-15 00:00:00,Discover,Shiraz,583952.0,83
Fail,2025-09-06 06:30:00,Discover,Karaj,177050.0,70
Success,2025-09-11 02:30:00,Visa,Shiraz,914282.0,78
Fail,2025-09-13 13:10:00,Mastercard,Isfahan,0.0,67
Fail,2025-09-25 19:29:00,Visa,Isfahan,1000.0,48
Fail,2025-09-01 02:37:00,Mastercard,Tehran,0.0,65
Success,2025-09-28 13:13:00,Discover,Tehran,585954.0,44
Fail,2025-09-06 19:51:00,Discover,Tehran,343679.0,95
Fail,2025-09-09 08:08:00,Mastercard,Qom,452545.0,63
Success,2025-09-08 06:30:00,Mastercard,Tehran,452545.0,46
Fail,2025-09-11 07:08:00,Visa,Isfahan,452545.0,19
Success,2025-09-22 14:11:00,Mastercard,Ahvaz,1578078.0,64
Success,2025-09-19 14:55:00,Mastercard,Ahvaz,914465.0,83
Success,2025-09-24 22:27:00,Discover,Tehran,650000.0,73
Fail,2025-09-09 03:27:00,Visa,Isfahan,1387769.0,71
Fail,2025-09-17 09:09:00,Mastercard,Karaj,2020587.5,50
Fail,2025-09-12 11:11:00,Visa,Isfahan,99999.0,63
Success,2025-09-25 18:12:00,Visa,Qom,12345.0,41
Success,2025-09-14 12:34:00,American Express,Qom,200000.0,7
Fail,2025-09-15 10:48:00,Discover,Tehran,1578078.0,9
Success,2025-09-16 09:45:00,Visa,Isfahan,914282.0,4
Success,2025-09-22 08:08:00,Visa,Tehran,12345.0,90
Fail,2025-09-22 15:45:00,Discover,Tehran,419089.0,49
Fail,2025-09-28 20:33:00,Mastercard,Mashhad,1463119.0,76
Fail,2025-09-20 07:08:00,Visa,Qom,452545.0,6
Success,2025-09-01 03:27:00,Visa,Tehran,650000.0,82
Success,2025-09-10 01:51:00,Mastercard,Ahvaz,177050.0,21
Fail,2025-09-08 04:15:00,Visa,Isfahan,452545.0,15
Success,2025-09-18 05:23:00,Mastercard,Tehran,343679.0,67
Success,2025-09-28 21:21:00,Mastercard,Isfahan,177050.0,66
Success,2025-09-01 04:04:00,Visa,Tehran,2020587.5,56
Fail,2025-09-02 21:23:00,Mastercard,Ahvaz,2020587.5,68
Success,2025-09-01 03:27:00,Mastercard,Qom,1000.0,32
Success,2025-09-01 21:10:00,Mastercard,Isfahan,2020587.5,66
Success,2025-09-09 19:40:00,Mastercard,Isfahan,177050.0,29
Fail,2025-09-13 01:01:00,Visa,Tehran,419089.0,66
Fail,2025-09-30 13:10:00,Visa,Isfahan,1.0,34
Fail,2025-09-01 14:11:00,Mastercard,Tehran,177050.0,27
Success,2025-09-13 11:11:00,Nan,Mashhad,343679.0,60
Fail,2025-09-20 11:11:00,Discover,Tehran,0.0,39
Fail,2025-09-26 02:37:00,American Express,Ahvaz,900000.0,44
Success,2025-09-22 04:15:00,Visa,Tehran,1050805.0,82
Success,2025-09-07 07:32:00,Mastercard,Tehran,419089.0,36
Fail,2025-09-02 02:54:00,American Express,Mashhad,0.0,19
Success,2025-09-06 22:27:00,Mastercard,Tehran,177050.0,92
Success,2025-09-07 22:27:00,Mastercard,Ahvaz,177050.0,45
Fail,2025-09-26 02:37:00,Visa,Tabriz,900000.0,84
Fail,2025-09-14 13:13:00,Discover,Tabriz,100.5,21
Fail,2025-09-26 10:05:00,Visa,Tehran,120000.0,23
Success,2025-09-18 23:17:00,Visa,Mashhad,1472823.0,95
Success,2025-09-15 05:23:00,Mastercard,Tehran,1578078.0,90
Fail,2025-09-02 23:59:00,Mastercard,Ahvaz,177050.0,96
Success,2025-09-10 14:11:00,Mastercard,Mashhad,900000.0,27
Fail,2025-09-23 02:24:00,Visa,Mashhad,2020587.5,99
Success,2025-09-12 02:37:00,Visa,Tehran,100.5,72
Fail,2025-09-17 20:33:00,American Express,Karaj,177050.0,19
Fail,2025-09-08 23:59:00,Visa,Mashhad,1883871.0,41
Success,2025-09-11 19:40:00,American Express,Isfahan,585954.0,26
Success,2025-09-29 04:15:00,Mastercard,Ahvaz,177050.0,28
Fail,2025-09-03 01:51:00,Discover,Tehran,452545.0,64
Fail,2025-09-27 20:20:00,Discover,Isfahan,0.0,68
Fail,2025-09-06 12:44:00,Master Card,Qom,205000.0,96
Success,2025-09-09 23:17:00,Mastercard,Mashhad,177050.0,80
Success,2025-09-06 07:08:00,American Express,Tehran,443463.0,51
Fail,2025-09-09 11:11:00,Master Card,Tabriz,177050.0,74
Success,2025-09-07 12:12:00,American Express,Tabriz,1578078.0,48
Success,2025-09-09 04:40:00,Master Card,Unknown,452545.0,10
Success,2025-09-18 16:16:00,Visa,Tabriz,120000.0,73
Fail,2025-09-12 02:24:00,Visa,Tabriz,976246.0,39
Success,2025-09-08 08:08:00,Discover,Karaj,585954.0,19
Fail,2025-09-08 00:00:00,Visa,Isfahan,471227.0,64
Fail,2025-09-18 02:37:00,Mastercard,Isfahan,1387769.0,19
Success,2025-09-28 07:08:00,Discover,Qom,1502601.0,76
Success,2025-09-30 14:55:00,Mastercard,Qom,1768588.0,62
Fail,2025-09-20 22:27:00,Mastercard,Qom,177050.0,13
Fail,2025-09-30 02:30:00,Visa,Tehran,452545.0,25
Fail,2025-09-15 14:55:00,Mastercard,Karaj,850000.0,90
Success,2025-09-27 00:00:00,Visa,Tehran,123456.0,93
Success,2025-09-07 16:16:00,Nan,Tabriz,100.5,42
Success,2025-09-11 06:30:00,Discover,Tehran,1782689.0,39
Fail,2025-09-20 17:07:00,American Express,Ahvaz,450000.0,30
Fail,2025-09-16 13:13:00,Visa,Qom,177050.0,5
Success,2025-09-04 19:40:00,Discover,Ahvaz,1782689.0,81
Fail,2025-09-06 08:08:00,Mastercard,Shiraz,0.0,18
Fail,2025-09-26 18:12:00,Mastercard,Tehran,177050.0,21
Success,2025-09-22 11:11:00,Visa,Tabriz,205000.0,87
Fail,2025-09-26 09:09:00,Mastercard,Mashhad,100.5,50
Fail,2025-09-03 01:51:00,Visa,Tabriz,1000.0,6
Success,2025-09-09 14:11:00,Visa,Tabriz,1883871.0,50
Fail,2025-09-28 01:01:00,Mastercard,Tehran,555555.0,80
Success,2025-09-10 19:51:00,Mastercard,Ahvaz,0.0,66
Success,2025-09-14 22:27:00,Visa,Isfahan,545116.0,1
Fail,2025-09-11 12:12:00,American Express,Ahvaz,850000.0,57
Success,2025-09-18 11:11:00,Mastercard,Shiraz,914282.0,30
Fail,2025-09-22 08:08:00,Visa,Tehran,976246.0,58
Success,2025-09-12 16:40:00,Discover,Isfahan,177050.0,52
Success,2025-09-23 10:05:00,Visa,Tabriz,0.0,37
Success,2025-09-12 14:00:00,Visa,Tabriz,471227.0,48
Fail,2025-09-13 10:48:00,Visa,Tabriz,1883871.0,88
Fail,2025-09-25 16:16:00,Visa,Tehran,452545.0,1
Fail,2025-09-13 04:04:00,Mastercard,Mashhad,452545.0,19
Fail,2025-09-19 03:27:00,Discover,Karaj,452545.0,46
Fail,2025-09-26 01:01:00,Discover,Tabriz,50200.0,67
Success,2025-09-19 19:51:00,Visa,Tehran,12345.0,2
Success,2025-09-23 09:00:00,American Express,Tehran,914465.0,56
Success,2025-09-14 09:45:00,Discover,Mashhad,0.0,17
Fail,2025-09-04 14:11:00,Mastercard,Tehran,914465.0,93
Success,2025-09-13 03:00:00,Mastercard,Tehran,177050.0,82
Fail,2025-09-08 05:56:00,American Express,Tehran,976246.0,98
Fail,2025-09-29 07:08:00,Discover,Isfahan,650000.0,79
Success,2025-09-23 01:51:00,Mastercard,Tehran,200000.0,22
Fail,2025-09-21 13:10:00,Discover,Karaj,419089.0,27
Success,2025-09-23 14:00:00,Mastercard,Ahvaz,0.0,55
Fail,2025-09-19 10:05:00,Mastercard,Tehran,0.0,32
Fail,2025-09-12 12:44:00,Mastercard,Tehran,120000.0,60
Success,2025-09-18 16:16:00,Visa,Karaj,412308.0,83
Success,2025-09-06 14:11:00,American Express,Tabriz,452545.0,28
Success,2025-09-18 13:13:00,Discover,Tehran,177050.0,28
Fail,2025-09-19 08:08:00,Visa,Isfahan,333333.0,74
Fail,2025-09-22 01:01:00,Mastercard,Tabriz,774681.0,84
Success,2025-09-05 12:34:00,Mastercard,Mashhad,452545.0,25
Fail,2025-09-24 02:37:00,Mastercard,Ahvaz,2020587.5,85
Fail,2025-09-09 19:51:00,American Express,Shiraz,0.0,78
Fail,2025-09-27 00:00:00,Discover,Isfahan,471227.0,87
Fail,2025-09-03 23:17:00,American Express,Tehran,452545.0,26
Success,2025-09-28 03:27:00,Mastercard,Tehran,1305967.0,75
Fail,2025-09-10 07:08:00,Mastercard,Tabriz,1768588.0,71
Success,2025-09-19 10:48:00,Mastercard,Tabriz,976246.0,17
Fail,2025-09-03 02:24:00,Mastercard,Shiraz,1387769.0,82
Fail,2025-09-29 19:51:00,Mastercard,Ahvaz,452545.0,7
Fail,2025-09-29 14:55:00,Visa,Tehran,419089.0,56
Fail,2025-09-22 01:01:00,Visa,Tehran,1768588.0,64
Fail,2025-09-15 19:19:00,Visa,Tehran,1883871.0,20
Success,2025-09-01 13:10:00,Mastercard,Isfahan,1387769.0,38
Fail,2025-09-07 07:08:00,Visa,Tehran,412308.0,75
Fail,2025-09-12 11:11:00,Discover,Qom,1502601.0,58
Success,2025-09-17 09:00:00,American Express,Tehran,200000.0,16
Success,2025-09-30 12:12:00,Mastercard,Tehran,100.5,51
Fail,2025-09-21 20:20:00,Nan,Tehran,1463119.0,27
Success,2025-09-26 19:29:00,Visa,Tehran,555555.0,51
Success,2025-09-29 05:56:00,Visa,Mashhad,555555.0,75
Success,2025-09-24 12:34:00,Mastercard,Isfahan,914282.0,16
Success,2025-09-20 19:40:00,Visa,Isfahan,1472823.0,88
Fail,2025-09-05 18:12:00,Mastercard,Karaj,1782689.0,60
Success,2025-09-04 09:45:00,Visa,Shiraz,1387769.0,76
Success,2025-09-28 00:00:00,American Express,Tehran,1463119.0,40
Success,2025-09-12 20:20:00,American Express,Mashhad,0.0,67
Fail,2025-09-30 19:19:00,Visa,Tabriz,99999.0,2
Success,2025-09-20 19:29:00,American Express,Tehran,914465.0,48
Success,2025-09-28 03:27:00,Visa,Shiraz,452545.0,52
Success,2025-09-24 16:40:00,Mastercard,Karaj,471227.0,24
Success,2025-09-18 14:00:00,Discover,Tehran,0.0,94
Success,2025-09-17 20:33:00,Discover,Tehran,0.0,99
Fail,2025-09-19 12:12:00,Visa,Mashhad,1782689.0,84
Success,2025-09-09 14:55:00,American Express,Tehran,1883871.0,82
Success,2025-09-04 13:13:00,Mastercard,Shiraz,1000.0,78
Fail,2025-09-26 19:29:00,Mastercard,Mashhad,205000.0,82
Fail,2025-09-21 06:30:00,Visa,Tehran,452545.0,2
Success,2025-09-02 03:00:00,Mastercard,Isfahan,0.0,65
Fail,2025-09-04 14:11:00,American Express,Ahvaz,1502601.0,20
Success,2025-09-02 03:27:00,Visa,Qom,2020587.5,34
Fail,2025-09-15 22:27:00,Mastercard,Tabriz,850000.0,41
Fail,2025-09-02 11:11:00,Mastercard,Tehran,343679.0,41
Fail,2025-09-04 20:33:00,Visa,Tabriz,1.0,75
Success,2025-09-06 19:51:00,Discover,Tabriz,63489.0,92
Success,2025-09-07 08:08:00,Mastercard,Isfahan,545116.0,23
Success,2025-09-10 06:06:00,Visa,Tehran,545116.0,38
Success,2025-09-19 21:23:00,Visa,Mashhad,452545.0,44
Fail,2025-09-19 07:08:00,Discover,Karaj,452545.0,67
Fail,2025-09-26 19:51:00,Mastercard,Tehran,583952.0,62
Fail,2025-09-22 20:33:00,Visa,Ahvaz,443463.0,12
Fail,2025-09-29 01:01:00,Mastercard,Tehran,100.5,30
Fail,2025-09-12 19:29:00,Discover,Ahvaz,99999.0,96
Success,2025-09-03 19:19:00,Discover,Ahvaz,0.0,88
Fail,2025-09-13 12:12:00,Visa,Tabriz,452545.0,65
Success,2025-09-18 13:13:00,Discover,Tabriz,650000.0,41
Fail,2025-09-08 21:23:00,American Express,Karaj,976246.0,20
Success,2025-09-21 13:13:00,Visa,Tabriz,100000.0,6
Success,2025-09-15 12:12:00,Visa,Tabriz,1387769.0,75
Fail,2025-09-01 19:40:00,Visa,Karaj,1427657.0,100
Success,2025-09-03 14:30:00,Visa,Tehran,450000.0,4
Fail,2025-09-26 10:05:00,Visa,Tehran,0.0,94
Fail,2025-09-08 10:48:00,Discover,Mashhad,583952.0,10
Fail,2025-09-04 19:29:00,Visa,Shiraz,443463.0,51
Fail,2025-09-16 12:12:00,Mastercard,Shiraz,200000.0,94
Success,2025-09-30 00:00:00,Mastercard,Unknown,1305967.0,38
Fail,2025-09-23 04:04:00,American Express,Karaj,0.0,1
Success,2025-09-10 02:30:00,Discover,Shiraz,471227.0,8
Success,2025-09-12 02:30:00,Mastercard,Tehran,12345.0,81
Fail,2025-09-14 05:23:00,Discover,Tehran,452545.0,83
Success,2025-09-14 07:32:00,Visa,Tehran,177050.0,63
Success,2025-09-02 04:04:00,American Express,Qom,0.0,33
Fail,2025-09-23 21:10:00,Mastercard,Isfahan,1463119.0,15
Fail,2025-09-05 12:44:00,Visa,Tehran,1472823.0,31
Fail,2025-09-05 16:40:00,Mastercard,Tabriz,452545.0,21
Fail,2025-09-06 14:11:00,Mastercard,Shiraz,914465.0,3
Success,2025-09-13 12:12:00,Mastercard,Tehran,1768588.0,66
Success,2025-09-09 04:15:00,Visa,Tehran,177050.0,35
Success,2025-09-30 14:00:00,Visa,Qom,1427657.0,41
Fail,2025-09-22 01:51:00,Visa,Tabriz,914282.0,59
Success,2025-09-28 14:30:00,Discover,Shiraz,450000.0,16
Success,2025-09-29 08:08:00,Discover,Qom,177050.0,56
Success,2025-09-15 11:11:00,Visa,Tehran,774681.0,45
Success,2025-09-14 07:08:00,Visa,Tehran,1768588.0,59
Fail,2025-09-24 14:11:00,Visa,Mashhad,0.0,50
Success,2025-09-07 00:00:00,Discover,Tehran,774681.0,85
Fail,2025-09-25 10:48:00,Mastercard,Qom,343679.0,12
Success,2025-09-20 09:09:00,Visa,Tehran,452545.0,93
Fail,2025-09-02 10:05:00,Mastercard,Tehran,2020587.5,12
Fail,2025-09-07 19:51:00,Mastercard,Isfahan,300000.0,33
Fail,2025-09-06 13:13:00,Discover,Karaj,177050.0,84
Fail,2025-09-17 19:40:00,Visa,Tabriz,976246.0,49
Fail,2025-09-27 02:30:00,Discover,Tehran,585954.0,21
Fail,2025-09-25 14:00:00,Mastercard,Tehran,1782689.0,60
Success,2025-09-25 23:59:00,Mastercard,Tehran,100.5,52
Fail,2025-09-28 05:23:00,Visa,Tehran,452545.0,54
Fail,2025-09-02 06:06:00,Visa,Isfahan,976246.0,39
Success,2025-09-03 01:01:00,Visa,Isfahan,774681.0,49
Success,2025-09-05 13:13:00,Discover,Tehran,100.5,64
Fail,2025-09-05 02:30:00,Visa,Karaj,333333.0,87
Fail,2025-09-01 20:20:00,Visa,Isfahan,1578078.0,26
Success,2025-09-08 01:01:00,Discover,Mashhad,452545.0,71
Success,2025-09-12 13:10:00,Mastercard,Tabriz,1050805.0,7
Success,2025-09-24 20:33:00,Mastercard,Mashhad,545116.0,72
Success,2025-09-04 06:30:00,Visa,Ahvaz,583952.0,62
Fail,2025-09-13 10:48:00,Visa,Tehran,914282.0,91
Success,2025-09-23 03:00:00,Visa,Tehran,300000.0,89
Fail,2025-09-15 11:11:00,Mastercard,Isfahan,452545.0,24
Success,2025-09-11 03:27:00,Nan,Unknown,177050.0,40
Fail,2025-09-10 19:19:00,Mastercard,Tabriz,63489.0,76
Fail,2025-09-03 00:00:00,Visa,Tehran,100.5,47
Fail,2025-09-22 07:07:00,Mastercard,Ahvaz,452545.0,8
Success,2025-09-14 03:27:00,Mastercard,Tehran,452545.0,54
Success,2025-09-16 02:24:00,Nan,Tehran,900000.0,9
Success,2025-09-10 21:10:00,Discover,Tehran,976246.0,3
Success,2025-09-29 21:23:00,Visa,Ahvaz,452545.0,54
Fail,2025-09-10 08:08:00,Mastercard,Tehran,0.0,21
Fail,2025-09-12 02:24:00,American Express,Ahvaz,452545.0,96
Fail,2025-09-30 03:00:00,Visa,Karaj,1578078.0,48
Success,2025-09-09 06:06:00,Visa,Tehran,12345.0,47
Success,2025-09-01 10:48:00,American Express,Qom,123456.0,89
Fail,2025-09-05 14:11:00,Discover,Karaj,100.5,68
Fail,2025-09-20 16:16:00,Mastercard,Ahvaz,1782689.0,84
Fail,2025-09-08 21:10:00,Visa,Karaj,0.0,63
Success,2025-09-11 23:17:00,Visa,Shiraz,1305967.0,16
Fail,2025-09-12 03:27:00,Visa,Qom,1883871.0,74
Fail,2025-09-01 19:19:00,Visa,Mashhad,0.0,91
Fail,2025-09-25 18:12:00,Discover,Unknown,333333.0,94
Fail,2025-09-22 14:55:00,Discover,Isfahan,250000.0,5
Fail,2025-09-20 05:56:00,American Express,Tehran,63489.0,11
Success,2025-09-28 13:13:00,Visa,Ahvaz,99999.0,29
Success,2025-09-25 04:15:00,Mastercard,Tabriz,200000.0,79
Fail,2025-09-11 18:12:00,Visa,Mashhad,471227.0,70
Success,2025-09-05 02:37:00,Mastercard,Tehran,333333.0,48
Fail,2025-09-15 05:23:00,Visa,Shiraz,0.0,15
Success,2025-09-05 23:59:00,Discover,Tehran,545116.0,84
Success,2025-09-12 09:00:00,American Express,Karaj,452545.0,34
Fail,2025-09-05 13:13:00,Nan,Tabriz,100.5,60
Fail,2025-09-17 19:29:00,Mastercard,Tehran,450000.0,62
Fail,2025-09-17 14:00:00,Mastercard,Tabriz,1782689.0,2
Fail,2025-09-24 14:11:00,Visa,Isfahan,1387769.0,80
Success,2025-09-12 18:00:00,Visa,Mashhad,452545.0,19
Fail,2025-09-24 17:17:00,Visa,Unknown,450000.0,99
Success,2025-09-28 04:40:00,Mastercard,Tehran,585954.0,49
Fail,2025-09-15 13:13:00,Discover,Karaj,452545.0,78
Fail,2025-09-15 17:17:00,Nan,Isfahan,976246.0,89
Fail,2025-09-06 20:20:00,Mastercard,Tehran,471227.0,28
Fail,2025-09-12 16:40:00,American Express,Tehran,452545.0,48
Fail,2025-09-27 05:23:00,Mastercard,Qom,585954.0,97
Fail,2025-09-29 15:45:00,Mastercard,Ahvaz,0.0,37
Success,2025-09-20 00:00:00,American Express,Tabriz,443463.0,74
Fail,2025-09-18 12:34:00,Discover,Ahvaz,120000.0,49
Success,2025-09-14 17:17:00,Visa,Karaj,1050805.0,48
Fail,2025-09-02 14:30:00,American Express,Isfahan,0.0,73
Success,2025-09-09 16:40:00,Mastercard,Qom,419089.0,89
Success,2025-09-05 02:30:00,Visa,Tehran,343679.0,29
Success,2025-09-20 19:40:00,Visa,Karaj,100.5,60
Success,2025-09-26 02:20:00,American Express,Mashhad,1578078.0,29
Fail,2025-09-29 17:17:00,Visa,Shiraz,1883871.0,58
Success,2025-09-01 04:04:00,Mastercard,Ahvaz,1472823.0,48
Fail,2025-09-23 05:56:00,Visa,Tehran,850000.0,23
Success,2025-09-03 11:11:00,Visa,Qom,99999.0,27
Success,2025-09-06 03:27:00,Mastercard,Tehran,583952.0,96
Fail,2025-09-05 00:00:00,American Express,Tehran,2020587.5,7
Success,2025-09-21 12:34:00,Visa,Karaj,650000.0,49
Fail,2025-09-27 21:10:00,Discover,Tehran,100.5,54
Success,2025-09-05 04:04:00,Master Card,Unknown,1387769.0,68
Success,2025-09-01 12:34:00,Discover,Shiraz,452545.0,78
Success,2025-09-17 04:40:00,Visa,Tabriz,914465.0,42
Success,2025-09-19 14:30:00,Visa,Shiraz,12345.0,74
Fail,2025-09-14 01:51:00,Discover,Tehran,1472823.0,59
Success,2025-09-12 20:33:00,Mastercard,Tehran,450000.0,44
Fail,2025-09-10 01:51:00,Visa,Tehran,1782689.0,99
Fail,2025-09-20 20:20:00,American Express,Tehran,555555.0,26
Success,2025-09-21 06:06:00,Discover,Tehran,1578078.0,23
Success,2025-09-18 23:17:00,Visa,Tehran,100000.0,73
Fail,2025-09-24 13:13:00,Mastercard,Tehran,250000.0,8
Fail,2025-09-27 20:33:00,American Express,Tehran,1000.0,53
Success,2025-09-11 03:27:00,Master Card,Tabriz,452545.0,14
Success,2025-09-30 03:27:00,Visa,Isfahan,850000.0,71
Success,2025-09-02 13:13:00,Visa,Isfahan,12345.0,7
Fail,2025-09-25 04:15:00,Visa,Ahvaz,200000.0,9
Fail,2025-09-18 13:13:00,Discover,Isfahan,200000.0,3
Success,2025-09-29 10:05:00,American Express,Tehran,452545.0,78
Fail,2025-09-25 06:06:00,Discover,Unknown,0.0,17
Fail,2025-09-07 07:08:00,Mastercard,Tabriz,5000.0,44
Fail,2025-09-24 05:23:00,Visa,Mashhad,1158713.0,87
Fail,2025-09-15 14:55:00,American Express,Qom,900000.0,46
Fail,2025-09-11 20:20:00,American Express,Qom,1472823.0,91
Fail,2025-09-18 12:12:00,Visa,Isfahan,1472823.0,58
Fail,2025-09-23 01:01:00,Mastercard,Tehran,343679.0,28
Success,2025-09-12 17:17:00,Visa,Tehran,100.5,14
Fail,2025-09-06 01:01:00,Mastercard,Tehran,205000.0,9
Success,2025-09-20 14:02:00,Mastercard,Tehran,0.0,26
Success,2025-09-23 14:11:00,Nan,Tabriz,914282.0,2
Fail,2025-09-30 02:30:00,American Express,Tehran,471227.0,75
Fail,2025-09-13 10:05:00,Visa,Shiraz,0.0,81
Success,2025-09-20 21:23:00,American Express,Tehran,452545.0,34
Fail,2025-09-16 20:33:00,Visa,Tehran,650000.0,19
Fail,2025-09-18 08:08:00,Mastercard,Shiraz,50200.0,39
Success,2025-09-10 13:13:00,Visa,Qom,1000.0,82
Fail,2025-09-28 13:10:00,Discover,Tehran,452545.0,13
Success,2025-09-23 04:04:00,Mastercard,Mashhad,583952.0,5
Success,2025-09-08 12:34:00,Mastercard,Isfahan,0.0,50
Success,2025-09-18 07:32:00,Discover,Qom,545116.0,23
Fail,2025-09-21 07:08:00,Visa,Karaj,450000.0,89
Fail,2025-09-01 07:07:00,American Express,Tabriz,1768588.0,29
Success,2025-09-23 14:11:00,Visa,Isfahan,200000.0,72
Success,2025-09-08 03:27:00,Visa,Ahvaz,12345.0,26
Fail,2025-09-29 08:59:00,Visa,Tehran,1578078.0,79
Success,2025-09-06 19:29:00,Visa,Tehran,0.0,57
Fail,2025-09-05 03:27:00,Discover,Mashhad,0.0,1
Success,2025-09-15 19:51:00,American Express,Mashhad,900000.0,28
Success,2025-09-22 12:34:00,Visa,Mashhad,452545.0,62
Success,2025-09-15 08:08:00,Discover,Tehran,914282.0,47
Fail,2025-09-02 22:27:00,Visa,Karaj,177050.0,78
Success,2025-09-01 02:37:00,Mastercard,Tabriz,452545.0,99
Success,2025-09-23 02:37:00,Mastercard,Tehran,412308.0,59
Fail,2025-09-23 07:32:00,American Express,Isfahan,0.0,31
Fail,2025-09-26 19:19:00,Nan,Tabriz,177050.0,70
Success,2025-09-11 22:27:00,Visa,Tehran,555555.0,49
Success,2025-09-10 12:44:00,Mastercard,Tabriz,471227.0,5
Fail,2025-09-30 13:13:00,American Express,Tehran,452545.0,31
Success,2025-09-18 07:32:00,Visa,Tehran,333333.0,37
Success,2025-09-18 04:04:00,Visa,Tehran,250000.0,79
Fail,2025-09-17 04:15:00,Mastercard,Tabriz,205000.0,15
Success,2025-09-26 14:00:00,American Express,Isfahan,545116.0,52
Fail,2025-09-08 23:59:00,Mastercard,Qom,585954.0,69
Fail,2025-09-15 21:10:00,Visa,Tabriz,1578078.0,93
Fail,2025-09-08 06:06:00,Mastercard,Mashhad,0.0,98
Success,2025-09-17 16:40:00,Discover,Tehran,583952.0,11
Fail,2025-09-12 17:17:00,Visa,Qom,5000.0,43
Fail,2025-09-27 14:55:00,Mastercard,Isfahan,471227.0,70
Success,2025-09-08 09:45:00,Discover,Tehran,583952.0,23
Success,2025-09-25 21:21:00,Master Card,Isfahan,443463.0,40
Fail,2025-09-14 19:19:00,Mastercard,Isfahan,900000.0,63
Success,2025-09-04 08:08:00,Visa,Qom,1502601.0,2
Fail,2025-09-01 11:11:00,Discover,Tehran,452545.0,79
Fail,2025-09-01 02:30:00,American Express,Tehran,0.0,88
Fail,2025-09-19 14:02:00,American Express,Ahvaz,452545.0,87
Fail,2025-09-16 21:23:00,Mastercard,Tabriz,914465.0,73
Fail,2025-09-14 06:06:00,Visa,Karaj,650000.0,47
Fail,2025-09-21 19:51:00,Discover,Tehran,250000.0,30
Success,2025-09-16 12:12:00,Nan,Karaj,585954.0,16
Success,2025-09-05 12:12:00,Mastercard,Tehran,452545.0,59
Fail,2025-09-09 11:11:00,Visa,Isfahan,1883871.0,47
Success,2025-09-26 23:59:00,Visa,Mashhad,585954.0,30
Success,2025-09-30 10:48:00,Visa,Isfahan,2020587.5,9
Success,2025-09-28 10:48:00,Mastercard,Tehran,452545.0,65
Fail,2025-09-02 08:08:00,Visa,Tehran,585954.0,59
Fail,2025-09-18 09:09:00,Mastercard,Shiraz,650000.0,64
Success,2025-09-06 04:04:00,Mastercard,Shiraz,0.0,8
Fail,2025-09-09 07:08:00,American Express,Isfahan,100.5,52
Fail,2025-09-01 09:45:00,Mastercard,Tabriz,914465.0,18
Success,2025-09-09 14:11:00,Visa,Tabriz,452545.0,92
Fail,2025-09-25 23:59:00,American Express,Ahvaz,452545.0,82
Fail,2025-09-16 09:00:00,Mastercard,Tehran,0.0,97
Success,2025-09-13 10:05:00,Visa,Qom,850000.0,58
Success,2025-09-09 21:21:00,Mastercard,Tabriz,1050805.0,49
Success,2025-09-21 12:34:00,Visa,Tabriz,1883871.0,32
Fail,2025-09-13 16:16:00,Nan,Mashhad,2020587.5,48
Success,2025-09-09 18:00:00,Visa,Tehran,2020587.5,45
Fail,2025-09-11 08:08:00,Discover,Shiraz,177050.0,54
Fail,2025-09-04 02:20:00,Visa,Ahvaz,100000.0,85
Success,2025-09-02 02:54:00,American Express,Qom,1.0,46
Success,2025-09-29 02:30:00,Visa,Karaj,555555.0,97
Success,2025-09-06 02:20:00,Mastercard,Isfahan,0.0,31
Success,2025-09-14 18:00:00,Discover,Tehran,0.0,37
Fail,2025-09-04 23:59:00,Mastercard,Mashhad,2020587.5,16
Success,2025-09-06 23:59:00,Visa,Qom,585954.0,46
Success,2025-09-19 01:01:00,Visa,Mashhad,452545.0,46
Success,2025-09-06 00:00:00,Visa,Tabriz,50200.0,78
Success,2025-09-02 20:33:00,American Express,Tabriz,100.5,89
Fail,2025-09-18 07:07:00,American Express,Tehran,250000.0,90
Fail,2025-09-13 11:11:00,Discover,Karaj,850000.0,61
Fail,2025-09-09 14:02:00,American Express,Tabriz,0.0,46
Success,2025-09-23 14:00:00,Mastercard,Isfahan,900000.0,51
Fail,2025-09-19 15:45:00,Discover,Tehran,419089.0,62
Success,2025-09-13 01:51:00,Visa,Qom,443463.0,35
Fail,2025-09-11 17:17:00,American Express,Tehran,471227.0,81
Success,2025-09-01 19:19:00,Visa,Ahvaz,1000.0,42
Fail,2025-09-24 14:30:00,Discover,Tabriz,0.0,45
Fail,2025-09-30 07:08:00,Mastercard,Qom,1050805.0,68
Success,2025-09-22 05:23:00,Mastercard,Mashhad,0.0,75
Success,2025-09-07 16:16:00,Discover,Tabriz,1463119.0,47
Success,2025-09-25 14:11:00,Visa,Tehran,0.0,79
Fail,2025-09-21 18:00:00,Mastercard,Tabriz,0.0,30
Fail,2025-09-15 23:59:00,Discover,Tehran,1.0,24
Success,2025-09-01 18:45:00,Visa,Tabriz,976246.0,66
Success,2025-09-12 02:24:00,Visa,Unknown,100.5,43
Fail,2025-09-26 08:08:00,Mastercard,Isfahan,555555.0,34
Success,2025-09-07 07:08:00,Mastercard,Tehran,0.0,23
Success,2025-09-15 12:12:00,Visa,Qom,452545.0,61
Fail,2025-09-21 00:00:00,Mastercard,Shiraz,452545.0,96
Fail,2025-09-19 10:48:00,Visa,Tehran,12345.0,37
Fail,2025-09-28 06:06:00,American Express,Tabriz,1768588.0,13
Fail,2025-09-29 02:24:00,Visa,Mashhad,1782689.0,98
Fail,2025-09-25 06:30:00,Mastercard,Tehran,452545.0,71
Fail,2025-09-01 02:37:00,Mastercard,Tehran,200000.0,97
Fail,2025-09-17 20:20:00,Mastercard,Mashhad,774681.0,7
Success,2025-09-17 14:30:00,Visa,Tehran,914465.0,42
Fail,2025-09-03 03:27:00,Visa,Mashhad,914282.0,38
Fail,2025-09-12 08:08:00,American Express,Shiraz,63489.0,52
Success,2025-09-06 18:12:00,Visa,Karaj,976246.0,44
Fail,2025-09-26 00:00:00,Discover,Tehran,1782689.0,64
Fail,2025-09-11 13:10:00,Visa,Tehran,250000.0,13
Success,2025-09-03 12:12:00,American Express,Mashhad,1.0,89
Success,2025-09-08 11:11:00,Visa,Unknown,333333.0,28
Fail,2025-09-14 02:20:00,American Express,Isfahan,99999.0,97
Fail,2025-09-14 11:11:00,Visa,Isfahan,976246.0,82
Fail,2025-09-10 14:00:00,Visa,Isfahan,1427657.0,99
Success,2025-09-02 18:12:00,Mastercard,Tehran,200000.0,99
Success,2025-09-14 02:30:00,Discover,Ahvaz,452545.0,1
Fail,2025-09-09 14:02:00,Mastercard,Tabriz,1768588.0,43
Fail,2025-09-03 19:51:00,American Express,Karaj,1502601.0,42
Success,2025-09-21 07:07:00,Discover,Mashhad,452545.0,96
Fail,2025-09-26 00:00:00,Visa,Shiraz,850000.0,50
Success,2025-09-08 01:01:00,Master Card,Tehran,0.0,60
Fail,2025-09-16 05:56:00,American Express,Tehran,0.0,1
Fail,2025-09-02 03:00:00,Visa,Tabriz,1883871.0,51
Success,2025-09-06 02:30:00,Discover,Shiraz,1387769.0,16
Success,2025-09-28 07:08:00,Mastercard,Ahvaz,100000.0,39
Fail,2025-09-21 02:20:00,Visa,Qom,0.0,15
Fail,2025-09-29 17:17:00,Mastercard,Isfahan,50200.0,33
Success,2025-09-26 04:40:00,Mastercard,Tehran,1578078.0,88
Success,2025-09-25 16:16:00,Visa,Tabriz,452545.0,53
Success,2025-09-12 12:12:00,Mastercard,Tehran,1472823.0,99
Fail,2025-09-05 03:27:00,Visa,Tehran,850000.0,17
Success,2025-09-02 22:27:00,Visa,Isfahan,1782689.0,90
Fail,2025-09-16 11:11:00,Discover,Tehran,850000.0,6
Success,2025-09-05 23:59:00,Mastercard,Tehran,0.0,31
Success,2025-09-15 03:27:00,Discover,Tabriz,205000.0,69
Fail,2025-09-12 20:20:00,Discover,Tehran,452545.0,40
Fail,2025-09-04 11:11:00,Discover,Tehran,914465.0,30
Fail,2025-09-15 09:09:00,Visa,Ahvaz,471227.0,69
Success,2025-09-11 01:51:00,Mastercard,Tehran,0.0,76
Fail,2025-09-16 02:30:00,Mastercard,Tabriz,5000.0,7
Success,2025-09-23 23:17:00,Visa,Shiraz,650000.0,13
Fail,2025-09-06 07:08:00,Mastercard,Isfahan,419089.0,4
Success,2025-09-14 21:21:00,Visa,Karaj,545116.0,50
Success,2025-09-18 04:40:00,Discover,Mashhad,419089.0,3
Fail,2025-09-12 01:51:00,Discover,Shiraz,200000.0,12
Fail,2025-09-27 03:27:00,Nan,Qom,2020587.5,65
Success,2025-09-11 05:56:00,Mastercard,Shiraz,100000.0,27
Success,2025-09-13 21:21:00,Mastercard,Tabriz,850000.0,50
Fail,2025-09-21 20:33:00,American Express,Isfahan,99999.0,77
Success,2025-09-23 02:20:00,Visa,Tehran,914465.0,17
Fail,2025-09-11 05:23:00,Master Card,Qom,1578078.0,72
Success,2025-09-23 08:08:00,Discover,Mashhad,0.0,32
Fail,2025-09-16 17:07:00,Visa,Ahvaz,452545.0,84
Success,2025-09-15 05:56:00,Discover,Tabriz,471227.0,51
Fail,2025-09-21 21:23:00,Discover,Isfahan,1463119.0,17
Fail,2025-09-28 20:33:00,Visa,Tehran,1578078.0,34
Fail,2025-09-15 14:30:00,American Express,Shiraz,0.0,35
Fail,2025-09-25 01:51:00,Discover,Karaj,443463.0,100
Fail,2025-09-04 02:30:00,American Express,Ahvaz,343679.0,24
Fail,2025-09-11 06:06:00,Visa,Tehran,452545.0,54
Fail,2025-09-19 01:01:00,Visa,Tehran,1578078.0,18
Success,2025-09-15 04:15:00,Visa,Ahvaz,0.0,50
Success,2025-09-04 11:11:00,American Express,Tabriz,0.0,46
Success,2025-09-21 01:51:00,Mastercard,Tabriz,1782689.0,48
Fail,2025-09-13 17:07:00,Visa,Mashhad,2020587.5,33
Fail,2025-09-22 18:00:00,Visa,Unknown,2020587.5,88
Fail,2025-09-19 00:00:00,Visa,Isfahan,452545.0,90
Fail,2025-09-02 04:04:00,Discover,Tehran,1427657.0,27
Fail,2025-09-14 20:20:00,Visa,Tehran,471227.0,1
Fail,2025-09-29 04:15:00,Mastercard,Isfahan,123456.0,85
Success,2025-09-04 02:37:00,Mastercard,Karaj,177050.0,59
Fail,2025-09-16 05:56:00,Mastercard,Ahvaz,1782689.0,10
Fail,2025-09-21 20:33:00,Visa,Karaj,1472823.0,96
Fail,2025-09-20 06:30:00,Mastercard,Karaj,2020587.5,25
Fail,2025-09-14 14:11:00,Visa,Karaj,100.5,84
Success,2025-09-27 10:48:00,Discover,Shiraz,5000.0,57
Fail,2025-09-29 02:37:00,Visa,Isfahan,100.5,66
Fail,2025-09-15 21:10:00,Visa,Shiraz,583952.0,15
Fail,2025-09-28 10:05:00,American Express,Karaj,1502601.0,28
Success,2025-09-03 16:40:00,Mastercard,Isfahan,1305967.0,13
Fail,2025-09-08 09:45:00,Mastercard,Tabriz,100.5,14
Fail,2025-09-16 13:10:00,American Express,Isfahan,900000.0,66
Success,2025-09-10 02:37:00,Master Card,Qom,976246.0,34
Fail,2025-09-04 14:30:00,Mastercard,Tehran,1883871.0,100
Success,2025-09-30 03:27:00,Mastercard,Ahvaz,63489.0,25
Fail,2025-09-18 12:12:00,Discover,Tehran,0.0,54
Success,2025-09-02 03:27:00,Visa,Tehran,850000.0,79
Success,2025-09-17 01:01:00,American Express,Tehran,452545.0,12
Fail,2025-09-13 02:24:00,Discover,Qom,471227.0,9
Success,2025-09-04 02:54:00,Mastercard,Tabriz,0.0,31
Success,2025-09-26 14:00:00,Visa,Isfahan,99999.0,78
Success,2025-09-25 14:11:00,Visa,Tehran,0.0,94
Fail,2025-09-30 19:51:00,Visa,Karaj,914282.0,53
Success,2025-09-11 03:27:00,Discover,Tehran,1463119.0,43
Success,2025-09-07 06:06:00,Visa,Qom,343679.0,38
Fail,2025-09-12 03:27:00,Mastercard,Tehran,450000.0,42
Fail,2025-09-10 20:33:00,Visa,Ahvaz,0.0,72
Fail,2025-09-07 07:08:00,Discover,Tehran,1.0,48
Success,2025-09-13 19:19:00,Mastercard,Tehran,1387769.0,67
Success,2025-09-07 10:48:00,Visa,Tehran,2020587.5,66
Fail,2025-09-24 00:00:00,American Express,Tehran,0.0,16
Fail,2025-09-17 07:08:00,Mastercard,Tehran,452545.0,83
Success,2025-09-10 04:40:00,Mastercard,Qom,300000.0,95
Success,2025-09-29 01:01:00,Visa,Isfahan,1578078.0,16
Fail,2025-09-10 13:13:00,Mastercard,Mashhad,343679.0,31
Fail,2025-09-24 18:45:00,Mastercard,Karaj,200000.0,58
Fail,2025-09-04 03:00:00,Visa,Tehran,100.5,28
Success,2025-09-20 15:45:00,Mastercard,Karaj,177050.0,4
Fail,2025-09-04 10:48:00,Mastercard,Ahvaz,976246.0,10
Fail,2025-09-22 02:30:00,Visa,Tabriz,1463119.0,51
Fail,2025-09-07 08:59:00,Mastercard,Mashhad,50200.0,18
Fail,2025-09-22 11:11:00,Visa,Tehran,452545.0,47
Fail,2025-09-01 14:30:00,Visa,Ahvaz,0.0,32
Fail,2025-09-12 11:11:00,Visa,Karaj,443463.0,30
Success,2025-09-24 14:11:00,Visa,Tehran,583952.0,36
Success,2025-09-13 04:04:00,Discover,Tehran,343679.0,9
Success,2025-09-10 21:21:00,Discover,Tehran,914465.0,36
Success,2025-09-15 14:00:00,Visa,Qom,250000.0,29
Fail,2025-09-27 18:00:00,Mastercard,Qom,452545.0,16
Fail,2025-09-13 12:12:00,American Express,Tehran,250000.0,93
Fail,2025-09-23 09:00:00,Visa,Karaj,177050.0,21
Fail,2025-09-22 01:01:00,Discover,Tabriz,1578078.0,64
Fail,2025-09-22 14:00:00,Mastercard,Tehran,50200.0,66
Fail,2025-09-21 20:33:00,Discover,Tehran,5000.0,59
Fail,2025-09-22 05:23:00,Mastercard,Mashhad,1578078.0,100
Success,2025-09-28 06:30:00,American Express,Shiraz,0.0,28
Fail,2025-09-09 21:23:00,Mastercard,Qom,1578078.0,55
Success,2025-09-26 12:12:00,Visa,Tehran,1463119.0,31
Fail,2025-09-09 02:54:00,Mastercard,Tehran,850000.0,33
Success,2025-09-15 10:48:00,Mastercard,Isfahan,1578078.0,88
Success,2025-09-10 23:59:00,Discover,Isfahan,1578078.0,60
Success,2025-09-24 21:23:00,Master Card,Shiraz,900000.0,41
Success,2025-09-26 14:55:00,Mastercard,Shiraz,1463119.0,81
Fail,2025-09-25 02:20:00,American Express,Tehran,585954.0,46
Fail,2025-09-29 23:17:00,Mastercard,Tehran,452545.0,49
Success,2025-09-10 13:10:00,Visa,Mashhad,471227.0,65
Fail,2025-09-08 02:20:00,Visa,Mashhad,452545.0,42
Fail,2025-09-24 04:40:00,Visa,Shiraz,419089.0,23
Fail,2025-09-16 05:23:00,Visa,Tehran,200000.0,27
Fail,2025-09-17 17:07:00,Mastercard,Unknown,976246.0,90
Fail,2025-09-26 11:11:00,Visa,Mashhad,205000.0,32
Success,2025-09-27 19:51:00,Mastercard,Tehran,0.0,83
Success,2025-09-05 23:17:00,American Express,Tehran,583952.0,89
Fail,2025-09-04 21:23:00,Discover,Qom,443463.0,3
Fail,2025-09-18 14:00:00,Visa,Tehran,452545.0,60
Success,2025-09-24 14:11:00,American Express,Qom,1387769.0,76
Fail,2025-09-19 07:08:00,Visa,Qom,177050.0,100
Success,2025-09-04 09:45:00,Mastercard,Ahvaz,100000.0,79
Fail,2025-09-28 19:40:00,Visa,Tehran,774681.0,17
Fail,2025-09-07 16:16:00,Mastercard,Mashhad,1.0,32
Success,2025-09-10 20:20:00,Visa,Tehran,177050.0,7
Success,2025-09-25 02:24:00,Visa,Unknown,100.5,83
Success,2025-09-18 12:12:00,Discover,Tehran,0.0,71
Success,2025-09-19 03:27:00,Visa,Tehran,177050.0,69
Fail,2025-09-04 22:27:00,Mastercard,Tehran,850000.0,58
Fail,2025-09-10 19:29:00,Nan,Karaj,205000.0,40
Success,2025-09-01 11:11:00,Discover,Tabriz,0.0,85
Fail,2025-09-23 06:06:00,Mastercard,Tehran,1782689.0,48
Success,2025-09-18 16:16:00,Visa,Karaj,419089.0,51
Success,2025-09-05 06:06:00,Visa,Isfahan,333333.0,57
Success,2025-09-15 13:13:00,Mastercard,Tabriz,1782689.0,71
Fail,2025-09-17 12:44:00,Visa,Tabriz,1578078.0,37
Success,2025-09-03 14:11:00,Discover,Karaj,50200.0,88
Fail,2025-09-12 13:13:00,Visa,Tehran,1387769.0,75
Success,2025-09-02 05:56:00,Discover,Ahvaz,1768588.0,74
Fail,2025-09-01 16:16:00,Discover,Karaj,1578078.0,85
Success,2025-09-23 12:44:00,Mastercard,Ahvaz,419089.0,55
Fail,2025-09-21 11:11:00,Mastercard,Tehran,2020587.5,41
Success,2025-09-17 14:11:00,Master Card,Ahvaz,976246.0,98
Success,2025-09-22 14:11:00,Mastercard,Tabriz,1387769.0,20
Fail,2025-09-16 04:40:00,Mastercard,Ahvaz,774681.0,33
Fail,2025-09-05 18:00:00,Mastercard,Tabriz,452545.0,40
Fail,2025-09-15 18:45:00,Mastercard,Unknown,585954.0,100
Success,2025-09-03 16:16:00,Discover,Isfahan,1502601.0,34
Success,2025-09-28 12:34:00,Discover,Tabriz,1782689.0,62
Fail,2025-09-07 10:48:00,Mastercard,Tabriz,1050805.0,92
Fail,2025-09-11 05:23:00,Visa,Shiraz,583952.0,19
Success,2025-09-10 21:10:00,Nan,Tehran,0.0,43
Fail,2025-09-09 02:37:00,Mastercard,Tehran,300000.0,69
Fail,2025-09-14 12:12:00,Discover,Tabriz,63489.0,63
Fail,2025-09-13 12:34:00,Visa,Tabriz,2020587.5,94
Success,2025-09-29 23:59:00,Discover,Tehran,50200.0,10
Fail,2025-09-25 05:56:00,Visa,Tabriz,452545.0,13
Success,2025-09-30 12:12:00,Visa,Isfahan,583952.0,94
Success,2025-09-25 12:12:00,Mastercard,Isfahan,1463119.0,5
Success,2025-09-02 04:40:00,Visa,Tabriz,1768588.0,58
Fail,2025-09-03 11:11:00,Discover,Tehran,452545.0,59
Success,2025-09-07 20:33:00,Mastercard,Tabriz,1782689.0,76
Fail,2025-09-21 12:12:00,Mastercard,Ahvaz,1000.0,59
Fail,2025-09-18 20:33:00,Visa,Isfahan,583952.0,77
Fail,2025-09-03 09:00:00,Visa,Tabriz,452545.0,87
Success,2025-09-10 14:55:00,Visa,Tabriz,300000.0,15
Success,2025-09-22 18:45:00,Mastercard,Qom,1502601.0,77
Fail,2025-09-29 21:10:00,Mastercard,Tabriz,471227.0,1
Success,2025-09-07 09:45:00,Visa,Shiraz,0.0,38
Success,2025-09-09 23:59:00,Visa,Tehran,300000.0,53
Success,2025-09-17 16:40:00,Mastercard,Tehran,452545.0,52
Fail,2025-09-11 08:59:00,Visa,Tehran,976246.0,1
Success,2025-09-07 03:27:00,Visa,Tehran,300000.0,11
Fail,2025-09-24 02:30:00,Visa,Mashhad,0.0,58
Success,2025-09-28 10:48:00,Visa,Tehran,452545.0,40
Success,2025-09-14 00:00:00,Mastercard,Mashhad,452545.0,87
Fail,2025-09-19 23:59:00,Visa,Tehran,1883871.0,100
Fail,2025-09-04 19:29:00,Visa,Tehran,177050.0,60
Fail,2025-09-26 08:08:00,American Express,Isfahan,123456.0,44
Success,2025-09-06 08:08:00,Mastercard,Ahvaz,343679.0,6
Fail,2025-09-10 12:12:00,Master Card,Tehran,452545.0,28
Success,2025-09-07 21:21:00,Mastercard,Tehran,0.0,31
Fail,2025-09-13 03:00:00,Visa,Shiraz,452545.0,8
Fail,2025-09-14 12:12:00,Mastercard,Tehran,123456.0,5
Fail,2025-09-04 07:08:00,Visa,Ahvaz,914282.0,54
Fail,2025-09-08 02:24:00,Mastercard,Tehran,1387769.0,17
Fail,2025-09-05 00:00:00,Visa,Mashhad,419089.0,38
Success,2025-09-01 05:23:00,Mastercard,Karaj,419089.0,9
Fail,2025-09-04 04:15:00,Visa,Tabriz,2020587.5,74
Fail,2025-09-03 18:45:00,Visa,Tehran,1578078.0,84
Success,2025-09-09 16:16:00,Visa,Tehran,1000.0,78
Success,2025-09-08 17:17:00,Mastercard,Tehran,452545.0,14
Success,2025-09-01 09:00:00,Visa,Karaj,976246.0,26
Fail,2025-09-27 06:30:00,Master Card,Tehran,0.0,94
Success,2025-09-06 14:02:00,Mastercard,Karaj,1768588.0,62
Fail,2025-09-09 19:19:00,Visa,Karaj,1883871.0,92
Fail,2025-09-07 08:08:00,American Express,Unknown,914282.0,25
Fail,2025-09-04 05:23:00,Visa,Isfahan,0.0,80
Success,2025-09-13 04:04:00,American Express,Tehran,99999.0,36
Success,2025-09-17 18:12:00,Visa,Mashhad,1578078.0,99
Fail,2025-09-28 07:08:00,Visa,Tehran,200000.0,80
Fail,2025-09-02 09:09:00,Visa,Tehran,1768588.0,33
Fail,2025-09-28 14:30:00,Discover,Tehran,900000.0,3
Success,2025-09-05 07:07:00,Discover,Tehran,5000.0,88
Success,2025-09-12 08:08:00,Discover,Karaj,1463119.0,11
Fail,2025-09-27 01:51:00,Mastercard,Tabriz,1768588.0,58
Fail,2025-09-21 23:59:00,Mastercard,Qom,452545.0,64
Fail,2025-09-08 20:33:00,Mastercard,Isfahan,5000.0,18
Success,2025-09-06 19:40:00,Visa,Tehran,585954.0,47
Fail,2025-09-08 02:37:00,Visa,Tehran,585954.0,44
Success,2025-09-18 16:16:00,Visa,Tehran,452545.0,94
Fail,2025-09-03 09:09:00,Visa,Qom,1768588.0,59
Fail,2025-09-22 02:30:00,Mastercard,Tabriz,452545.0,50
Success,2025-09-12 13:10:00,Mastercard,Tehran,452545.0,69
Success,2025-09-29 03:27:00,Mastercard,Tehran,200000.0,89
Fail,2025-09-26 04:40:00,Mastercard,Tehran,123456.0,29
Success,2025-09-03 17:17:00,Visa,Shiraz,1158713.0,94
Fail,2025-09-22 02:37:00,Visa,Tehran,2020587.5,91
Fail,2025-09-06 18:00:00,Discover,Tehran,1463119.0,67
Success,2025-09-02 03:27:00,Nan,Tabriz,650000.0,2
Success,2025-09-23 02:20:00,Discover,Qom,976246.0,25
Success,2025-09-12 05:56:00,Visa,Mashhad,5000.0,19
Fail,2025-09-02 19:51:00,Mastercard,Mashhad,914465.0,40
Success,2025-09-06 07:07:00,Visa,Qom,177050.0,2
Fail,2025-09-17 10:05:00,Visa,Tehran,1463119.0,83
Fail,2025-09-03 11:11:00,Mastercard,Tehran,200000.0,65
Fail,2025-09-02 21:10:00,Visa,Ahvaz,200000.0,62
Success,2025-09-23 08:59:00,Visa,Tabriz,452545.0,92
Fail,2025-09-30 01:01:00,Discover,Isfahan,914465.0,54
Fail,2025-09-20 09:45:00,Mastercard,Tehran,205000.0,45
Fail,2025-09-08 11:11:00,Mastercard,Mashhad,412308.0,49
Success,2025-09-22 04:40:00,Visa,Ahvaz,471227.0,100
Fail,2025-09-12 10:05:00,American Express,Tehran,99999.0,69
Success,2025-09-26 21:21:00,Mastercard,Tabriz,0.0,38
Success,2025-09-04 01:51:00,Mastercard,Isfahan,452545.0,4
Success,2025-09-05 05:56:00,Discover,Tehran,452545.0,17
Fail,2025-09-13 02:30:00,Visa,Ahvaz,2020587.5,53
Fail,2025-09-29 01:01:00,Mastercard,Ahvaz,123456.0,85
Fail,2025-09-15 14:55:00,Mastercard,Karaj,123456.0,53
Fail,2025-09-25 19:51:00,Mastercard,Qom,452545.0,31
Fail,2025-09-23 11:11:00,Visa,Mashhad,1.0,22
Fail,2025-09-16 04:15:00,Visa,Tabriz,1050805.0,11
Success,2025-09-10 02:20:00,Master Card,Shiraz,976246.0,34
Fail,2025-09-30 11:11:00,Mastercard,Mashhad,976246.0,15
Fail,2025-09-30 05:56:00,Discover,Tehran,1.0,10
Success,2025-09-25 14:11:00,Discover,Tehran,412308.0,97
Fail,2025-09-23 08:08:00,Mastercard,Tehran,900000.0,53
Fail,2025-09-16 04:04:00,Visa,Isfahan,450000.0,48
Success,2025-09-12 01:01:00,Mastercard,Isfahan,100.5,31
Success,2025-09-17 14:02:00,Mastercard,Tehran,1387769.0,37
Success,2025-09-16 21:23:00,Mastercard,Karaj,12345.0,28
Success,2025-09-12 04:40:00,Visa,Karaj,471227.0,31
Success,2025-09-08 04:40:00,Visa,Tabriz,0.0,70
Success,2025-09-20 18:45:00,Mastercard,Karaj,120000.0,14
Success,2025-09-03 07:32:00,Mastercard,Qom,452545.0,88
Fail,2025-09-16 12:44:00,Visa,Mashhad,200000.0,16
Success,2025-09-30 19:40:00,American Express,Tehran,100000.0,25
Fail,2025-09-13 19:51:00,Master Card,Isfahan,452545.0,39
Fail,2025-09-23 19:19:00,Nan,Shiraz,1768588.0,66
Success,2025-09-28 02:30:00,Mastercard,Mashhad,583952.0,38
Success,2025-09-19 18:00:00,Discover,Qom,177050.0,41
Fail,2025-09-08 06:06:00,American Express,Tehran,914465.0,99
Fail,2025-09-22 16:16:00,Mastercard,Mashhad,1768588.0,40
Success,2025-09-05 19:40:00,Mastercard,Qom,123456.0,64
Fail,2025-09-20 05:23:00,Visa,Mashhad,452545.0,90
Success,2025-09-08 02:54:00,Visa,Karaj,63489.0,16
Success,2025-09-24 21:23:00,Discover,Tabriz,333333.0,82
Fail,2025-09-12 14:02:00,Mastercard,Tehran,471227.0,77
Fail,2025-09-01 22:27:00,Discover,Isfahan,452545.0,59
Fail,2025-09-25 08:08:00,Mastercard,Karaj,177050.0,92
Fail,2025-09-30 02:37:00,Visa,Tehran,0.0,99
Success,2025-09-21 09:09:00,American Express,Tehran,976246.0,11
Fail,2025-09-20 11:11:00,Master Card,Ahvaz,419089.0,1
Fail,2025-09-06 08:08:00,Mastercard,Tehran,914282.0,13
Success,2025-09-22 02:30:00,Mastercard,Tehran,205000.0,30
Fail,2025-09-18 02:30:00,American Express,Tehran,443463.0,69
Success,2025-09-08 23:59:00,Visa,Tehran,1050805.0,18
Success,2025-09-07 11:11:00,Mastercard,Mashhad,1158713.0,78
Fail,2025-09-01 04:40:00,Discover,Qom,583952.0,13
Success,2025-09-21 09:00:00,Visa,Tehran,0.0,32
Fail,2025-09-16 17:17:00,Discover,Isfahan,200000.0,71
Success,2025-09-12 02:30:00,Visa,Tehran,1578078.0,72
Success,2025-09-06 08:59:00,American Express,Mashhad,555555.0,50
Success,2025-09-20 12:12:00,Mastercard,Qom,1768588.0,71
Success,2025-09-02 09:09:00,Visa,Karaj,471227.0,80
Success,2025-09-29 01:01:00,Visa,Tehran,63489.0,31
Success,2025-09-14 12:12:00,Visa,Mashhad,300000.0,51
Fail,2025-09-04 20:20:00,Mastercard,Tabriz,914465.0,27
Success,2025-09-01 04:40:00,Visa,Isfahan,5000.0,60
Fail,2025-09-23 02:20:00,Mastercard,Karaj,177050.0,33
Fail,2025-09-18 21:21:00,Discover,Tehran,850000.0,53
Fail,2025-09-13 07:32:00,Visa,Shiraz,123456.0,94
Fail,2025-09-02 19:29:00,Master Card,Tehran,343679.0,72
Fail,2025-09-09 08:59:00,Discover,Tabriz,177050.0,33
Fail,2025-09-21 14:00:00,Visa,Qom,1158713.0,41
Fail,2025-09-02 14:55:00,Visa,Mashhad,5000.0,19
Fail,2025-09-27 22:27:00,Visa,Mashhad,419089.0,85
Fail,2025-09-25 05:56:00,Discover,Shiraz,1578078.0,41
Success,2025-09-09 04:15:00,Mastercard,Tabriz,850000.0,85
Success,2025-09-01 02:30:00,Mastercard,Tabriz,0.0,90
Fail,2025-09-11 21:21:00,Discover,Karaj,452545.0,42
Fail,2025-09-03 07:07:00,American Express,Qom,123456.0,23
Fail,2025-09-20 15:45:00,Mastercard,Tehran,1050805.0,75
Fail,2025-09-30 14:55:00,Mastercard,Shiraz,976246.0,33
Fail,2025-09-23 11:11:00,American Express,Shiraz,452545.0,20
Success,2025-09-26 23:59:00,Mastercard,Tehran,2020587.5,25
Success,2025-09-04 08:08:00,Visa,Ahvaz,1782689.0,91
Fail,2025-09-18 12:44:00,Visa,Mashhad,2020587.5,52
Fail,2025-09-23 01:01:00,Visa,Tabriz,300000.0,12
Fail,2025-09-06 19:51:00,Mastercard,Qom,976246.0,32
Fail,2025-09-03 02:37:00,American Express,Qom,914465.0,33
Fail,2025-09-22 12:12:00,Mastercard,Tehran,1768588.0,74
Fail,2025-09-11 11:11:00,Mastercard,Karaj,545116.0,68
Fail,2025-09-15 00:00:00,Mastercard,Tabriz,200000.0,15
Fail,2025-09-22 01:01:00,Visa,Tehran,1578078.0,51
Success,2025-09-28 16:16:00,American Express,Tehran,100.5,6
Fail,2025-09-05 02:20:00,Visa,Karaj,1463119.0,92
Success,2025-09-20 18:12:00,Mastercard,Tehran,1502601.0,69
Fail,2025-09-10 02:54:00,American Express,Tehran,900000.0,69
Fail,2025-09-12 14:55:00,Discover,Karaj,419089.0,82
Fail,2025-09-15 10:05:00,Visa,Karaj,1305967.0,93
Fail,2025-09-17 21:10:00,Discover,Tehran,0.0,35
Fail,2025-09-10 19:51:00,Mastercard,Shiraz,452545.0,87
Fail,2025-09-06 02:54:00,Visa,Tabriz,343679.0,34
Success,2025-09-18 09:00:00,Master Card,Tabriz,452545.0,63
Fail,2025-09-13 04:15:00,Mastercard,Tabriz,452545.0,68
Fail,2025-09-03 12:44:00,Visa,Mashhad,1305967.0,18
Success,2025-09-30 15:45:00,American Express,Ahvaz,976246.0,26
Fail,2025-09-24 02:54:00,Visa,Mashhad,1000.0,87
Success,2025-09-10 03:27:00,Discover,Tabriz,452545.0,98
Fail,2025-09-30 19:51:00,Mastercard,Tehran,0.0,61
Success,2025-09-14 23:59:00,Mastercard,Tehran,0.0,78
Success,2025-09-06 05:23:00,Visa,Ahvaz,0.0,96
Fail,2025-09-03 03:27:00,American Express,Ahvaz,650000.0,74
Fail,2025-09-16 06:06:00,Visa,Tabriz,555555.0,89
Success,2025-09-07 00:00:00,Discover,Tehran,471227.0,85
Fail,2025-09-20 02:24:00,American Express,Tehran,650000.0,48
Success,2025-09-14 10:48:00,Discover,Qom,914282.0,72
Fail,2025-09-09 07:07:00,Mastercard,Tehran,12345.0,97
Success,2025-09-15 07:07:00,Mastercard,Tehran,585954.0,31
Success,2025-09-21 08:08:00,Visa,Isfahan,1472823.0,34
Success,2025-09-03 09:09:00,Mastercard,Isfahan,452545.0,88
Fail,2025-09-02 02:24:00,Visa,Shiraz,0.0,90
Success,2025-09-27 19:40:00,Visa,Shiraz,1578078.0,7
Fail,2025-09-02 17:07:00,American Express,Isfahan,452545.0,83
Success,2025-09-03 18:00:00,Discover,Tehran,100.5,7
Fail,2025-09-18 08:08:00,Mastercard,Qom,452545.0,47
Fail,2025-09-14 13:10:00,American Express,Shiraz,0.0,8
Fail,2025-09-20 23:59:00,Visa,Tehran,452545.0,78
Fail,2025-09-18 08:08:00,Discover,Mashhad,2020587.5,1
Fail,2025-09-10 03:00:00,Mastercard,Shiraz,0.0,77
Success,2025-09-25 05:56:00,Discover,Tehran,452545.0,3
Fail,2025-09-02 00:00:00,Visa,Tehran,914282.0,53
Success,2025-09-25 21:23:00,Visa,Tabriz,200000.0,93
Fail,2025-09-29 09:00:00,Visa,Shiraz,1578078.0,38
Fail,2025-09-22 06:30:00,Nan,Tehran,50200.0,51
Success,2025-09-01 14:55:00,Visa,Karaj,545116.0,15
Success,2025-09-04 08:59:00,Discover,Shiraz,1427657.0,67
Fail,2025-09-14 06:06:00,American Express,Karaj,452545.0,64
Success,2025-09-01 01:51:00,Master Card,Tehran,452545.0,68
Fail,2025-09-14 12:12:00,Discover,Karaj,452545.0,5
Fail,2025-09-16 03:27:00,Mastercard,Shiraz,900000.0,91
Fail,2025-09-22 02:30:00,Mastercard,Shiraz,914465.0,90
Success,2025-09-14 08:08:00,Master Card,Tehran,100.5,10
Fail,2025-09-29 23:59:00,Visa,Mashhad,452545.0,8
Success,2025-09-20 17:17:00,Visa,Tabriz,1502601.0,12
Success,2025-09-03 01:01:00,Mastercard,Isfahan,914282.0,64
Success,2025-09-03 10:48:00,Master Card,Shiraz,0.0,59
Success,2025-09-09 02:30:00,Mastercard,Tehran,0.0,67
Success,2025-09-06 11:11:00,Mastercard,Tehran,0.0,92
Fail,2025-09-25 09:00:00,Visa,Isfahan,976246.0,50
Success,2025-09-13 01:01:00,Mastercard,Tabriz,177050.0,23
Success,2025-09-21 18:45:00,American Express,Isfahan,1768588.0,40
Fail,2025-09-02 20:20:00,Mastercard,Tehran,1782689.0,98
Success,2025-09-08 06:30:00,Visa,Karaj,452545.0,78
Fail,2025-09-21 17:07:00,Master Card,Tabriz,2020587.5,88
Fail,2025-09-02 10:48:00,Visa,Tehran,100.5,96
Success,2025-09-04 02:30:00,American Express,Shiraz,1463119.0,77
Success,2025-09-25 10:05:00,Mastercard,Shiraz,177050.0,76
Success,2025-09-15 08:08:00,American Express,Mashhad,412308.0,100
Fail,2025-09-04 19:19:00,Visa,Tabriz,419089.0,18
Success,2025-09-13 02:37:00,Mastercard,Tehran,1502601.0,21
Fail,2025-09-28 13:10:00,Mastercard,Tabriz,471227.0,1
Success,2025-09-12 13:13:00,Mastercard,Mashhad,452545.0,38
Success,2025-09-28 11:11:00,Visa,Ahvaz,545116.0,41
Success,2025-09-13 20:20:00,Mastercard,Tehran,452545.0,42
Fail,2025-09-14 07:08:00,Visa,Isfahan,0.0,9
Fail,2025-09-20 18:12:00,Visa,Ahvaz,471227.0,23
Success,2025-09-18 19:19:00,Discover,Unknown,914465.0,78
Fail,2025-09-29 16:40:00,American Express,Karaj,452545.0,11
Success,2025-09-28 16:40:00,Mastercard,Karaj,1.0,71
Success,2025-09-06 20:20:00,Discover,Tehran,850000.0,31
Fail,2025-09-29 04:40:00,Visa,Isfahan,100000.0,89
Success,2025-09-11 22:27:00,Discover,Tehran,419089.0,26
Fail,2025-09-30 18:12:00,Visa,Tehran,343679.0,30
Fail,2025-09-02 05:23:00,Mastercard,Mashhad,0.0,34
Fail,2025-09-28 09:09:00,Nan,Ahvaz,583952.0,46
Success,2025-09-23 10:05:00,Discover,Karaj,914282.0,69
Fail,2025-09-19 08:08:00,Discover,Isfahan,1387769.0,5
Fail,2025-09-19 01:51:00,Mastercard,Qom,1768588.0,61
Fail,2025-09-05 08:08:00,Discover,Qom,1050805.0,83
Success,2025-09-19 02:37:00,American Express,Tabriz,452545.0,38
Success,2025-09-02 04:04:00,Discover,Tehran,1782689.0,28
Fail,2025-09-10 12:44:00,Visa,Qom,412308.0,26
Fail,2025-09-25 02:30:00,Mastercard,Tehran,850000.0,61
Fail,2025-09-02 14:11:00,Visa,Isfahan,0.0,23
Fail,2025-09-30 18:00:00,Visa,Tehran,100.5,46
Fail,2025-09-11 14:30:00,Mastercard,Karaj,12345.0,30
Fail,2025-09-18 00:00:00,Visa,Tehran,452545.0,67
Fail,2025-09-29 16:40:00,Mastercard,Qom,177050.0,93
Success,2025-09-24 01:51:00,Discover,Isfahan,1768588.0,33
Fail,2025-09-15 14:02:00,American Express,Unknown,1305967.0,3
Fail,2025-09-09 20:33:00,Visa,Tehran,0.0,69
Fail,2025-09-23 21:10:00,American Express,Tabriz,343679.0,83
Success,2025-09-19 06:30:00,American Express,Tabriz,177050.0,42
Success,2025-09-09 18:12:00,Nan,Isfahan,177050.0,62
Fail,2025-09-03 02:24:00,Discover,Tabriz,0.0,58
Fail,2025-09-21 07:07:00,Visa,Tabriz,1578078.0,57
Fail,2025-09-09 00:00:00,Discover,Tabriz,250000.0,1
Success,2025-09-28 05:56:00,Mastercard,Mashhad,5000.0,73
Success,2025-09-30 15:45:00,American Express,Isfahan,123456.0,60
Fail,2025-09-14 14:11:00,Visa,Shiraz,5000.0,69
Success,2025-09-19 16:16:00,Mastercard,Mashhad,976246.0,59
Success,2025-09-07 05:23:00,Visa,Tehran,452545.0,46
Fail,2025-09-16 04:40:00,Mastercard,Karaj,177050.0,34
Fail,2025-09-16 05:23:00,Master Card,Mashhad,650000.0,98
Fail,2025-09-28 23:59:00,Visa,Tehran,1472823.0,25
Fail,2025-09-01 15:45:00,Visa,Tehran,419089.0,42
Fail,2025-09-04 12:34:00,Visa,Ahvaz,200000.0,29
Fail,2025-09-04 00:00:00,Mastercard,Karaj,850000.0,25
Fail,2025-09-07 09:09:00,Visa,Mashhad,914465.0,54
Fail,2025-09-08 19:40:00,Mastercard,Tabriz,177050.0,73
Success,2025-09-17 02:20:00,Discover,Mashhad,1502601.0,67
Fail,2025-09-05 21:23:00,Discover,Shiraz,100.5,15
Success,2025-09-07 08:08:00,Nan,Tehran,650000.0,4
Fail,2025-09-28 11:11:00,Visa,Qom,250000.0,38
Success,2025-09-20 15:45:00,Visa,Tabriz,1782689.0,20
Fail,2025-09-29 11:11:00,Mastercard,Tehran,100.5,23
Fail,2025-09-20 14:11:00,Mastercard,Tehran,0.0,37
Success,2025-09-04 21:10:00,American Express,Shiraz,471227.0,62
Success,2025-09-28 03:27:00,Mastercard,Tehran,585954.0,8
Fail,2025-09-06 14:11:00,Mastercard,Mashhad,443463.0,37
Success,2025-09-07 03:00:00,Visa,Karaj,1578078.0,45
Success,2025-09-18 02:37:00,Mastercard,Tabriz,914282.0,98
Fail,2025-09-05 10:48:00,Mastercard,Shiraz,1768588.0,33
Success,2025-09-20 04:40:00,American Express,Qom,583952.0,7
Fail,2025-09-30 06:06:00,Mastercard,Isfahan,471227.0,22
Success,2025-09-29 08:59:00,Visa,Tehran,0.0,5
Fail,2025-09-03 19:40:00,Visa,Karaj,450000.0,15
Fail,2025-09-07 02:30:00,Visa,Isfahan,1578078.0,21
Success,2025-09-27 02:37:00,Discover,Ahvaz,1768588.0,90
Fail,2025-09-28 16:16:00,Visa,Karaj,545116.0,17
Fail,2025-09-22 23:17:00,Mastercard,Ahvaz,205000.0,56
Fail,2025-09-14 23:59:00,Visa,Shiraz,583952.0,50
Success,2025-09-07 21:23:00,Visa,Isfahan,1427657.0,7
Fail,2025-09-05 10:48:00,Mastercard,Isfahan,585954.0,50
Fail,2025-09-29 00:00:00,Discover,Shiraz,50200.0,60
Success,2025-09-22 14:00:00,Mastercard,Tehran,452545.0,83
Success,2025-09-05 05:56:00,Master Card,Karaj,1158713.0,7
Fail,2025-09-30 14:02:00,Mastercard,Isfahan,1578078.0,40
Fail,2025-09-23 06:06:00,Visa,Shiraz,0.0,45
Success,2025-09-02 12:12:00,Visa,Mashhad,333333.0,59
Success,2025-09-30 02:30:00,Mastercard,Mashhad,0.0,89
Success,2025-09-27 23:59:00,Mastercard,Karaj,650000.0,75
Success,2025-09-21 23:17:00,Visa,Shiraz,2020587.5,55
Fail,2025-09-22 19:51:00,Visa,Tabriz,250000.0,64
Fail,2025-09-06 06:30:00,Visa,Tehran,1578078.0,65
Fail,2025-09-15 00:00:00,Discover,Karaj,177050.0,54
Success,2025-09-21 08:59:00,Master Card,Tehran,1578078.0,97
Success,2025-09-10 00:00:00,Visa,Tehran,100000.0,40
Fail,2025-09-23 04:04:00,Mastercard,Tabriz,1.0,53
Success,2025-09-26 17:07:00,Visa,Tabriz,452545.0,44
Fail,2025-09-24 23:59:00,Discover,Tehran,2020587.5,63
Success,2025-09-07 05:56:00,Visa,Tabriz,343679.0,2
Fail,2025-09-05 03:00:00,Discover,Tehran,200000.0,79
Fail,2025-09-01 04:04:00,Visa,Tehran,452545.0,21
Fail,2025-09-13 02:30:00,Mastercard,Karaj,177050.0,89
Fail,2025-09-21 07:08:00,Visa,Tehran,177050.0,50
Fail,2025-09-26 01:51:00,Mastercard,Isfahan,333333.0,81
Success,2025-09-18 18:00:00,Visa,Tehran,452545.0,52
Fail,2025-09-13 03:27:00,Visa,Qom,452545.0,9
Success,2025-09-21 11:11:00,Discover,Tabriz,0.0,100
Success,2025-09-21 06:30:00,Discover,Tehran,976246.0,20
Fail,2025-09-18 20:33:00,Discover,Tehran,452545.0,83
Fail,2025-09-05 11:11:00,American Express,Tehran,471227.0,18
Fail,2025-09-13 21:23:00,Visa,Tehran,555555.0,84
Fail,2025-09-04 01:01:00,Mastercard,Mashhad,177050.0,30
Success,2025-09-17 21:23:00,Discover,Tabriz,5000.0,65
Fail,2025-09-03 06:30:00,Mastercard,Ahvaz,452545.0,24
Fail,2025-09-17 13:13:00,Visa,Tehran,1768588.0,89
Fail,2025-09-28 17:07:00,Visa,Tabriz,1387769.0,47
Fail,2025-09-11 11:11:00,Visa,Tabriz,2020587.5,83
Success,2025-09-21 02:24:00,Visa,Tehran,1502601.0,95
Success,2025-09-20 09:45:00,Visa,Karaj,452545.0,91
Fail,2025-09-23 13:10:00,Visa,Tehran,583952.0,44
Success,2025-09-21 05:23:00,Mastercard,Tehran,0.0,29
Success,2025-09-26 04:04:00,Visa,Karaj,452545.0,77
Fail,2025-09-30 20:33:00,Visa,Ahvaz,419089.0,68
Fail,2025-09-04 20:20:00,Mastercard,Shiraz,850000.0,17
Success,2025-09-02 08:08:00,Discover,Tehran,1502601.0,98
Fail,2025-09-20 02:30:00,Discover,Mashhad,0.0,5
Success,2025-09-16 13:10:00,Discover,Qom,2020587.5,93
Fail,2025-09-28 02:20:00,Mastercard,Tehran,443463.0,89
Fail,2025-09-18 23:17:00,Visa,Tehran,63489.0,81
Fail,2025-09-08 10:48:00,Visa,Mashhad,471227.0,50
Success,2025-09-03 21:21:00,Discover,Tehran,0.0,40
Fail,2025-09-09 02:37:00,Discover,Isfahan,1050805.0,46
Fail,2025-09-29 13:13:00,Mastercard,Tehran,976246.0,51
Success,2025-09-20 07:08:00,Discover,Karaj,1578078.0,11
Success,2025-09-29 13:13:00,Visa,Tabriz,412308.0,12
Success,2025-09-06 21:23:00,Visa,Isfahan,914465.0,13
Success,2025-09-10 21:21:00,Discover,Isfahan,177050.0,64
Fail,2025-09-21 21:21:00,Visa,Tehran,585954.0,8
Fail,2025-09-10 02:24:00,Visa,Ahvaz,452545.0,65
Success,2025-09-13 10:48:00,Mastercard,Tehran,452545.0,9
Fail,2025-09-17 16:16:00,Discover,Tehran,343679.0,93
Success,2025-09-09 09:00:00,Mastercard,Qom,177050.0,2
Success,2025-09-17 17:17:00,Mastercard,Isfahan,333333.0,78
Success,2025-09-24 12:12:00,Visa,Tabriz,452545.0,13
Success,2025-09-09 09:45:00,Visa,Ahvaz,583952.0,2
Fail,2025-09-09 07:08:00,Visa,Tehran,774681.0,68
Fail,2025-09-01 12:12:00,American Express,Tehran,976246.0,76
Success,2025-09-02 16:40:00,American Express,Tehran,63489.0,48
Success,2025-09-28 04:04:00,Discover,Tehran,1050805.0,74
Fail,2025-09-16 09:00:00,Master Card,Tabriz,452545.0,3
Success,2025-09-29 11:11:00,Visa,Mashhad,1782689.0,68
Success,2025-09-01 02:30:00,Visa,Tabriz,250000.0,6
Fail,2025-09-10 02:37:00,Visa,Karaj,452545.0,88
Success,2025-09-18 09:00:00,Mastercard,Isfahan,976246.0,5
Fail,2025-09-26 08:59:00,Visa,Tehran,452545.0,3
Fail,2025-09-28 13:13:00,Mastercard,Tehran,914282.0,10
Fail,2025-09-08 02:54:00,Discover,Tehran,177050.0,43
Fail,2025-09-21 19:19:00,Visa,Shiraz,1502601.0,19
Fail,2025-09-28 13:13:00,Mastercard,Ahvaz,471227.0,14
Success,2025-09-11 22:27:00,Nan,Tehran,0.0,21
Fail,2025-09-23 03:27:00,Visa,Tabriz,555555.0,43
Success,2025-09-02 01:01:00,Mastercard,Tabriz,1.0,28
Fail,2025-09-08 02:30:00,Mastercard,Tehran,50200.0,21
Success,2025-09-27 19:19:00,Visa,Mashhad,452545.0,36
Fail,2025-09-22 21:23:00,Visa,Tehran,1387769.0,24
Fail,2025-09-08 04:04:00,Visa,Isfahan,976246.0,54
Fail,2025-09-17 07:08:00,Discover,Tehran,914465.0,38
Success,2025-09-15 04:40:00,Discover,Tabriz,0.0,17
Success,2025-09-17 19:51:00,Discover,Mashhad,99999.0,22
Fail,2025-09-28 08:08:00,Visa,Tabriz,976246.0,83
Fail,2025-09-23 12:12:00,Visa,Tehran,2020587.5,45
Fail,2025-09-24 16:40:00,Visa,Tehran,1578078.0,74
Fail,2025-09-13 14:55:00,Mastercard,Qom,452545.0,61
Success,2025-09-19 02:37:00,Mastercard,Karaj,585954.0,11
Fail,2025-09-05 03:27:00,Discover,Isfahan,419089.0,61
Fail,2025-09-12 09:00:00,Mastercard,Karaj,0.0,38
Success,2025-09-01 01:01:00,Nan,Tehran,585954.0,66
Fail,2025-09-23 12:34:00,Master Card,Tehran,471227.0,33
Success,2025-09-05 12:44:00,Discover,Karaj,177050.0,43
Fail,2025-09-08 03:00:00,Nan,Isfahan,5000.0,31
Success,2025-09-13 02:30:00,Mastercard,Isfahan,1305967.0,35
Fail,2025-09-08 11:11:00,Visa,Tehran,1768588.0,37
Success,2025-09-25 03:27:00,American Express,Isfahan,343679.0,47
Success,2025-09-23 12:44:00,Visa,Tehran,419089.0,23
Success,2025-09-11 00:00:00,Mastercard,Tehran,333333.0,36
Success,2025-09-01 18:45:00,Mastercard,Tehran,585954.0,40
Fail,2025-09-13 11:11:00,Visa,Shiraz,0.0,91
Success,2025-09-19 23:59:00,Visa,Tabriz,100000.0,90
Success,2025-09-24 00:00:00,American Express,Mashhad,583952.0,81
Success,2025-09-03 16:16:00,Visa,Qom,1578078.0,15
Fail,2025-09-24 19:40:00,Master Card,Isfahan,1050805.0,37
Success,2025-09-17 01:51:00,Mastercard,Ahvaz,177050.0,4
Success,2025-09-05 08:59:00,Visa,Tehran,50200.0,22
Success,2025-09-20 05:56:00,Visa,Tehran,100.5,81
Fail,2025-09-21 02:30:00,American Express,Ahvaz,177050.0,22
Fail,2025-09-08 14:11:00,Mastercard,Tehran,1472823.0,81
Fail,2025-09-26 10:48:00,Mastercard,Tehran,123456.0,78
Success,2025-09-14 14:55:00,Discover,Tehran,452545.0,78
Success,2025-09-04 11:11:00,American Express,Mashhad,452545.0,17
Success,2025-09-11 23:59:00,Visa,Tehran,177050.0,72
Success,2025-09-20 07:08:00,Mastercard,Qom,452545.0,99
Success,2025-09-15 03:27:00,Master Card,Tabriz,1463119.0,91
Success,2025-09-19 21:23:00,American Express,Mashhad,0.0,95
Success,2025-09-07 14:11:00,Visa,Shiraz,471227.0,87
Success,2025-09-19 13:10:00,Visa,Tehran,123456.0,80
Success,2025-09-28 12:34:00,Visa,Tehran,100.5,95
Success,2025-09-19 02:37:00,Mastercard,Tabriz,650000.0,80
Fail,2025-09-11 23:17:00,Mastercard,Tehran,1050805.0,38
Fail,2025-09-26 09:45:00,Discover,Tehran,0.0,24
Fail,2025-09-05 12:34:00,Visa,Tehran,412308.0,100
Fail,2025-09-05 09:00:00,Visa,Tehran,583952.0,6
Success,2025-09-30 16:16:00,Mastercard,Ahvaz,583952.0,68
Fail,2025-09-22 04:04:00,Mastercard,Shiraz,2020587.5,82
Success,2025-09-08 19:51:00,Mastercard,Karaj,99999.0,6
Success,2025-09-10 04:40:00,Visa,Tehran,452545.0,26
Success,2025-09-06 02:37:00,Mastercard,Tehran,12345.0,92
Success,2025-09-15 18:12:00,Mastercard,Tabriz,976246.0,41
Success,2025-09-16 10:48:00,Mastercard,Karaj,1387769.0,75
Success,2025-09-28 22:27:00,Mastercard,Mashhad,123456.0,38
Fail,2025-09-17 07:08:00,Discover,Mashhad,1427657.0,80
Fail,2025-09-08 17:17:00,Mastercard,Tabriz,177050.0,83
Fail,2025-09-08 01:01:00,American Express,Shiraz,452545.0,43
Fail,2025-09-25 21:10:00,Mastercard,Tehran,1000.0,53
Fail,2025-09-09 14:30:00,Mastercard,Tabriz,2020587.5,15
Fail,2025-09-02 23:59:00,Discover,Shiraz,850000.0,91
Fail,2025-09-15 10:48:00,American Express,Tabriz,1305967.0,56
Fail,2025-09-18 13:10:00,Discover,Ahvaz,452545.0,56
Fail,2025-09-03 23:59:00,Mastercard,Mashhad,100.5,31
Fail,2025-09-17 02:30:00,Visa,Isfahan,123456.0,83
Fail,2025-09-04 14:02:00,Visa,Isfahan,1427657.0,57
Success,2025-09-30 15:45:00,Visa,Tehran,1782689.0,51
Success,2025-09-04 14:00:00,Visa,Tehran,555555.0,24
Fail,2025-09-14 19:51:00,American Express,Tehran,1387769.0,58
Success,2025-09-09 10:05:00,Visa,Mashhad,0.0,73
Success,2025-09-09 19:29:00,Mastercard,Tabriz,200000.0,88
Success,2025-09-25 16:16:00,Visa,Shiraz,1768588.0,4
Fail,2025-09-26 13:13:00,Discover,Mashhad,1387769.0,10
Fail,2025-09-23 02:24:00,Visa,Tabriz,1502601.0,63
Fail,2025-09-30 00:00:00,Discover,Tehran,774681.0,73
Fail,2025-09-18 07:07:00,Mastercard,Tehran,1578078.0,83
Fail,2025-09-10 18:12:00,Visa,Ahvaz,1305967.0,15
Fail,2025-09-21 17:17:00,Mastercard,Karaj,200000.0,99
Success,2025-09-04 13:13:00,Visa,Isfahan,0.0,63
Success,2025-09-12 23:59:00,Discover,Ahvaz,555555.0,19
Success,2025-09-27 07:08:00,Mastercard,Qom,300000.0,63
Fail,2025-09-08 02:37:00,Mastercard,Isfahan,914465.0,56
Fail,2025-09-02 18:12:00,Visa,Karaj,177050.0,21
Fail,2025-09-22 04:40:00,Discover,Unknown,1427657.0,34
Fail,2025-09-13 14:30:00,American Express,Tehran,0.0,17
Success,2025-09-21 16:40:00,American Express,Ahvaz,452545.0,18
Success,2025-09-16 20:33:00,Mastercard,Ahvaz,123456.0,81
Fail,2025-09-28 15:45:00,Visa,Shiraz,100000.0,66
Success,2025-09-02 00:00:00,Mastercard,Tehran,850000.0,51
Success,2025-09-11 02:30:00,Mastercard,Mashhad,1158713.0,65
Fail,2025-09-10 09:09:00,Mastercard,Tehran,850000.0,43
Success,2025-09-15 09:45:00,Discover,Ahvaz,452545.0,57
Success,2025-09-17 07:32:00,Mastercard,Tehran,450000.0,10
Fail,2025-09-08 03:00:00,Mastercard,Isfahan,976246.0,37
Success,2025-09-18 09:00:00,Mastercard,Ahvaz,585954.0,48
Fail,2025-09-23 03:27:00,Visa,Tabriz,100000.0,69
Success,2025-09-09 02:54:00,Mastercard,Tehran,412308.0,56
Fail,2025-09-25 18:00:00,Visa,Karaj,452545.0,76
Success,2025-09-08 10:48:00,Discover,Qom,650000.0,36
Success,2025-09-27 12:44:00,Mastercard,Ahvaz,0.0,31
Fail,2025-09-14 03:27:00,Visa,Karaj,452545.0,55
Success,2025-09-28 03:27:00,American Express,Tehran,1000.0,38
Fail,2025-09-26 04:15:00,Mastercard,Tehran,452545.0,73
Fail,2025-09-25 12:12:00,Visa,Tehran,452545.0,91
Success,2025-09-18 17:07:00,Visa,Tehran,1463119.0,15
Fail,2025-09-22 02:37:00,Mastercard,Karaj,976246.0,16
Success,2025-09-20 04:15:00,Nan,Tehran,443463.0,77
Fail,2025-09-30 05:56:00,Visa,Tabriz,333333.0,90
Fail,2025-09-20 18:12:00,Mastercard,Tehran,50200.0,95
Success,2025-09-21 17:07:00,Nan,Tabriz,452545.0,53
Success,2025-09-12 09:00:00,Visa,Isfahan,1768588.0,56
Fail,2025-09-19 08:08:00,Nan,Ahvaz,850000.0,7
Success,2025-09-14 07:08:00,Mastercard,Tehran,1502601.0,57
Success,2025-09-17 00:00:00,Visa,Tabriz,177050.0,55
Success,2025-09-24 10:05:00,Mastercard,Tehran,1578078.0,52
Success,2025-09-21 16:40:00,Discover,Tehran,300000.0,4
Success,2025-09-03 08:08:00,Discover,Ahvaz,50200.0,43
Success,2025-09-26 20:33:00,Mastercard,Isfahan,583952.0,40
Success,2025-09-30 07:08:00,Mastercard,Shiraz,555555.0,30
Fail,2025-09-23 14:11:00,Mastercard,Tehran,300000.0,10
Success,2025-09-07 01:01:00,Visa,Tabriz,0.0,95
Fail,2025-09-17 12:34:00,Visa,Isfahan,343679.0,7
Success,2025-09-12 02:30:00,Mastercard,Tehran,1463119.0,36
Success,2025-09-09 10:05:00,Visa,Qom,976246.0,35
Success,2025-09-15 04:40:00,Visa,Tehran,452545.0,89
Fail,2025-09-18 02:30:00,Discover,Ahvaz,50200.0,39
Success,2025-09-21 02:54:00,Visa,Tehran,452545.0,36
Fail,2025-09-13 19:29:00,Nan,Tehran,914282.0,20
Success,2025-09-30 20:33:00,Mastercard,Tabriz,1578078.0,49
Fail,2025-09-21 02:30:00,Visa,Mashhad,100.5,97
Fail,2025-09-30 00:00:00,Mastercard,Tehran,914282.0,59
Fail,2025-09-08 07:07:00,Visa,Qom,545116.0,49
Success,2025-09-14 21:21:00,Visa,Mashhad,914282.0,91
Success,2025-09-08 07:08:00,Mastercard,Isfahan,1768588.0,26
Success,2025-09-14 09:00:00,Visa,Tehran,545116.0,36
Success,2025-09-07 05:23:00,Visa,Tehran,99999.0,43
Fail,2025-09-23 16:40:00,Mastercard,Ahvaz,200000.0,100
Success,2025-09-12 07:07:00,American Express,Shiraz,1472823.0,43
Success,2025-09-11 05:56:00,Visa,Qom,976246.0,100
Success,2025-09-22 14:11:00,Discover,Karaj,177050.0,76
Fail,2025-09-22 18:12:00,Discover,Tehran,452545.0,33
Fail,2025-09-11 19:51:00,Mastercard,Tehran,850000.0,78
Success,2025-09-25 07:08:00,Visa,Tabriz,1305967.0,98
Fail,2025-09-22 08:08:00,American Express,Shiraz,1768588.0,45
Success,2025-09-28 16:40:00,Mastercard,Shiraz,1578078.0,45
Fail,2025-09-29 04:04:00,Master Card,Shiraz,976246.0,89
Success,2025-09-13 07:08:00,Nan,Tehran,471227.0,15
Success,2025-09-18 04:04:00,American Express,Tabriz,1782689.0,96
Fail,2025-09-02 17:17:00,American Express,Ahvaz,2020587.5,17
Fail,2025-09-29 17:17:00,Visa,Qom,650000.0,12
Fail,2025-09-21 21:23:00,Visa,Tehran,63489.0,22
Fail,2025-09-15 22:27:00,Mastercard,Isfahan,585954.0,23
Success,2025-09-20 08:59:00,Mastercard,Karaj,300000.0,91
Fail,2025-09-27 14:00:00,Visa,Tabriz,1578078.0,78
Fail,2025-09-18 07:32:00,American Express,Mashhad,471227.0,12
Success,2025-09-15 21:21:00,Nan,Mashhad,177050.0,68
Success,2025-09-19 19:19:00,Discover,Shiraz,1387769.0,51
Success,2025-09-23 03:00:00,Visa,Tehran,100.5,13
Fail,2025-09-24 06:30:00,Master Card,Tehran,1387769.0,57
Fail,2025-09-12 15:45:00,Mastercard,Mashhad,976246.0,55
Fail,2025-09-13 21:10:00,Mastercard,Isfahan,1768588.0,82
Fail,2025-09-22 12:34:00,Discover,Tabriz,2020587.5,28
Success,2025-09-11 07:07:00,Mastercard,Tehran,177050.0,44
Fail,2025-09-05 00:00:00,Visa,Tehran,914465.0,19
Fail,2025-09-29 04:04:00,Mastercard,Tehran,850000.0,46
Fail,2025-09-01 02:30:00,Visa,Karaj,1158713.0,3
Success,2025-09-24 00:00:00,Mastercard,Tabriz,471227.0,83
Success,2025-09-03 20:33:00,Visa,Karaj,419089.0,20
Success,2025-09-22 14:11:00,Visa,Karaj,1578078.0,25
Success,2025-09-19 12:12:00,Discover,Tabriz,1578078.0,75
Success,2025-09-23 12:12:00,Visa,Tehran,976246.0,56
Success,2025-09-29 16:16:00,Master Card,Tehran,205000.0,81
Fail,2025-09-30 03:00:00,Visa,Tehran,2020587.5,61
Fail,2025-09-07 10:48:00,Mastercard,Tabriz,2020587.5,55
Success,2025-09-12 18:12:00,Visa,Tehran,976246.0,35
Fail,2025-09-15 02:37:00,Mastercard,Ahvaz,1050805.0,78
Success,2025-09-25 08:59:00,Visa,Tehran,123456.0,59
Fail,2025-09-05 19:51:00,American Express,Tehran,452545.0,39
Fail,2025-09-15 14:11:00,Visa,Tehran,120000.0,57
Fail,2025-09-08 02:37:00,Master Card,Shiraz,1472823.0,83
Success,2025-09-10 00:00:00,Mastercard,Tehran,452545.0,67
Fail,2025-09-26 00:00:00,Visa,Tehran,0.0,34
Success,2025-09-16 07:32:00,Visa,Ahvaz,0.0,41
Fail,2025-09-08 07:07:00,Mastercard,Mashhad,177050.0,22
Fail,2025-09-01 02:30:00,Visa,Qom,177050.0,27
Success,2025-09-12 23:59:00,Mastercard,Isfahan,585954.0,21
Success,2025-09-05 06:30:00,Visa,Tehran,1578078.0,41
Fail,2025-09-03 08:59:00,Visa,Karaj,333333.0,31
Success,2025-09-01 12:12:00,Visa,Karaj,471227.0,27
Fail,2025-09-04 00:00:00,Mastercard,Tehran,555555.0,37
Success,2025-09-08 03:00:00,American Express,Isfahan,1463119.0,66
Fail,2025-09-03 03:27:00,Mastercard,Qom,1.0,54
Fail,2025-09-10 14:11:00,Discover,Qom,1472823.0,9
Fail,2025-09-02 11:11:00,Visa,Qom,5000.0,83
Success,2025-09-11 03:00:00,Discover,Karaj,0.0,42
Fail,2025-09-25 12:12:00,American Express,Tehran,452545.0,36
Success,2025-09-10 14:55:00,Discover,Isfahan,177050.0,10
Fail,2025-09-21 08:08:00,Visa,Qom,452545.0,59
Success,2025-09-14 23:59:00,American Express,Karaj,471227.0,40
Success,2025-09-07 06:06:00,Discover,Qom,1502601.0,54
Success,2025-09-27 02:30:00,American Express,Isfahan,914282.0,39
Success,2025-09-27 02:54:00,American Express,Shiraz,471227.0,7
Success,2025-09-02 17:17:00,Mastercard,Shiraz,452545.0,4
Fail,2025-09-09 19:40:00,Visa,Qom,1883871.0,15
Success,2025-09-16 21:23:00,Mastercard,Tabriz,914282.0,76
Fail,2025-09-13 23:17:00,Visa,Mashhad,1782689.0,48
Success,2025-09-09 08:59:00,Discover,Tehran,205000.0,6
Fail,2025-09-20 21:23:00,Mastercard,Tehran,555555.0,73
Success,2025-09-04 19:51:00,Mastercard,Ahvaz,914465.0,35
Success,2025-09-22 20:20:00,Mastercard,Karaj,471227.0,72
Success,2025-09-10 23:59:00,American Express,Tehran,583952.0,71
Success,2025-09-26 23:59:00,Visa,Mashhad,200000.0,68
Fail,2025-09-26 18:12:00,Mastercard,Tehran,1387769.0,58
Success,2025-09-22 14:11:00,Visa,Karaj,0.0,77
Fail,2025-09-12 19:19:00,Mastercard,Tabriz,200000.0,19
Success,2025-09-17 05:56:00,Mastercard,Ahvaz,0.0,62
Fail,2025-09-14 02:37:00,Mastercard,Karaj,914465.0,71
Fail,2025-09-14 02:30:00,Mastercard,Tehran,1050805.0,10
Success,2025-09-25 08:08:00,Mastercard,Ahvaz,1502601.0,25
Success,2025-09-02 14:00:00,Mastercard,Qom,1463119.0,44
Success,2025-09-21 14:55:00,Mastercard,Qom,471227.0,100
Success,2025-09-25 08:08:00,Mastercard,Tabriz,1883871.0,58
Fail,2025-09-20 13:10:00,Mastercard,Tehran,850000.0,25
Success,2025-09-11 02:24:00,Visa,Tehran,452545.0,94
Fail,2025-09-16 19:51:00,Visa,Tehran,123456.0,76
Success,2025-09-19 02:37:00,American Express,Tehran,1463119.0,40
Success,2025-09-23 06:30:00,American Express,Tehran,177050.0,76
Fail,2025-09-06 20:33:00,Visa,Karaj,177050.0,70
Fail,2025-09-24 05:56:00,Mastercard,Tehran,177050.0,10
Fail,2025-09-19 15:45:00,Visa,Tehran,452545.0,66
Success,2025-09-05 04:04:00,American Express,Isfahan,850000.0,25
Fail,2025-09-26 11:11:00,Mastercard,Isfahan,1463119.0,71
Fail,2025-09-04 08:08:00,Mastercard,Isfahan,471227.0,88
Success,2025-09-15 13:13:00,Discover,Karaj,100.5,11
Success,2025-09-29 12:34:00,Visa,Tabriz,452545.0,36
Success,2025-09-04 09:45:00,American Express,Karaj,0.0,49
Fail,2025-09-20 10:48:00,Visa,Shiraz,1578078.0,48
Success,2025-09-10 01:01:00,Mastercard,Tabriz,200000.0,88
Success,2025-09-24 07:08:00,Visa,Tehran,2020587.5,7
Fail,2025-09-22 07:08:00,Visa,Ahvaz,914282.0,92
Success,2025-09-03 15:45:00,Mastercard,Tabriz,0.0,77
Success,2025-09-26 14:11:00,Discover,Tehran,914465.0,51
Success,2025-09-05 16:16:00,Mastercard,Tehran,914465.0,17
Fail,2025-09-06 13:13:00,American Express,Shiraz,583952.0,32
Success,2025-09-21 13:13:00,American Express,Karaj,452545.0,26
Fail,2025-09-22 08:08:00,Discover,Shiraz,177050.0,22
Fail,2025-09-08 10:48:00,Mastercard,Tabriz,850000.0,13
Success,2025-09-07 16:40:00,American Express,Tehran,583952.0,12
Success,2025-09-21 19:51:00,Visa,Ahvaz,452545.0,71
Success,2025-09-10 10:05:00,Mastercard,Mashhad,200000.0,1
Success,2025-09-06 12:44:00,Visa,Qom,200000.0,33
Fail,2025-09-14 14:11:00,Discover,Qom,914465.0,14
Success,2025-09-04 08:59:00,Visa,Tehran,0.0,64
Fail,2025-09-28 19:19:00,Visa,Tehran,545116.0,43
Success,2025-09-25 20:33:00,Visa,Tabriz,99999.0,58
Fail,2025-09-13 21:23:00,Visa,Tabriz,250000.0,41
Success,2025-09-20 00:00:00,Mastercard,Tehran,452545.0,81
Success,2025-09-17 07:08:00,Discover,Tabriz,120000.0,68
Success,2025-09-23 20:20:00,American Express,Tehran,1768588.0,39
Fail,2025-09-07 22:27:00,Mastercard,Shiraz,177050.0,1
Success,2025-09-04 23:59:00,Master Card,Tehran,0.0,41
Fail,2025-09-29 05:23:00,Nan,Isfahan,300000.0,45
Success,2025-09-14 03:27:00,Visa,Mashhad,1050805.0,89
Success,2025-09-03 19:51:00,Discover,Karaj,452545.0,99
Success,2025-09-24 18:12:00,Visa,Tabriz,200000.0,99
Fail,2025-09-05 12:34:00,American Express,Tabriz,585954.0,89
Fail,2025-09-16 11:11:00,Mastercard,Tehran,412308.0,79
Success,2025-09-26 08:08:00,Discover,Tehran,1782689.0,81
Fail,2025-09-23 02:30:00,Mastercard,Qom,120000.0,13
Success,2025-09-20 02:20:00,Mastercard,Mashhad,200000.0,71
Fail,2025-09-04 19:40:00,Visa,Tehran,100000.0,9
Fail,2025-09-24 18:00:00,Visa,Tehran,419089.0,63
Success,2025-09-30 00:00:00,Visa,Isfahan,1305967.0,100
Success,2025-09-24 07:32:00,Discover,Tehran,914465.0,23
Success,2025-09-02 13:13:00,Visa,Mashhad,976246.0,54
Fail,2025-09-30 19:51:00,Visa,Shiraz,1305967.0,47
Fail,2025-09-18 11:11:00,Visa,Karaj,0.0,39
Fail,2025-09-19 13:13:00,Mastercard,Qom,583952.0,88
Success,2025-09-28 21:23:00,Visa,Isfahan,1387769.0,26
Success,2025-09-28 02:20:00,Discover,Tehran,1578078.0,1
Fail,2025-09-19 14:02:00,Visa,Tabriz,452545.0,14
Fail,2025-09-17 07:08:00,Master Card,Isfahan,914465.0,97
Fail,2025-09-14 03:00:00,Mastercard,Tehran,333333.0,74
Success,2025-09-19 01:51:00,Visa,Tabriz,583952.0,65
Success,2025-09-22 19:51:00,American Express,Isfahan,452545.0,69
Success,2025-09-24 09:00:00,Mastercard,Karaj,63489.0,67
Success,2025-09-13 02:24:00,Visa,Karaj,123456.0,49
Success,2025-09-12 02:54:00,Discover,Tehran,914465.0,50
Success,2025-09-30 13:13:00,Discover,Tehran,250000.0,58
Fail,2025-09-26 02:30:00,American Express,Tehran,452545.0,53
Fail,2025-09-06 02:30:00,Discover,Tabriz,452545.0,92
Success,2025-09-21 23:17:00,Visa,Tehran,100.5,57
Success,2025-09-04 21:10:00,Visa,Qom,1050805.0,87
Success,2025-09-19 22:27:00,Visa,Tehran,100.5,18
Success,2025-09-16 19:19:00,Mastercard,Karaj,333333.0,16
Success,2025-09-13 23:17:00,Mastercard,Tehran,100.5,2
Success,2025-09-04 19:19:00,Mastercard,Tehran,0.0,13
Fail,2025-09-30 07:07:00,Mastercard,Tehran,12345.0,45
Fail,2025-09-23 17:07:00,Mastercard,Mashhad,50200.0,80
Fail,2025-09-17 11:11:00,Nan,Tehran,452545.0,72
Fail,2025-09-23 21:23:00,Visa,Karaj,914465.0,43
Fail,2025-09-01 10:48:00,Mastercard,Unknown,0.0,72
Fail,2025-09-18 01:01:00,Mastercard,Tehran,585954.0,54
Fail,2025-09-20 14:00:00,Mastercard,Isfahan,300000.0,74
Success,2025-09-17 02:30:00,American Express,Ahvaz,850000.0,98
Success,2025-09-27 07:08:00,Discover,Mashhad,120000.0,31
Success,2025-09-28 23:17:00,Mastercard,Tabriz,774681.0,76
Fail,2025-09-27 02:30:00,Visa,Tabriz,1768588.0,9
Fail,2025-09-15 04:15:00,Visa,Isfahan,120000.0,73
Success,2025-09-11 11:11:00,American Express,Tehran,452545.0,48
Success,2025-09-25 02:37:00,Mastercard,Tehran,1387769.0,18
Success,2025-09-28 18:00:00,Visa,Mashhad,1463119.0,95
Success,2025-09-22 09:45:00,Visa,Tehran,1000.0,97
Fail,2025-09-13 14:55:00,Mastercard,Qom,583952.0,88
Fail,2025-09-01 11:11:00,American Express,Isfahan,1463119.0,11
Success,2025-09-17 13:13:00,Visa,Tabriz,0.0,62
Success,2025-09-06 07:08:00,Visa,Tehran,100000.0,84
Fail,2025-09-04 10:48:00,Mastercard,Shiraz,177050.0,19
Fail,2025-09-20 14:55:00,Visa,Karaj,452545.0,91
Fail,2025-09-16 21:10:00,Visa,Isfahan,1768588.0,74
Success,2025-09-15 20:20:00,Discover,Qom,452545.0,24
Fail,2025-09-27 23:59:00,American Express,Karaj,1578078.0,13
Fail,2025-09-15 21:10:00,Visa,Tehran,976246.0,46
Fail,2025-09-06 17:07:00,Discover,Isfahan,1768588.0,53
Fail,2025-09-15 21:23:00,Mastercard,Karaj,1427657.0,99
Fail,2025-09-14 17:17:00,Master Card,Karaj,250000.0,29
Fail,2025-09-28 19:51:00,Discover,Tehran,555555.0,36
Fail,2025-09-11 12:34:00,Mastercard,Tabriz,123456.0,71
Success,2025-09-07 13:13:00,Mastercard,Karaj,1883871.0,95
Success,2025-09-09 19:40:00,Mastercard,Tabriz,419089.0,17
Fail,2025-09-26 18:12:00,Visa,Karaj,333333.0,48
Fail,2025-09-16 14:00:00,American Express,Tehran,443463.0,77
Fail,2025-09-05 12:34:00,Visa,Tehran,471227.0,24
Success,2025-09-25 03:00:00,Visa,Tabriz,583952.0,54
Success,2025-09-20 04:04:00,Mastercard,Tehran,0.0,96
Fail,2025-09-29 17:07:00,Discover,Ahvaz,471227.0,92
Fail,2025-09-10 11:11:00,Mastercard,Tehran,452545.0,85
Success,2025-09-18 10:48:00,Discover,Isfahan,300000.0,1
Success,2025-09-03 12:12:00,American Express,Karaj,585954.0,79
Success,2025-09-13 09:00:00,Mastercard,Tehran,412308.0,67
Success,2025-09-11 19:51:00,Visa,Isfahan,1305967.0,6
Success,2025-09-17 07:07:00,Mastercard,Unknown,0.0,78
Success,2025-09-30 02:20:00,Mastercard,Tehran,443463.0,55
Fail,2025-09-30 04:40:00,Nan,Tehran,1578078.0,38
Success,2025-09-22 23:59:00,Nan,Tehran,471227.0,33
Fail,2025-09-13 20:20:00,Mastercard,Ahvaz,177050.0,8
Fail,2025-09-06 09:45:00,American Express,Tehran,200000.0,91
Success,2025-09-17 06:06:00,Mastercard,Isfahan,0.0,79
Success,2025-09-27 05:56:00,Visa,Ahvaz,412308.0,78
Success,2025-09-13 14:11:00,Visa,Tabriz,1387769.0,20
Success,2025-09-19 18:12:00,Mastercard,Karaj,0.0,55
Fail,2025-09-21 14:02:00,Visa,Ahvaz,419089.0,48
Fail,2025-09-19 03:00:00,American Express,Karaj,452545.0,83
Fail,2025-09-10 10:05:00,American Express,Tehran,452545.0,56
Fail,2025-09-03 12:12:00,Mastercard,Isfahan,200000.0,98
Success,2025-09-14 23:59:00,Visa,Qom,0.0,89
Fail,2025-09-26 11:11:00,Visa,Tehran,471227.0,10
Fail,2025-09-19 08:59:00,Visa,Tehran,452545.0,52
Fail,2025-09-05 21:23:00,Visa,Shiraz,452545.0,50
Success,2025-09-29 16:16:00,Visa,Qom,976246.0,34
Success,2025-09-05 19:51:00,Discover,Tehran,443463.0,36
Fail,2025-09-20 08:08:00,Discover,Tabriz,1472823.0,61
Fail,2025-09-17 01:51:00,Visa,Isfahan,120000.0,16
Success,2025-09-21 12:34:00,American Express,Karaj,250000.0,79
Success,2025-09-10 01:01:00,American Express,Shiraz,333333.0,18
Fail,2025-09-05 20:33:00,Visa,Tehran,774681.0,71
Success,2025-09-04 13:10:00,Nan,Ahvaz,12345.0,47
Fail,2025-09-06 08:08:00,Visa,Tabriz,583952.0,87
Fail,2025-09-26 21:21:00,Visa,Shiraz,1578078.0,32
Fail,2025-09-04 03:27:00,Mastercard,Tehran,200000.0,43
Fail,2025-09-30 19:40:00,Mastercard,Unknown,1158713.0,83
Fail,2025-09-07 01:01:00,Discover,Tehran,452545.0,40
Fail,2025-09-07 10:05:00,Visa,Karaj,545116.0,65
Fail,2025-09-18 16:40:00,Visa,Qom,0.0,35
Success,2025-09-03 20:33:00,Mastercard,Tehran,452545.0,69
Success,2025-09-01 10:48:00,Mastercard,Tehran,1578078.0,50
Success,2025-09-24 13:13:00,Mastercard,Isfahan,443463.0,12
Fail,2025-09-25 01:01:00,Mastercard,Ahvaz,0.0,76
Fail,2025-09-04 23:59:00,Visa,Tehran,452545.0,85
Fail,2025-09-06 07:07:00,Visa,Karaj,1050805.0,58
Success,2025-09-09 08:08:00,American Express,Shiraz,583952.0,83
Fail,2025-09-22 04:40:00,Visa,Tabriz,177050.0,63
Fail,2025-09-14 23:17:00,Visa,Tehran,2020587.5,73
Fail,2025-09-28 16:16:00,Mastercard,Tehran,1502601.0,49
Success,2025-09-12 14:11:00,Visa,Tabriz,1463119.0,36
Fail,2025-09-28 14:11:00,Discover,Tehran,650000.0,54
Fail,2025-09-25 17:17:00,Discover,Karaj,100.5,47
Fail,2025-09-20 14:30:00,Visa,Tabriz,250000.0,32
Fail,2025-09-24 13:13:00,American Express,Mashhad,250000.0,100
Fail,2025-09-25 07:07:00,Visa,Tehran,1305967.0,96
Success,2025-09-04 12:34:00,Visa,Unknown,0.0,53
Success,2025-09-21 06:30:00,Discover,Mashhad,471227.0,32
Success,2025-09-30 05:56:00,Mastercard,Unknown,452545.0,62
Fail,2025-09-24 21:23:00,Visa,Isfahan,0.0,37
Fail,2025-09-12 04:40:00,Discover,Isfahan,1578078.0,97
Fail,2025-09-10 07:08:00,Mastercard,Tehran,850000.0,38
Fail,2025-09-30 06:30:00,Visa,Tabriz,177050.0,30
Fail,2025-09-22 17:17:00,Discover,Isfahan,1578078.0,58
Fail,2025-09-28 10:48:00,Visa,Tehran,1000.0,32
Success,2025-09-07 02:54:00,Visa,Tehran,1578078.0,66
Success,2025-09-03 19:51:00,Visa,Tehran,5000.0,51
Success,2025-09-23 17:17:00,Visa,Ahvaz,0.0,11
Success,2025-09-28 12:12:00,Visa,Qom,0.0,59
Success,2025-09-14 23:59:00,Mastercard,Tehran,205000.0,20
Fail,2025-09-24 16:40:00,Mastercard,Tehran,1427657.0,37
Fail,2025-09-10 05:56:00,Master Card,Tehran,12345.0,73
Success,2025-09-16 15:45:00,Mastercard,Karaj,99999.0,49
Fail,2025-09-16 14:55:00,Visa,Karaj,1.0,19
Success,2025-09-22 22:27:00,Mastercard,Isfahan,583952.0,55
Success,2025-09-10 07:07:00,Visa,Tabriz,1427657.0,40
Success,2025-09-25 23:59:00,Mastercard,Karaj,976246.0,7
Success,2025-09-13 06:30:00,American Express,Shiraz,50200.0,5
Fail,2025-09-06 12:44:00,Mastercard,Karaj,5000.0,42
Fail,2025-09-12 14:55:00,American Express,Isfahan,100.5,89
Success,2025-09-09 02:30:00,Mastercard,Tehran,63489.0,48
Success,2025-09-13 08:08:00,Mastercard,Tehran,343679.0,7
Fail,2025-09-04 19:51:00,Master Card,Tehran,1768588.0,11
Success,2025-09-24 18:00:00,Mastercard,Tehran,450000.0,73
Fail,2025-09-11 23:59:00,Discover,Shiraz,585954.0,49
Success,2025-09-20 04:04:00,Mastercard,Tabriz,1427657.0,30
Fail,2025-09-18 03:27:00,Discover,Ahvaz,452545.0,41
Success,2025-09-26 21:23:00,Visa,Mashhad,343679.0,3
Fail,2025-09-11 07:07:00,Visa,Tehran,471227.0,87
Success,2025-09-25 20:33:00,Discover,Shiraz,200000.0,40
Fail,2025-09-21 14:11:00,Visa,Tabriz,914282.0,51
Fail,2025-09-04 04:04:00,Visa,Tehran,1000.0,84
Success,2025-09-18 06:06:00,American Express,Tabriz,452545.0,32
Success,2025-09-01 13:10:00,Discover,Mashhad,343679.0,48
Fail,2025-09-27 22:27:00,Mastercard,Tehran,1768588.0,71
Fail,2025-09-07 01:51:00,Mastercard,Tehran,12345.0,71
Fail,2025-09-06 12:12:00,Discover,Qom,452545.0,20
Fail,2025-09-15 20:20:00,Mastercard,Tabriz,774681.0,90
Success,2025-09-18 12:12:00,American Express,Karaj,419089.0,35
Success,2025-09-24 09:00:00,Visa,Ahvaz,585954.0,24
Fail,2025-09-11 14:02:00,American Express,Shiraz,177050.0,40
Success,2025-09-20 03:27:00,Visa,Tabriz,914465.0,77
Fail,2025-09-24 14:11:00,Mastercard,Tehran,2020587.5,52
Fail,2025-09-15 14:11:00,Discover,Tehran,100000.0,39
Success,2025-09-16 05:23:00,Mastercard,Tabriz,450000.0,68
Success,2025-09-07 03:00:00,Nan,Tehran,1578078.0,61
Success,2025-09-21 18:12:00,Discover,Shiraz,452545.0,76
Success,2025-09-10 09:00:00,American Express,Tehran,1502601.0,81
Fail,2025-09-26 21:23:00,Discover,Unknown,1578078.0,65
Fail,2025-09-12 09:00:00,Visa,Tehran,177050.0,62
Fail,2025-09-24 17:17:00,Mastercard,Shiraz,452545.0,81
Fail,2025-09-14 06:06:00,American Express,Karaj,452545.0,2
Fail,2025-09-25 14:11:00,Mastercard,Mashhad,850000.0,6
Success,2025-09-05 06:06:00,Discover,Ahvaz,177050.0,75
Fail,2025-09-26 00:00:00,Visa,Shiraz,452545.0,43
Fail,2025-09-21 14:30:00,Visa,Tehran,443463.0,82
Success,2025-09-18 10:48:00,Discover,Tehran,452545.0,40
Fail,2025-09-05 22:27:00,Visa,Tehran,471227.0,90
Fail,2025-09-03 02:30:00,Nan,Tehran,63489.0,39
Fail,2025-09-23 14:30:00,Mastercard,Karaj,50200.0,28
Fail,2025-09-26 13:13:00,Mastercard,Isfahan,177050.0,80
Fail,2025-09-05 00:00:00,Visa,Tabriz,0.0,63
Success,2025-09-24 21:10:00,Visa,Tehran,200000.0,64
Fail,2025-09-17 16:40:00,Visa,Tehran,452545.0,12
Fail,2025-09-19 02:24:00,Mastercard,Tabriz,1427657.0,41
Fail,2025-09-19 11:11:00,Visa,Qom,1158713.0,29
Success,2025-09-25 12:12:00,Visa,Karaj,976246.0,23
Success,2025-09-21 07:32:00,Visa,Tabriz,1463119.0,85
Success,2025-09-12 16:40:00,Discover,Qom,850000.0,80
Fail,2025-09-25 17:17:00,Mastercard,Isfahan,914282.0,51
Fail,2025-09-29 19:40:00,Mastercard,Karaj,452545.0,45
Success,2025-09-09 18:45:00,Mastercard,Tehran,1158713.0,91
Fail,2025-09-01 13:13:00,American Express,Karaj,1883871.0,22
Success,2025-09-18 14:11:00,Mastercard,Tehran,583952.0,10
Fail,2025-09-21 14:55:00,Visa,Mashhad,200000.0,7
Success,2025-09-04 21:23:00,Mastercard,Ahvaz,0.0,73
Success,2025-09-10 05:23:00,Nan,Qom,0.0,90
Success,2025-09-25 19:51:00,Visa,Tehran,120000.0,15
Fail,2025-09-07 19:51:00,Visa,Tehran,1305967.0,77
Success,2025-09-22 06:06:00,Mastercard,Tabriz,177050.0,46
Fail,2025-09-23 16:40:00,Visa,Tabriz,914465.0,91
Success,2025-09-01 12:34:00,Visa,Ahvaz,123456.0,85
Fail,2025-09-17 19:51:00,American Express,Mashhad,50200.0,88
Success,2025-09-24 14:30:00,Mastercard,Tehran,12345.0,61
Fail,2025-09-29 09:09:00,Mastercard,Tabriz,0.0,93
Fail,2025-09-29 07:07:00,Visa,Mashhad,2020587.5,61
Success,2025-09-02 00:00:00,Mastercard,Unknown,0.0,51
Fail,2025-09-28 21:23:00,Discover,Isfahan,585954.0,38
Success,2025-09-26 19:40:00,Discover,Tehran,200000.0,12
Fail,2025-09-11 18:12:00,Discover,Mashhad,1427657.0,89
Fail,2025-09-09 07:07:00,Mastercard,Tabriz,452545.0,77
Fail,2025-09-07 19:51:00,Visa,Qom,2020587.5,66
Fail,2025-09-22 05:56:00,Visa,Mashhad,1158713.0,54
Success,2025-09-17 12:44:00,Visa,Karaj,1387769.0,39
Fail,2025-09-17 22:27:00,Visa,Tehran,452545.0,76
Success,2025-09-02 11:11:00,Visa,Tehran,1158713.0,39
Fail,2025-09-06 14:30:00,American Express,Karaj,850000.0,78
Fail,2025-09-14 21:23:00,Mastercard,Tehran,200000.0,30
Fail,2025-09-06 16:40:00,American Express,Isfahan,1502601.0,48
Fail,2025-09-02 11:11:00,Mastercard,Tehran,452545.0,83
Success,2025-09-01 11:11:00,Visa,Karaj,120000.0,31
Success,2025-09-10 13:13:00,Master Card,Karaj,0.0,25
Success,2025-09-21 04:40:00,Visa,Tabriz,1782689.0,68
Fail,2025-09-05 01:51:00,Mastercard,Mashhad,650000.0,51
Success,2025-09-02 02:30:00,Nan,Qom,412308.0,13
Fail,2025-09-22 12:44:00,Mastercard,Tehran,2020587.5,63
Fail,2025-09-16 05:23:00,Visa,Karaj,2020587.5,42
Fail,2025-09-25 00:00:00,Discover,Karaj,100000.0,54
Success,2025-09-02 09:00:00,Visa,Tehran,1.0,67
Fail,2025-09-10 13:13:00,American Express,Qom,343679.0,80
Success,2025-09-02 00:00:00,American Express,Qom,452545.0,91
Success,2025-09-16 07:32:00,Mastercard,Shiraz,452545.0,56
Fail,2025-09-16 08:59:00,Visa,Tabriz,419089.0,19
Fail,2025-09-19 09:09:00,Visa,Ahvaz,0.0,46
Success,2025-09-29 01:51:00,Mastercard,Shiraz,5000.0,15
Fail,2025-09-07 07:32:00,Visa,Karaj,177050.0,32
Fail,2025-09-22 08:08:00,Discover,Ahvaz,452545.0,49
Success,2025-09-12 04:15:00,American Express,Shiraz,452545.0,21
Fail,2025-09-24 09:45:00,Mastercard,Tehran,0.0,65
Success,2025-09-15 14:02:00,Visa,Tehran,1427657.0,70
Fail,2025-09-08 16:40:00,Visa,Isfahan,177050.0,27
Fail,2025-09-06 16:40:00,Visa,Tehran,99999.0,23
Success,2025-09-28 19:19:00,Visa,Isfahan,452545.0,47
Success,2025-09-27 10:48:00,Visa,Tehran,976246.0,96
Success,2025-09-10 19:19:00,Visa,Tehran,452545.0,12
Fail,2025-09-03 10:48:00,American Express,Ahvaz,100.5,85
Success,2025-09-19 13:13:00,American Express,Ahvaz,583952.0,66
Fail,2025-09-17 23:17:00,Mastercard,Tehran,1000.0,5
Success,2025-09-07 06:06:00,American Express,Tehran,1883871.0,9
Success,2025-09-21 08:08:00,American Express,Qom,0.0,20
Success,2025-09-20 11:11:00,Visa,Mashhad,650000.0,82
Success,2025-09-26 04:40:00,Visa,Tehran,452545.0,63
Success,2025-09-04 02:37:00,Visa,Shiraz,0.0,87
Success,2025-09-14 02:54:00,Visa,Tehran,0.0,72
Fail,2025-09-20 03:00:00,American Express,Mashhad,1305967.0,99
Success,2025-09-22 12:12:00,American Express,Shiraz,471227.0,73
Success,2025-09-15 02:24:00,Visa,Tehran,177050.0,71
Success,2025-09-24 09:45:00,Discover,Tabriz,12345.0,30
Success,2025-09-08 02:37:00,Visa,Ahvaz,1387769.0,82
Success,2025-09-21 10:05:00,Discover,Ahvaz,1782689.0,92
Fail,2025-09-15 08:08:00,Master Card,Tehran,419089.0,16
Success,2025-09-22 05:23:00,Mastercard,Tehran,123456.0,85
Fail,2025-09-20 23:17:00,Visa,Qom,774681.0,5
Fail,2025-09-28 02:20:00,Discover,Ahvaz,471227.0,29
Fail,2025-09-14 07:08:00,Visa,Qom,0.0,47
Success,2025-09-27 03:00:00,Mastercard,Karaj,1578078.0,22
Fail,2025-09-29 02:37:00,Mastercard,Shiraz,123456.0,78
Fail,2025-09-09 11:11:00,Visa,Shiraz,50200.0,57
Fail,2025-09-08 14:00:00,Mastercard,Tehran,100000.0,83
Fail,2025-09-26 17:07:00,Mastercard,Tehran,343679.0,35
Success,2025-09-28 11:11:00,Visa,Karaj,914282.0,89
Fail,2025-09-26 20:20:00,Mastercard,Ahvaz,1883871.0,60
Fail,2025-09-17 08:08:00,Discover,Qom,452545.0,70
Fail,2025-09-02 14:11:00,Mastercard,Qom,1158713.0,60
Success,2025-09-25 18:12:00,American Express,Shiraz,452545.0,58
Success,2025-09-24 18:00:00,Mastercard,Tehran,1782689.0,3
Fail,2025-09-30 00:00:00,Visa,Shiraz,585954.0,34
Fail,2025-09-03 07:07:00,Visa,Mashhad,2020587.5,45
Fail,2025-09-08 21:23:00,Discover,Qom,0.0,50
Fail,2025-09-12 14:02:00,Visa,Qom,1.0,2
Success,2025-09-01 07:32:00,Nan,Ahvaz,471227.0,15
Success,2025-09-10 05:23:00,Mastercard,Tabriz,976246.0,37
Fail,2025-09-20 02:30:00,Mastercard,Isfahan,1782689.0,15
Fail,2025-09-03 19:19:00,American Express,Isfahan,471227.0,60
Fail,2025-09-06 14:11:00,Mastercard,Ahvaz,1768588.0,97
Fail,2025-09-07 02:37:00,Visa,Isfahan,914465.0,85
Fail,2025-09-20 00:00:00,Discover,Tehran,585954.0,64
Success,2025-09-23 04:15:00,Mastercard,Tehran,452545.0,81
Success,2025-09-25 15:45:00,Discover,Mashhad,0.0,99
Success,2025-09-27 13:13:00,Mastercard,Tehran,976246.0,97
Fail,2025-09-18 18:45:00,Mastercard,Shiraz,1463119.0,52
Success,2025-09-11 13:13:00,Mastercard,Karaj,914282.0,23
Success,2025-09-19 10:48:00,Visa,Mashhad,452545.0,100
Fail,2025-09-05 14:00:00,Discover,Shiraz,99999.0,37
Success,2025-09-19 13:10:00,Visa,Tehran,200000.0,41
Success,2025-09-11 12:44:00,Mastercard,Isfahan,177050.0,57
Success,2025-09-24 04:40:00,Mastercard,Tehran,100.5,98
Fail,2025-09-12 14:00:00,Discover,Isfahan,1578078.0,25
Success,2025-09-10 00:00:00,Mastercard,Qom,471227.0,37
Success,2025-09-08 11:11:00,Discover,Isfahan,0.0,40
Fail,2025-09-24 02:30:00,Mastercard,Qom,2020587.5,85
Success,2025-09-28 12:12:00,Visa,Mashhad,177050.0,46
Success,2025-09-28 14:11:00,Discover,Tabriz,1305967.0,60
Success,2025-09-09 14:00:00,American Express,Tehran,1050805.0,99
Success,2025-09-04 19:19:00,American Express,Tabriz,177050.0,19
Success,2025-09-05 18:45:00,Visa,Tehran,0.0,92
Fail,2025-09-21 21:21:00,Visa,Karaj,1768588.0,9
Fail,2025-09-08 17:17:00,American Express,Karaj,250000.0,69
Fail,2025-09-23 23:59:00,Mastercard,Karaj,0.0,5
Fail,2025-09-09 21:10:00,Mastercard,Shiraz,123456.0,90
Success,2025-09-15 19:51:00,American Express,Tabriz,0.0,26
Success,2025-09-15 22:27:00,Nan,Karaj,545116.0,19
Success,2025-09-16 07:08:00,Visa,Qom,1472823.0,30
Success,2025-09-14 08:59:00,Master Card,Tehran,200000.0,48
Fail,2025-09-08 14:55:00,Mastercard,Tehran,850000.0,16
Fail,2025-09-18 02:30:00,Visa,Tehran,1782689.0,71
Success,2025-09-10 13:13:00,Mastercard,Mashhad,452545.0,18
Fail,2025-09-28 07:07:00,Visa,Mashhad,50200.0,56
Fail,2025-09-20 20:33:00,Nan,Karaj,976246.0,21
Fail,2025-09-06 15:45:00,Mastercard,Tehran,205000.0,31
Success,2025-09-12 14:11:00,Discover,Tehran,12345.0,1
Success,2025-09-02 13:13:00,Discover,Qom,200000.0,3
Fail,2025-09-07 15:45:00,Mastercard,Karaj,1305967.0,96
Fail,2025-09-16 14:55:00,Mastercard,Tehran,1050805.0,25
Fail,2025-09-03 00:00:00,Visa,Mashhad,0.0,8
Success,2025-09-13 14:11:00,Visa,Tehran,63489.0,65
Fail,2025-09-03 21:21:00,Mastercard,Mashhad,1463119.0,62
Success,2025-09-27 01:51:00,Discover,Tehran,1050805.0,7
Fail,2025-09-18 21:10:00,Mastercard,Tehran,1158713.0,7
Success,2025-09-11 08:08:00,Mastercard,Isfahan,1.0,8
Fail,2025-09-08 07:08:00,Mastercard,Tabriz,0.0,19
Fail,2025-09-06 07:08:00,Visa,Isfahan,100000.0,17
Success,2025-09-01 00:00:00,Visa,Tabriz,1502601.0,11
Fail,2025-09-28 17:07:00,American Express,Tabriz,123456.0,49
Success,2025-09-01 03:27:00,Mastercard,Tehran,120000.0,11
Fail,2025-09-23 11:11:00,Visa,Tehran,914465.0,41
Success,2025-09-08 04:15:00,Discover,Karaj,0.0,62
Fail,2025-09-05 08:08:00,Mastercard,Shiraz,471227.0,52
Success,2025-09-28 02:24:00,Master Card,Shiraz,914282.0,66
Success,2025-09-16 11:11:00,Mastercard,Isfahan,471227.0,68
Success,2025-09-11 19:19:00,Visa,Karaj,177050.0,93
Success,2025-09-05 14:55:00,Discover,Tehran,471227.0,98
Success,2025-09-04 19:29:00,Discover,Tehran,1782689.0,75
Success,2025-09-30 23:59:00,Discover,Tehran,0.0,67
Success,2025-09-06 01:51:00,Mastercard,Shiraz,343679.0,40
Fail,2025-09-14 13:13:00,American Express,Tabriz,452545.0,5
Fail,2025-09-22 14:02:00,Visa,Tehran,1782689.0,85
Success,2025-09-19 02:37:00,Mastercard,Shiraz,12345.0,22
Fail,2025-09-09 21:10:00,American Express,Isfahan,452545.0,37
Success,2025-09-12 02:30:00,American Express,Isfahan,1305967.0,11
Success,2025-09-11 11:11:00,Visa,Karaj,1782689.0,44
Fail,2025-09-14 09:09:00,American Express,Tehran,205000.0,87
Fail,2025-09-23 17:07:00,Nan,Tehran,0.0,53
Fail,2025-09-16 04:04:00,Discover,Tehran,1.0,77
Fail,2025-09-01 00:00:00,Discover,Tehran,0.0,61
Fail,2025-09-13 02:30:00,Mastercard,Tehran,1.0,67
Fail,2025-09-23 03:00:00,Mastercard,Karaj,0.0,13
Fail,2025-09-21 23:59:00,Visa,Tehran,1463119.0,93
Success,2025-09-21 14:30:00,Mastercard,Isfahan,914282.0,11
Success,2025-09-30 21:23:00,Visa,Shiraz,452545.0,11
Fail,2025-09-13 02:24:00,Mastercard,Tehran,205000.0,85
Fail,2025-09-02 23:59:00,Mastercard,Isfahan,1502601.0,85
Fail,2025-09-04 13:10:00,Mastercard,Tabriz,471227.0,7
Fail,2025-09-28 03:00:00,Mastercard,Mashhad,1158713.0,17
Success,2025-09-06 01:01:00,Visa,Mashhad,1782689.0,48
Fail,2025-09-26 20:20:00,Discover,Ahvaz,2020587.5,14
Success,2025-09-27 19:29:00,Visa,Tehran,850000.0,63
Fail,2025-09-23 08:08:00,Visa,Tehran,177050.0,64
Fail,2025-09-27 00:00:00,Mastercard,Isfahan,0.0,98
Success,2025-09-05 08:08:00,Mastercard,Tehran,200000.0,75
Success,2025-09-25 10:05:00,Visa,Tehran,1578078.0,77
Fail,2025-09-03 00:00:00,Visa,Qom,1782689.0,65
Success,2025-09-01 15:45:00,Visa,Tehran,1463119.0,34
Success,2025-09-04 04:15:00,Visa,Ahvaz,99999.0,9
Fail,2025-09-25 13:13:00,Visa,Tabriz,1387769.0,77
Fail,2025-09-20 00:00:00,Visa,Tehran,585954.0,37
Fail,2025-09-02 19:19:00,Visa,Tabriz,177050.0,30
Success,2025-09-26 22:27:00,Visa,Tabriz,452545.0,41
Fail,2025-09-30 08:08:00,Mastercard,Shiraz,1472823.0,45
Fail,2025-09-30 18:00:00,Mastercard,Qom,443463.0,47
Success,2025-09-05 04:40:00,Visa,Qom,450000.0,7
Fail,2025-09-03 14:11:00,Visa,Tehran,1782689.0,14
Fail,2025-09-29 02:20:00,American Express,Ahvaz,452545.0,48
Fail,2025-09-28 17:17:00,Visa,Isfahan,1768588.0,6
Success,2025-09-29 14:11:00,American Express,Mashhad,200000.0,34
Success,2025-09-09 21:23:00,Mastercard,Unknown,1387769.0,80
Fail,2025-09-20 02:30:00,American Express,Tabriz,0.0,46
Success,2025-09-06 06:30:00,Visa,Isfahan,914465.0,59
Fail,2025-09-18 03:27:00,Visa,Shiraz,850000.0,70
Fail,2025-09-06 13:13:00,Mastercard,Tehran,205000.0,8
Fail,2025-09-19 15:45:00,Mastercard,Tehran,1578078.0,24
Success,2025-09-28 03:00:00,Mastercard,Karaj,0.0,67
Success,2025-09-12 00:00:00,Visa,Tehran,1000.0,4
Fail,2025-09-25 05:23:00,Visa,Isfahan,343679.0,97
Success,2025-09-11 07:07:00,American Express,Tabriz,63489.0,1
Success,2025-09-02 13:13:00,Visa,Karaj,300000.0,34
Success,2025-09-15 12:12:00,Mastercard,Tabriz,850000.0,9
Success,2025-09-12 21:10:00,Mastercard,Isfahan,120000.0,63
Fail,2025-09-12 12:44:00,American Express,Tehran,1502601.0,76
Success,2025-09-09 20:20:00,Discover,Qom,123456.0,10
Success,2025-09-21 16:40:00,Discover,Tehran,0.0,10
Fail,2025-09-24 02:54:00,Visa,Tabriz,452545.0,50
Fail,2025-09-02 06:06:00,American Express,Shiraz,471227.0,44
Fail,2025-09-22 00:00:00,Mastercard,Mashhad,177050.0,48
Success,2025-09-03 18:00:00,Visa,Shiraz,774681.0,88
Success,2025-09-12 14:11:00,American Express,Ahvaz,205000.0,6
Success,2025-09-28 02:37:00,Visa,Mashhad,555555.0,89
Fail,2025-09-30 12:12:00,Discover,Tehran,343679.0,24
Success,2025-09-26 19:51:00,American Express,Tehran,1782689.0,85
Success,2025-09-16 14:00:00,American Express,Tehran,452545.0,96
Fail,2025-09-21 03:27:00,American Express,Tabriz,1.0,58
Fail,2025-09-28 02:20:00,Visa,Tabriz,545116.0,64
Fail,2025-09-24 09:00:00,Discover,Tehran,50200.0,95
Fail,2025-09-26 05:23:00,Discover,Tabriz,650000.0,56
Success,2025-09-30 00:00:00,American Express,Isfahan,419089.0,99
Success,2025-09-01 12:12:00,Visa,Tehran,452545.0,82
Fail,2025-09-21 04:15:00,Master Card,Tehran,63489.0,12
Fail,2025-09-03 17:17:00,Visa,Tehran,419089.0,35
Success,2025-09-20 05:56:00,Discover,Tehran,5000.0,71
Success,2025-09-02 14:30:00,Visa,Mashhad,99999.0,90
Fail,2025-09-09 11:11:00,Mastercard,Isfahan,63489.0,6
Success,2025-09-19 07:07:00,Visa,Tehran,850000.0,65
Fail,2025-09-15 20:33:00,Nan,Tehran,2020587.5,80
Fail,2025-09-18 01:51:00,Discover,Tehran,443463.0,60
Fail,2025-09-26 08:08:00,Discover,Tehran,452545.0,68
Success,2025-09-11 21:23:00,Visa,Shiraz,333333.0,29
Fail,2025-09-25 19:51:00,Discover,Tabriz,120000.0,38
Success,2025-09-23 16:16:00,Visa,Karaj,2020587.5,93
Fail,2025-09-16 00:00:00,American Express,Tehran,5000.0,22
Success,2025-09-22 08:08:00,Visa,Tehran,1472823.0,8
Fail,2025-09-17 08:59:00,American Express,Tehran,0.0,63
Fail,2025-09-05 23:59:00,Discover,Tabriz,200000.0,97
Success,2025-09-12 10:48:00,Visa,Mashhad,545116.0,98
Success,2025-09-11 13:10:00,Visa,Ahvaz,1502601.0,13
Fail,2025-09-30 22:27:00,Visa,Tehran,585954.0,27
Success,2025-09-15 02:20:00,Visa,Isfahan,452545.0,18
Success,2025-09-27 13:13:00,Visa,Ahvaz,200000.0,18
Fail,2025-09-03 03:27:00,Visa,Karaj,0.0,77
Success,2025-09-01 13:13:00,Mastercard,Qom,650000.0,87
Fail,2025-09-20 18:00:00,Visa,Karaj,452545.0,62
Fail,2025-09-29 09:45:00,Visa,Tehran,250000.0,14
Fail,2025-09-16 01:51:00,Mastercard,Isfahan,177050.0,11
Fail,2025-09-02 14:30:00,Mastercard,Ahvaz,1768588.0,87
Fail,2025-09-02 05:23:00,Visa,Mashhad,333333.0,17
Success,2025-09-03 18:00:00,Mastercard,Tehran,471227.0,51
Fail,2025-09-08 11:11:00,Visa,Karaj,250000.0,97
Fail,2025-09-24 08:59:00,Visa,Tehran,343679.0,14
Success,2025-09-28 12:34:00,Discover,Tehran,555555.0,57
Success,2025-09-15 08:08:00,Visa,Tabriz,1782689.0,94
Success,2025-09-07 17:17:00,Discover,Tehran,976246.0,6
Fail,2025-09-06 21:23:00,Mastercard,Tehran,450000.0,57
Success,2025-09-09 04:40:00,Discover,Tabriz,0.0,4
Fail,2025-09-20 21:23:00,Visa,Isfahan,1502601.0,11
Fail,2025-09-28 06:30:00,Mastercard,Tabriz,555555.0,74
Fail,2025-09-01 02:24:00,Discover,Tehran,419089.0,93
Success,2025-09-08 14:30:00,Mastercard,Tabriz,1472823.0,11
Success,2025-09-23 19:19:00,Mastercard,Tehran,99999.0,100
Fail,2025-09-23 03:00:00,Mastercard,Isfahan,1768588.0,79
Success,2025-09-03 07:32:00,Visa,Tehran,1158713.0,8
Fail,2025-09-04 18:45:00,Nan,Karaj,452545.0,84
Fail,2025-09-26 01:51:00,Visa,Karaj,1387769.0,59
Fail,2025-09-25 20:20:00,Nan,Mashhad,452545.0,21
Success,2025-09-15 16:40:00,Visa,Karaj,1.0,65
Success,2025-09-06 07:08:00,Visa,Tehran,1883871.0,94
Success,2025-09-15 14:30:00,Mastercard,Tehran,177050.0,24
Success,2025-09-21 08:59:00,Mastercard,Tehran,177050.0,30
Fail,2025-09-03 13:13:00,Visa,Tehran,1578078.0,100
Fail,2025-09-25 21:21:00,Discover,Tabriz,914465.0,98
Success,2025-09-21 09:09:00,Visa,Isfahan,452545.0,84
Fail,2025-09-21 11:11:00,Mastercard,Isfahan,1387769.0,57
Fail,2025-09-14 16:40:00,Mastercard,Shiraz,333333.0,80
Success,2025-09-20 05:56:00,Discover,Qom,1000.0,73
Success,2025-09-14 23:59:00,Visa,Tehran,0.0,96
Success,2025-09-04 09:00:00,Mastercard,Ahvaz,774681.0,17
Fail,2025-09-12 21:10:00,Discover,Isfahan,0.0,59
Fail,2025-09-17 12:12:00,Visa,Tehran,585954.0,31
Success,2025-09-07 18:00:00,American Express,Isfahan,450000.0,64
Fail,2025-09-09 19:40:00,Mastercard,Mashhad,1768588.0,48
Success,2025-09-03 03:00:00,Visa,Tehran,450000.0,23
Fail,2025-09-28 04:40:00,Visa,Tehran,177050.0,70
Fail,2025-09-13 14:11:00,Mastercard,Unknown,0.0,30
Fail,2025-09-15 14:02:00,Visa,Tehran,452545.0,55
Fail,2025-09-18 13:13:00,Mastercard,Tehran,0.0,7
Success,2025-09-19 05:56:00,Discover,Qom,250000.0,75
Success,2025-09-01 13:10:00,Visa,Isfahan,1387769.0,99
Success,2025-09-06 13:10:00,Mastercard,Qom,452545.0,12
Fail,2025-09-27 07:08:00,Mastercard,Mashhad,452545.0,60
Fail,2025-09-27 12:34:00,Discover,Tehran,976246.0,52
Success,2025-09-23 04:40:00,Mastercard,Tabriz,1578078.0,27
Fail,2025-09-27 23:59:00,Visa,Tehran,0.0,12
Success,2025-09-27 19:40:00,American Express,Mashhad,343679.0,13
Fail,2025-09-02 13:13:00,Discover,Tehran,545116.0,72
Success,2025-09-24 00:00:00,Mastercard,Unknown,452545.0,80
Fail,2025-09-14 19:51:00,American Express,Tehran,650000.0,62
Fail,2025-09-06 07:08:00,American Express,Tehran,2020587.5,29
Success,2025-09-14 09:09:00,Visa,Tehran,1578078.0,35
Fail,2025-09-04 19:19:00,American Express,Karaj,0.0,60
Success,2025-09-21 11:11:00,Mastercard,Tabriz,50200.0,29
Success,2025-09-08 21:23:00,Discover,Tehran,120000.0,31
Fail,2025-09-30 14:11:00,Visa,Karaj,100.5,77
Fail,2025-09-03 14:02:00,Visa,Isfahan,1158713.0,76
Fail,2025-09-19 12:44:00,Mastercard,Mashhad,1782689.0,61
Success,2025-09-30 21:10:00,Discover,Tabriz,452545.0,2
Fail,2025-09-14 12:34:00,Mastercard,Tabriz,452545.0,33
Success,2025-09-27 02:30:00,American Express,Tehran,177050.0,72
Success,2025-09-20 00:00:00,Mastercard,Tehran,471227.0,62
Success,2025-09-17 16:40:00,Visa,Tehran,914465.0,59
Success,2025-09-25 04:40:00,Discover,Tabriz,250000.0,40
Fail,2025-09-08 18:12:00,American Express,Tehran,177050.0,49
Success,2025-09-24 11:11:00,Visa,Tehran,1.0,32
Success,2025-09-14 19:29:00,Mastercard,Tehran,120000.0,38
Success,2025-09-26 02:30:00,Visa,Qom,450000.0,93
Success,2025-09-06 02:24:00,Mastercard,Karaj,471227.0,79
Success,2025-09-23 12:34:00,American Express,Ahvaz,850000.0,88
Fail,2025-09-22 03:27:00,Mastercard,Tabriz,1578078.0,89
Success,2025-09-16 14:55:00,Visa,Tehran,900000.0,13
Success,2025-09-25 23:59:00,Master Card,Mashhad,0.0,85
Fail,2025-09-19 00:00:00,Nan,Tehran,1472823.0,54
Fail,2025-09-14 07:08:00,Mastercard,Isfahan,1883871.0,76
Fail,2025-09-19 19:19:00,Visa,Qom,452545.0,13
Success,2025-09-03 12:12:00,Visa,Isfahan,1782689.0,39
Fail,2025-09-10 10:48:00,Visa,Karaj,0.0,23
Fail,2025-09-19 08:08:00,Mastercard,Tehran,471227.0,93
Fail,2025-09-09 22:27:00,Visa,Ahvaz,452545.0,14
Success,2025-09-28 03:00:00,Mastercard,Shiraz,583952.0,17
Success,2025-09-20 19:19:00,Mastercard,Mashhad,583952.0,24
Success,2025-09-13 03:27:00,Visa,Tabriz,1463119.0,58
Fail,2025-09-07 03:27:00,Mastercard,Mashhad,2020587.5,63
Fail,2025-09-14 16:40:00,Visa,Tabriz,123456.0,34
Success,2025-09-09 09:00:00,Visa,Tehran,1463119.0,51
Success,2025-09-27 18:12:00,Discover,Tehran,419089.0,87
Success,2025-09-28 23:59:00,Discover,Tehran,0.0,10
Fail,2025-09-23 08:59:00,Visa,Karaj,914465.0,72
Success,2025-09-25 22:27:00,Visa,Karaj,250000.0,21
Fail,2025-09-28 00:00:00,American Express,Tehran,200000.0,37
Success,2025-09-19 17:17:00,Mastercard,Mashhad,123456.0,7
Success,2025-09-15 00:00:00,Visa,Karaj,452545.0,91
Success,2025-09-20 18:45:00,Mastercard,Mashhad,412308.0,13
Fail,2025-09-14 07:08:00,Discover,Tehran,177050.0,80
Success,2025-09-24 16:40:00,Visa,Tehran,123456.0,30
Fail,2025-09-06 10:48:00,Master Card,Tehran,1782689.0,31
Success,2025-09-21 04:04:00,Mastercard,Tabriz,2020587.5,5
Success,2025-09-29 18:45:00,Visa,Tabriz,1.0,32
Success,2025-09-04 03:00:00,Visa,Karaj,914465.0,16
Fail,2025-09-08 02:24:00,Discover,Karaj,419089.0,73
Fail,2025-09-17 04:40:00,Discover,Tehran,1782689.0,22
Fail,2025-09-30 06:06:00,Visa,Tabriz,1502601.0,64
Success,2025-09-09 11:11:00,Visa,Tehran,650000.0,44
Fail,2025-09-01 17:17:00,Visa,Shiraz,200000.0,40
Success,2025-09-24 00:00:00,Mastercard,Mashhad,583952.0,37
Success,2025-09-20 02:30:00,Visa,Shiraz,450000.0,78
Success,2025-09-25 21:23:00,Discover,Karaj,1387769.0,16
Fail,2025-09-14 23:17:00,Visa,Tehran,650000.0,43
Fail,2025-09-11 13:10:00,Visa,Ahvaz,452545.0,84
Fail,2025-09-21 05:56:00,Visa,Karaj,1000.0,63
Success,2025-09-03 21:21:00,Mastercard,Unknown,100.5,15
Success,2025-09-09 19:51:00,Mastercard,Tehran,976246.0,44
Success,2025-09-27 03:27:00,American Express,Karaj,333333.0,91
Success,2025-09-14 09:45:00,Visa,Karaj,452545.0,9
Success,2025-09-30 20:20:00,Discover,Tehran,100.5,65
Fail,2025-09-09 03:27:00,Visa,Tehran,471227.0,100
Success,2025-09-04 05:23:00,Visa,Karaj,1472823.0,44
Success,2025-09-27 00:00:00,Discover,Ahvaz,0.0,20
Success,2025-09-04 00:00:00,Discover,Tehran,120000.0,70
Fail,2025-09-28 04:40:00,Mastercard,Karaj,452545.0,74
Success,2025-09-08 12:34:00,Nan,Tabriz,300000.0,33
Fail,2025-09-02 08:08:00,Nan,Qom,100.5,80
Fail,2025-09-09 13:13:00,Visa,Isfahan,452545.0,6
Success,2025-09-29 12:44:00,Mastercard,Isfahan,200000.0,83
Success,2025-09-14 07:32:00,Visa,Tabriz,471227.0,31
Success,2025-09-22 05:56:00,Visa,Tehran,452545.0,66
Fail,2025-09-09 12:12:00,Visa,Ahvaz,976246.0,18
Success,2025-09-24 04:40:00,Visa,Mashhad,412308.0,28
Fail,2025-09-23 04:40:00,Mastercard,Shiraz,452545.0,68
Fail,2025-09-16 15:45:00,Visa,Tehran,1050805.0,65
Fail,2025-09-29 11:11:00,Mastercard,Isfahan,120000.0,80
Success,2025-09-30 21:10:00,Visa,Qom,343679.0,45
Success,2025-09-17 13:13:00,Mastercard,Mashhad,2020587.5,58
Success,2025-09-16 13:10:00,Visa,Tehran,1050805.0,47
Success,2025-09-30 19:51:00,American Express,Isfahan,452545.0,66
Fail,2025-09-12 10:48:00,Visa,Tehran,200000.0,52
Success,2025-09-03 12:12:00,Visa,Tabriz,774681.0,36
Success,2025-09-11 10:48:00,Mastercard,Tehran,1427657.0,1
Fail,2025-09-14 12:12:00,Mastercard,Tehran,545116.0,39
Fail,2025-09-18 10:05:00,Mastercard,Isfahan,452545.0,88
Success,2025-09-21 09:00:00,Discover,Shiraz,343679.0,91
Success,2025-09-21 10:48:00,Mastercard,Mashhad,343679.0,75
Fail,2025-09-05 19:40:00,Visa,Isfahan,452545.0,1
Success,2025-09-16 02:30:00,Discover,Qom,774681.0,75
Success,2025-09-20 23:17:00,Mastercard,Karaj,450000.0,89
Success,2025-09-05 09:09:00,Visa,Karaj,585954.0,74
Fail,2025-09-03 19:40:00,Visa,Karaj,205000.0,14
Success,2025-09-12 23:59:00,Visa,Tehran,976246.0,78
Fail,2025-09-01 13:10:00,Visa,Qom,452545.0,71
Fail,2025-09-21 04:15:00,Mastercard,Tehran,1768588.0,23
Fail,2025-09-29 09:00:00,Visa,Tabriz,0.0,43
Success,2025-09-09 05:23:00,Discover,Tabriz,583952.0,22
Fail,2025-09-29 03:27:00,Nan,Qom,1000.0,60
Fail,2025-09-09 02:37:00,Discover,Tehran,63489.0,27
Success,2025-09-04 16:40:00,Visa,Karaj,452545.0,56
Fail,2025-09-03 04:15:00,Discover,Tabriz,177050.0,2
Fail,2025-09-17 23:59:00,Master Card,Mashhad,1578078.0,39
Fail,2025-09-02 11:11:00,Nan,Shiraz,650000.0,51
Success,2025-09-24 16:40:00,Visa,Tehran,1578078.0,19
Success,2025-09-01 01:51:00,Visa,Tehran,452545.0,62
Fail,2025-09-08 15:45:00,Visa,Mashhad,100.5,71
Success,2025-09-13 05:56:00,Visa,Tehran,452545.0,76
Fail,2025-09-23 23:59:00,Mastercard,Tehran,583952.0,67
Fail,2025-09-15 13:13:00,American Express,Tabriz,1782689.0,63
Fail,2025-09-08 09:45:00,Discover,Tehran,412308.0,5
Success,2025-09-12 18:00:00,American Express,Qom,99999.0,72
Success,2025-09-22 18:12:00,Visa,Tehran,1472823.0,78
Fail,2025-09-12 08:08:00,Visa,Tabriz,123456.0,61
Fail,2025-09-14 02:20:00,American Express,Tehran,1768588.0,71
Success,2025-09-15 14:30:00,Mastercard,Tabriz,0.0,7
Fail,2025-09-15 02:30:00,Mastercard,Shiraz,1472823.0,50
Fail,2025-09-09 03:27:00,American Express,Karaj,2020587.5,46
Fail,2025-09-19 17:17:00,Mastercard,Isfahan,177050.0,97
Success,2025-09-26 01:51:00,Mastercard,Isfahan,452545.0,72
Success,2025-09-20 17:17:00,Visa,Mashhad,250000.0,76
Fail,2025-09-29 11:11:00,American Express,Karaj,450000.0,74
Fail,2025-09-22 14:11:00,Mastercard,Tehran,50200.0,14
Success,2025-09-08 07:08:00,Mastercard,Shiraz,100.5,73
Fail,2025-09-21 08:08:00,Mastercard,Karaj,450000.0,95
Fail,2025-09-19 05:56:00,Discover,Qom,976246.0,69
Fail,2025-09-06 18:12:00,Visa,Tehran,100.5,65
Success,2025-09-20 20:33:00,American Express,Qom,0.0,65
Success,2025-09-25 18:00:00,Discover,Shiraz,300000.0,57
Fail,2025-09-29 08:08:00,Mastercard,Qom,2020587.5,62
Success,2025-09-19 14:11:00,Mastercard,Karaj,419089.0,20
Success,2025-09-04 19:19:00,Mastercard,Tehran,585954.0,75
Fail,2025-09-23 02:20:00,American Express,Tehran,0.0,26
Success,2025-09-07 02:30:00,Visa,Tehran,650000.0,44
Fail,2025-09-28 17:17:00,Visa,Shiraz,200000.0,67
Fail,2025-09-28 15:45:00,Mastercard,Shiraz,250000.0,70
Fail,2025-09-04 21:23:00,Mastercard,Tabriz,1463119.0,62
Fail,2025-09-22 19:51:00,Visa,Tehran,250000.0,45
Success,2025-09-12 04:40:00,Visa,Tehran,471227.0,11
Success,2025-09-13 10:48:00,Mastercard,Tabriz,452545.0,72
Success,2025-09-03 19:51:00,Discover,Tehran,100.5,94
Success,2025-09-22 23:59:00,Visa,Tehran,452545.0,74
Success,2025-09-12 11:11:00,Discover,Tehran,1050805.0,34
Fail,2025-09-02 19:51:00,American Express,Tabriz,976246.0,89
Fail,2025-09-24 18:00:00,Mastercard,Tehran,914465.0,46
Success,2025-09-02 08:08:00,American Express,Tabriz,850000.0,81
Fail,2025-09-27 23:17:00,Mastercard,Unknown,976246.0,32
Fail,2025-09-23 11:11:00,Visa,Tabriz,1578078.0,75
Fail,2025-09-09 14:11:00,American Express,Karaj,914282.0,99
Fail,2025-09-01 13:13:00,Visa,Isfahan,200000.0,89
Success,2025-09-08 07:08:00,American Express,Tehran,1305967.0,5
Fail,2025-09-23 03:27:00,American Express,Tabriz,914465.0,63
Success,2025-09-06 02:24:00,Visa,Shiraz,1050805.0,29
Success,2025-09-06 19:19:00,Discover,Isfahan,177050.0,48
Success,2025-09-22 02:37:00,Visa,Qom,1782689.0,99
Fail,2025-09-25 19:40:00,Visa,Tabriz,100.5,16
Fail,2025-09-18 12:44:00,Mastercard,Mashhad,1387769.0,25
Success,2025-09-17 18:00:00,Nan,Mashhad,452545.0,72
Success,2025-09-29 18:45:00,Mastercard,Isfahan,100.5,29
Fail,2025-09-12 19:29:00,Mastercard,Tehran,1427657.0,52
Fail,2025-09-06 14:55:00,Visa,Mashhad,1.0,46
Fail,2025-09-26 16:16:00,Visa,Karaj,1050805.0,25
Fail,2025-09-27 10:48:00,Visa,Tehran,1305967.0,23
Success,2025-09-08 21:21:00,Mastercard,Ahvaz,0.0,34
Fail,2025-09-19 19:51:00,Mastercard,Tehran,2020587.5,67
Success,2025-09-28 06:30:00,Visa,Tabriz,452545.0,95
Fail,2025-09-10 00:00:00,Discover,Tehran,1387769.0,34
Fail,2025-09-01 14:30:00,Mastercard,Tehran,0.0,32
Success,2025-09-25 08:59:00,Visa,Tabriz,452545.0,29
Success,2025-09-29 10:48:00,Mastercard,Tehran,419089.0,9
Success,2025-09-13 21:21:00,Nan,Tabriz,774681.0,66
Success,2025-09-17 17:07:00,Visa,Tabriz,1578078.0,57
Fail,2025-09-03 10:48:00,Visa,Tabriz,1305967.0,39
Success,2025-09-08 19:51:00,American Express,Tehran,452545.0,7
Fail,2025-09-14 02:37:00,Discover,Tabriz,0.0,69
Fail,2025-09-03 13:10:00,Visa,Karaj,1782689.0,8
Success,2025-09-16 14:00:00,American Express,Tabriz,1472823.0,97
Fail,2025-09-13 12:12:00,Discover,Tehran,50200.0,18
Success,2025-09-20 09:09:00,Discover,Tehran,1768588.0,82
Fail,2025-09-24 06:30:00,Mastercard,Mashhad,177050.0,49
Success,2025-09-17 01:01:00,Mastercard,Karaj,471227.0,16
Success,2025-09-13 16:16:00,Mastercard,Tehran,452545.0,21
Success,2025-09-29 08:08:00,Mastercard,Qom,1768588.0,10
Success,2025-09-06 04:15:00,Visa,Shiraz,1472823.0,4
Fail,2025-09-17 02:24:00,Mastercard,Qom,5000.0,44
Success,2025-09-14 14:11:00,Master Card,Tehran,583952.0,8
Fail,2025-09-17 21:10:00,Visa,Tehran,250000.0,55
Fail,2025-09-30 23:17:00,Visa,Tehran,452545.0,19
Fail,2025-09-08 14:11:00,Discover,Isfahan,300000.0,64
Fail,2025-09-11 12:12:00,Nan,Shiraz,0.0,40
Success,2025-09-20 22:27:00,Visa,Tehran,555555.0,51
Fail,2025-09-28 11:11:00,Discover,Ahvaz,177050.0,9
Success,2025-09-01 17:17:00,Discover,Tehran,452545.0,30
Fail,2025-09-26 16:40:00,American Express,Tabriz,123456.0,56
Fail,2025-09-07 19:19:00,Mastercard,Ahvaz,333333.0,81
Fail,2025-09-21 13:10:00,Visa,Mashhad,419089.0,44
Fail,2025-09-21 10:48:00,American Express,Qom,177050.0,59
Fail,2025-09-17 20:20:00,Visa,Shiraz,0.0,15
Fail,2025-09-30 14:55:00,American Express,Tehran,585954.0,68
Success,2025-09-10 11:11:00,Mastercard,Tehran,419089.0,70
Success,2025-09-11 17:07:00,Mastercard,Tehran,123456.0,61
Success,2025-09-22 02:37:00,Visa,Mashhad,343679.0,80
Fail,2025-09-30 01:01:00,American Express,Shiraz,585954.0,91
Success,2025-09-09 02:30:00,Mastercard,Shiraz,2020587.5,23
Fail,2025-09-09 14:02:00,Mastercard,Tehran,452545.0,77
Fail,2025-09-24 11:11:00,American Express,Tehran,177050.0,47
Fail,2025-09-05 09:45:00,American Express,Tehran,1427657.0,17
Fail,2025-09-17 14:30:00,Visa,Tehran,0.0,57
Fail,2025-09-09 10:48:00,Visa,Isfahan,443463.0,54
Success,2025-09-17 13:13:00,Discover,Tehran,200000.0,92
Fail,2025-09-24 08:59:00,Mastercard,Mashhad,452545.0,52
Success,2025-09-21 10:48:00,American Express,Tehran,976246.0,22
Fail,2025-09-19 03:27:00,Mastercard,Tehran,452545.0,83
Success,2025-09-27 13:13:00,Mastercard,Mashhad,452545.0,39
Fail,2025-09-07 14:30:00,Mastercard,Mashhad,450000.0,100
Success,2025-09-23 17:07:00,Discover,Qom,976246.0,13
Fail,2025-09-09 12:12:00,Discover,Shiraz,250000.0,78
Fail,2025-09-07 21:10:00,Visa,Shiraz,1472823.0,96
Fail,2025-09-13 02:20:00,Discover,Isfahan,177050.0,66
Success,2025-09-11 18:00:00,Mastercard,Shiraz,1158713.0,52
Fail,2025-09-14 00:00:00,Visa,Tabriz,50200.0,14
Success,2025-09-19 07:08:00,Nan,Isfahan,123456.0,73
Success,2025-09-11 19:51:00,Mastercard,Isfahan,0.0,74
Success,2025-09-13 00:00:00,Visa,Tabriz,0.0,63
Success,2025-09-14 07:32:00,Mastercard,Tabriz,1768588.0,71
Fail,2025-09-13 23:59:00,Discover,Tehran,452545.0,28
Fail,2025-09-01 11:11:00,Master Card,Mashhad,419089.0,90
Fail,2025-09-08 03:27:00,Discover,Qom,177050.0,46
Fail,2025-09-12 12:12:00,American Express,Isfahan,1.0,28
Success,2025-09-19 01:51:00,Discover,Tehran,0.0,2
Success,2025-09-12 12:34:00,Visa,Qom,1768588.0,17
Fail,2025-09-08 03:27:00,Mastercard,Tehran,0.0,59
Fail,2025-09-08 07:08:00,Visa,Qom,452545.0,52
Success,2025-09-29 14:30:00,Mastercard,Tehran,1768588.0,4
Success,2025-09-21 13:13:00,Visa,Tehran,900000.0,77
Success,2025-09-13 02:30:00,Nan,Tehran,200000.0,82
Success,2025-09-12 19:51:00,American Express,Mashhad,250000.0,3
Fail,2025-09-29 19:51:00,Mastercard,Tabriz,1158713.0,37
Success,2025-09-16 18:00:00,Mastercard,Tabriz,452545.0,98
Success,2025-09-01 16:16:00,Visa,Ahvaz,1883871.0,24
Success,2025-09-13 18:45:00,American Express,Tehran,1387769.0,72
Fail,2025-09-26 10:48:00,Visa,Shiraz,452545.0,35
Fail,2025-09-07 23:17:00,Mastercard,Shiraz,774681.0,2
Success,2025-09-28 21:10:00,Mastercard,Tehran,100.5,33
Success,2025-09-26 03:00:00,Visa,Karaj,0.0,76
Fail,2025-09-05 13:13:00,Visa,Karaj,1578078.0,87
Fail,2025-09-08 23:17:00,Mastercard,Isfahan,2020587.5,77
Success,2025-09-25 23:59:00,Mastercard,Mashhad,650000.0,10
Success,2025-09-27 07:08:00,Visa,Karaj,0.0,81
Success,2025-09-14 02:30:00,Mastercard,Mashhad,419089.0,62
Fail,2025-09-23 11:11:00,American Express,Shiraz,0.0,43
Success,2025-09-30 11:11:00,Visa,Isfahan,471227.0,69
Fail,2025-09-13 03:00:00,Mastercard,Tehran,1782689.0,59
Fail,2025-09-15 19:19:00,Mastercard,Unknown,585954.0,9
Fail,2025-09-23 05:23:00,Mastercard,Mashhad,585954.0,77
Success,2025-09-17 16:40:00,Nan,Isfahan,452545.0,60
Success,2025-09-15 01:01:00,American Express,Karaj,100.5,63
Success,2025-09-20 05:56:00,Mastercard,Shiraz,1578078.0,52
Success,2025-09-18 05:56:00,Visa,Tabriz,177050.0,23
Fail,2025-09-18 04:40:00,Mastercard,Tehran,2020587.5,30
Fail,2025-09-02 05:56:00,American Express,Tehran,1578078.0,43
Fail,2025-09-04 19:19:00,Discover,Qom,1427657.0,68
Fail,2025-09-30 06:06:00,American Express,Mashhad,976246.0,21
Fail,2025-09-01 18:12:00,Mastercard,Tabriz,50200.0,43
Fail,2025-09-04 14:00:00,American Express,Karaj,0.0,73
Success,2025-09-18 19:29:00,Mastercard,Shiraz,120000.0,7
Success,2025-09-05 03:27:00,Discover,Ahvaz,443463.0,16
Success,2025-09-19 13:13:00,American Express,Isfahan,177050.0,23
Success,2025-09-15 13:10:00,Mastercard,Tehran,200000.0,58
Success,2025-09-28 02:30:00,Visa,Isfahan,1883871.0,88
Success,2025-09-08 02:37:00,Visa,Mashhad,1578078.0,31
Success,2025-09-20 04:40:00,Visa,Tehran,1502601.0,69
Fail,2025-09-17 18:45:00,Nan,Tehran,0.0,6
Fail,2025-09-01 14:00:00,American Express,Tehran,0.0,65
Fail,2025-09-12 11:11:00,Master Card,Unknown,1502601.0,59
Success,2025-09-26 18:12:00,American Express,Tehran,450000.0,28
Fail,2025-09-19 07:08:00,Mastercard,Ahvaz,452545.0,18
Fail,2025-09-15 19:51:00,Visa,Mashhad,650000.0,89
Fail,2025-09-09 17:17:00,Visa,Mashhad,471227.0,77
Fail,2025-09-07 09:45:00,Discover,Tabriz,100.5,98
Fail,2025-09-02 16:16:00,Mastercard,Isfahan,914282.0,10
Success,2025-09-29 06:30:00,Discover,Isfahan,1427657.0,7
Success,2025-09-09 01:01:00,Discover,Tehran,1463119.0,37
Success,2025-09-10 17:07:00,Visa,Mashhad,177050.0,97
Success,2025-09-02 00:00:00,Visa,Mashhad,452545.0,45
Success,2025-09-19 18:12:00,Discover,Shiraz,1.0,87
Fail,2025-09-11 02:37:00,Visa,Mashhad,419089.0,16
Fail,2025-09-13 00:00:00,Visa,Tehran,200000.0,89
Fail,2025-09-10 14:30:00,Discover,Isfahan,452545.0,14
Success,2025-09-14 14:02:00,Visa,Isfahan,200000.0,11
Fail,2025-09-18 02:24:00,American Express,Qom,1158713.0,83
Fail,2025-09-19 05:56:00,American Express,Tabriz,0.0,88
Success,2025-09-22 19:29:00,Mastercard,Isfahan,1387769.0,34
Success,2025-09-09 04:40:00,Visa,Karaj,50200.0,60
Success,2025-09-25 02:54:00,Discover,Isfahan,5000.0,13
Success,2025-09-07 09:09:00,Visa,Tehran,100.5,39
Fail,2025-09-28 13:10:00,Visa,Shiraz,900000.0,44
Success,2025-09-03 20:33:00,Visa,Tehran,1768588.0,28
Fail,2025-09-20 07:08:00,Mastercard,Mashhad,419089.0,40
Fail,2025-09-06 14:00:00,Visa,Ahvaz,5000.0,16
Success,2025-09-27 14:00:00,Visa,Shiraz,0.0,50
Success,2025-09-21 20:33:00,Mastercard,Tehran,450000.0,28
Success,2025-09-02 00:00:00,Visa,Ahvaz,200000.0,68
Fail,2025-09-29 14:00:00,Visa,Tehran,343679.0,93
Success,2025-09-06 23:59:00,American Express,Tehran,1000.0,60
Success,2025-09-03 14:11:00,American Express,Shiraz,452545.0,12
Fail,2025-09-16 09:09:00,Mastercard,Tabriz,419089.0,16
Fail,2025-09-30 21:21:00,Discover,Qom,471227.0,53
Success,2025-09-08 13:13:00,American Express,Ahvaz,200000.0,54
Success,2025-09-02 05:56:00,Mastercard,Qom,850000.0,49
Fail,2025-09-17 21:23:00,Discover,Isfahan,914465.0,36
Fail,2025-09-09 08:08:00,Mastercard,Shiraz,471227.0,62
Success,2025-09-30 23:59:00,Visa,Tehran,0.0,84
Fail,2025-09-12 23:59:00,Visa,Karaj,200000.0,26
Success,2025-09-03 21:23:00,Mastercard,Karaj,1782689.0,56
Fail,2025-09-11 04:40:00,Discover,Mashhad,2020587.5,91
Fail,2025-09-01 02:37:00,Mastercard,Tabriz,419089.0,22
Success,2025-09-23 19:51:00,Visa,Ahvaz,200000.0,73
Fail,2025-09-13 19:29:00,Mastercard,Mashhad,0.0,69
Fail,2025-09-15 02:20:00,Visa,Tehran,50200.0,81
Fail,2025-09-26 02:30:00,Visa,Tehran,914465.0,49
Success,2025-09-05 13:13:00,Mastercard,Ahvaz,452545.0,99
Fail,2025-09-21 00:00:00,American Express,Qom,583952.0,2
Fail,2025-09-30 12:44:00,Mastercard,Isfahan,250000.0,53
Fail,2025-09-17 16:40:00,Mastercard,Tehran,976246.0,7
Fail,2025-09-25 02:24:00,Mastercard,Ahvaz,419089.0,77
Fail,2025-09-23 06:06:00,Mastercard,Mashhad,583952.0,20
Success,2025-09-24 08:08:00,Discover,Shiraz,1158713.0,95
Success,2025-09-25 14:11:00,Visa,Tabriz,452545.0,30
Success,2025-09-06 18:45:00,Visa,Tehran,1050805.0,75
Fail,2025-09-28 22:27:00,Discover,Tabriz,2020587.5,96
Fail,2025-09-21 05:23:00,Discover,Tabriz,343679.0,67
Success,2025-09-22 21:21:00,Master Card,Karaj,1000.0,59
Fail,2025-09-11 13:10:00,Visa,Tehran,1768588.0,66
Success,2025-09-18 15:45:00,Nan,Ahvaz,452545.0,3
Success,2025-09-04 18:45:00,Visa,Mashhad,443463.0,56
Fail,2025-09-03 19:51:00,Mastercard,Isfahan,1768588.0,79
Fail,2025-09-13 06:06:00,Visa,Tabriz,452545.0,17
Success,2025-09-23 14:11:00,American Express,Mashhad,200000.0,52
Success,2025-09-09 05:23:00,Mastercard,Tabriz,452545.0,7
Fail,2025-09-21 21:23:00,Mastercard,Isfahan,300000.0,5
Fail,2025-09-06 09:00:00,Mastercard,Karaj,1463119.0,99
Fail,2025-09-26 12:12:00,Visa,Shiraz,0.0,98
Fail,2025-09-30 14:02:00,Mastercard,Ahvaz,419089.0,54
Success,2025-09-28 07:08:00,Discover,Karaj,1578078.0,61
Success,2025-09-12 12:34:00,Discover,Karaj,0.0,16
Success,2025-09-02 11:11:00,Mastercard,Tehran,1768588.0,67
Fail,2025-09-03 15:45:00,Visa,Unknown,200000.0,59
Fail,2025-09-03 06:06:00,Visa,Mashhad,200000.0,47
Success,2025-09-28 09:45:00,Visa,Karaj,63489.0,48
Success,2025-09-12 07:08:00,Master Card,Karaj,300000.0,64
Success,2025-09-15 18:12:00,American Express,Qom,850000.0,50
Success,2025-09-09 18:00:00,Mastercard,Unknown,976246.0,85
Success,2025-09-23 02:24:00,Visa,Tabriz,583952.0,41
Success,2025-09-08 09:45:00,American Express,Isfahan,177050.0,72
Fail,2025-09-11 18:12:00,Mastercard,Tehran,1578078.0,22
Success,2025-09-16 23:59:00,Visa,Tehran,1578078.0,54
Success,2025-09-26 14:02:00,Visa,Karaj,452545.0,5
Success,2025-09-27 13:10:00,Discover,Tehran,1000.0,17
Success,2025-09-25 13:13:00,Visa,Tehran,452545.0,78
Success,2025-09-22 19:51:00,Visa,Shiraz,12345.0,41
Success,2025-09-04 18:12:00,Mastercard,Isfahan,412308.0,93
Fail,2025-09-28 07:08:00,Visa,Tabriz,100000.0,96
Success,2025-09-01 10:48:00,Mastercard,Tehran,1050805.0,81
Success,2025-09-24 01:51:00,Mastercard,Tehran,123456.0,35
Success,2025-09-07 15:45:00,American Express,Karaj,5000.0,40
Fail,2025-09-02 05:56:00,Visa,Isfahan,914282.0,22
Success,2025-09-24 02:24:00,American Express,Tehran,471227.0,48
Success,2025-09-28 07:08:00,Discover,Tabriz,452545.0,53
Success,2025-09-05 02:30:00,Discover,Tehran,555555.0,94
Fail,2025-09-07 04:04:00,Discover,Ahvaz,1.0,10
Success,2025-09-04 17:07:00,Nan,Karaj,443463.0,18
Fail,2025-09-05 23:59:00,Mastercard,Mashhad,900000.0,100
Success,2025-09-24 02:37:00,Visa,Tehran,1427657.0,80
Fail,2025-09-01 14:00:00,Mastercard,Tehran,914282.0,49
Success,2025-09-01 03:00:00,Discover,Mashhad,471227.0,71
Fail,2025-09-15 23:59:00,Visa,Karaj,1502601.0,30
Fail,2025-09-20 03:00:00,Visa,Tehran,1305967.0,19
Success,2025-09-19 01:51:00,Discover,Isfahan,976246.0,55
Fail,2025-09-29 22:27:00,Discover,Qom,1463119.0,60
Success,2025-09-10 19:40:00,American Express,Isfahan,900000.0,88
Success,2025-09-28 11:11:00,Mastercard,Mashhad,450000.0,72
Fail,2025-09-18 19:29:00,Visa,Shiraz,1463119.0,81
Fail,2025-09-28 14:02:00,American Express,Isfahan,650000.0,21
Fail,2025-09-03 19:51:00,Discover,Tehran,976246.0,26
Fail,2025-09-11 09:45:00,American Express,Tehran,0.0,28
Fail,2025-09-15 01:01:00,Discover,Mashhad,333333.0,39
Success,2025-09-27 07:08:00,Mastercard,Tehran,583952.0,33
Fail,2025-09-30 01:01:00,Mastercard,Tehran,0.0,40
Success,2025-09-11 12:12:00,Mastercard,Karaj,914282.0,83
Fail,2025-09-17 14:55:00,Mastercard,Isfahan,0.0,29
Success,2025-09-17 08:08:00,Mastercard,Karaj,452545.0,20
Success,2025-09-06 14:55:00,Visa,Mashhad,123456.0,20
Success,2025-09-05 19:51:00,Visa,Tehran,0.0,74
Success,2025-09-08 04:04:00,Discover,Shiraz,0.0,12
Fail,2025-09-02 14:55:00,Visa,Karaj,200000.0,98
Success,2025-09-16 14:11:00,Mastercard,Tehran,177050.0,25
Success,2025-09-20 08:59:00,Discover,Tabriz,250000.0,25
Success,2025-09-24 01:51:00,Visa,Tehran,1578078.0,4
Fail,2025-09-12 11:11:00,Visa,Tabriz,100.5,4
Fail,2025-09-06 06:06:00,Mastercard,Isfahan,452545.0,9
Fail,2025-09-01 02:54:00,Mastercard,Shiraz,300000.0,15
Fail,2025-09-04 14:30:00,Discover,Tehran,1768588.0,26
Fail,2025-09-17 14:30:00,Visa,Tehran,2020587.5,79
Success,2025-09-13 07:32:00,Mastercard,Tabriz,333333.0,91
Fail,2025-09-18 11:11:00,Mastercard,Karaj,419089.0,93
Success,2025-09-05 02:30:00,Visa,Isfahan,914465.0,71
Success,2025-09-30 12:44:00,American Express,Isfahan,452545.0,32
Success,2025-09-24 14:02:00,Visa,Mashhad,452545.0,76
Success,2025-09-24 00:00:00,American Express,Ahvaz,0.0,100
Fail,2025-09-27 12:44:00,Mastercard,Mashhad,452545.0,52
Fail,2025-09-03 18:12:00,Mastercard,Tehran,419089.0,32
Success,2025-09-11 09:00:00,Visa,Tabriz,12345.0,9
Success,2025-09-13 01:01:00,American Express,Tehran,976246.0,78
Fail,2025-09-04 14:11:00,Mastercard,Mashhad,1463119.0,13
Fail,2025-09-26 11:11:00,Mastercard,Tehran,123456.0,56
Fail,2025-09-27 11:11:00,Visa,Tabriz,452545.0,44
Fail,2025-09-14 02:24:00,Master Card,Shiraz,177050.0,98
Success,2025-09-22 07:32:00,Mastercard,Isfahan,5000.0,97
Fail,2025-09-11 00:00:00,American Express,Karaj,1578078.0,83
Success,2025-09-27 02:37:00,American Express,Isfahan,2020587.5,30
Fail,2025-09-10 02:37:00,Visa,Tehran,333333.0,16
Success,2025-09-19 03:27:00,Visa,Tehran,471227.0,12
Fail,2025-09-18 02:54:00,Visa,Ahvaz,250000.0,74
Fail,2025-09-06 07:08:00,Mastercard,Tehran,452545.0,66
Success,2025-09-27 20:20:00,Visa,Tabriz,100.5,18
Fail,2025-09-29 07:08:00,Mastercard,Ahvaz,452545.0,13
Fail,2025-09-15 04:15:00,Mastercard,Tabriz,471227.0,94
Fail,2025-09-21 04:40:00,Visa,Karaj,2020587.5,24
Fail,2025-09-30 15:45:00,Mastercard,Isfahan,200000.0,12
Success,2025-09-10 05:56:00,Visa,Tabriz,976246.0,60
Success,2025-09-05 07:08:00,Nan,Tehran,1768588.0,60
Fail,2025-09-26 21:23:00,Visa,Tabriz,250000.0,94
Fail,2025-09-29 05:23:00,American Express,Ahvaz,1050805.0,87
Success,2025-09-05 07:08:00,Visa,Shiraz,850000.0,1
Fail,2025-09-10 21:23:00,Mastercard,Tabriz,452545.0,43
Fail,2025-09-28 08:08:00,American Express,Mashhad,0.0,55
Fail,2025-09-05 01:01:00,Visa,Tehran,250000.0,40
Fail,2025-09-03 12:12:00,Mastercard,Tehran,100.5,64
Fail,2025-09-23 09:45:00,Visa,Tehran,976246.0,34
Fail,2025-09-06 12:44:00,Mastercard,Karaj,452545.0,34
Success,2025-09-04 19:29:00,Mastercard,Tehran,0.0,48
Success,2025-09-18 21:23:00,Mastercard,Tehran,976246.0,33
Fail,2025-09-28 10:48:00,Visa,Isfahan,452545.0,68
Fail,2025-09-09 02:20:00,Visa,Tabriz,650000.0,30
Fail,2025-09-17 07:07:00,American Express,Qom,123456.0,84
Success,2025-09-29 10:48:00,Nan,Tehran,2020587.5,91
Fail,2025-09-13 13:10:00,Mastercard,Qom,0.0,79
Success,2025-09-27 01:01:00,Visa,Shiraz,452545.0,71
Success,2025-09-15 20:20:00,American Express,Tehran,2020587.5,71
Fail,2025-09-30 10:48:00,Mastercard,Tehran,0.0,29
Fail,2025-09-20 20:33:00,Discover,Tehran,100000.0,23
Success,2025-09-17 11:11:00,Discover,Ahvaz,850000.0,34
Success,2025-09-13 14:30:00,Mastercard,Tabriz,0.0,84
Fail,2025-09-16 02:20:00,American Express,Tabriz,976246.0,15
Fail,2025-09-22 02:37:00,Discover,Ahvaz,100.5,98
Fail,2025-09-04 21:10:00,Nan,Tehran,471227.0,53
Success,2025-09-05 07:07:00,American Express,Isfahan,1578078.0,17
Success,2025-09-05 00:00:00,Mastercard,Karaj,0.0,64
Success,2025-09-09 14:55:00,Mastercard,Qom,1387769.0,84
Fail,2025-09-17 02:37:00,Visa,Qom,1782689.0,61
Fail,2025-09-13 07:08:00,Mastercard,Tehran,650000.0,57
Fail,2025-09-02 21:23:00,Discover,Tehran,914465.0,77
Fail,2025-09-13 07:32:00,American Express,Qom,205000.0,89
Fail,2025-09-22 03:00:00,American Express,Tehran,0.0,37
Fail,2025-09-21 12:44:00,American Express,Tehran,0.0,7
Fail,2025-09-27 14:02:00,Mastercard,Isfahan,555555.0,8
Fail,2025-09-23 07:08:00,Visa,Isfahan,205000.0,88
Fail,2025-09-19 02:30:00,Discover,Tabriz,452545.0,78
Fail,2025-09-03 12:12:00,Mastercard,Tehran,343679.0,68
Success,2025-09-10 06:06:00,Visa,Shiraz,99999.0,21
Fail,2025-09-02 20:33:00,Mastercard,Mashhad,0.0,61
Fail,2025-09-13 16:16:00,Visa,Qom,343679.0,74
Fail,2025-09-19 04:40:00,Visa,Isfahan,333333.0,87
Fail,2025-09-26 15:45:00,American Express,Mashhad,1427657.0,95
Fail,2025-09-17 16:40:00,Mastercard,Isfahan,177050.0,95
Fail,2025-09-21 03:00:00,Visa,Isfahan,976246.0,80
Success,2025-09-14 10:48:00,Mastercard,Tabriz,419089.0,75
Fail,2025-09-12 10:48:00,Visa,Tehran,471227.0,87
Success,2025-09-21 21:23:00,Mastercard,Tehran,1768588.0,29
Fail,2025-09-12 19:51:00,Discover,Tehran,1782689.0,25
Fail,2025-09-11 20:33:00,Nan,Tabriz,914282.0,58
Success,2025-09-07 19:19:00,Visa,Tehran,5000.0,14
Success,2025-09-04 02:37:00,Mastercard,Shiraz,0.0,78
Fail,2025-09-19 09:00:00,Master Card,Tehran,412308.0,66
Fail,2025-09-01 00:00:00,Discover,Isfahan,12345.0,54
Success,2025-09-28 19:40:00,American Express,Isfahan,0.0,77
Success,2025-09-24 23:59:00,Discover,Karaj,452545.0,67
Success,2025-09-29 02:24:00,Visa,Qom,177050.0,30
Success,2025-09-03 08:08:00,American Express,Mashhad,774681.0,18
Success,2025-09-13 17:07:00,Nan,Qom,0.0,54
Fail,2025-09-15 00:00:00,Mastercard,Qom,1158713.0,21
Fail,2025-09-02 02:20:00,American Express,Ahvaz,2020587.5,53
Fail,2025-09-11 03:00:00,American Express,Shiraz,0.0,83
Fail,2025-09-04 19:51:00,Mastercard,Tehran,1050805.0,16
Success,2025-09-19 02:30:00,American Express,Tehran,0.0,28
Success,2025-09-29 09:09:00,Discover,Isfahan,583952.0,4
Fail,2025-09-17 16:16:00,Discover,Tehran,1463119.0,55
Success,2025-09-03 11:11:00,Mastercard,Tehran,200000.0,15
Success,2025-09-28 19:40:00,Mastercard,Tehran,1782689.0,64
Fail,2025-09-18 02:54:00,Discover,Tehran,0.0,65
Fail,2025-09-08 02:30:00,American Express,Isfahan,419089.0,16
Fail,2025-09-22 20:33:00,Visa,Tehran,450000.0,20
Fail,2025-09-25 18:45:00,Discover,Shiraz,1578078.0,64
Success,2025-09-24 14:00:00,American Express,Tehran,452545.0,33
Success,2025-09-26 09:00:00,Mastercard,Mashhad,200000.0,81
Success,2025-09-19 13:13:00,Mastercard,Tehran,452545.0,69
Fail,2025-09-05 18:45:00,Discover,Karaj,976246.0,69
Fail,2025-09-07 12:12:00,Nan,Ahvaz,452545.0,58
Fail,2025-09-21 23:59:00,Visa,Isfahan,100.5,39
Fail,2025-09-08 14:11:00,Mastercard,Tehran,0.0,77
Fail,2025-09-28 00:00:00,Mastercard,Tehran,2020587.5,36
Success,2025-09-05 08:59:00,Mastercard,Karaj,1158713.0,95
Fail,2025-09-17 07:32:00,Nan,Qom,0.0,68
Success,2025-09-05 14:11:00,Mastercard,Tabriz,452545.0,88
Success,2025-09-04 11:11:00,Discover,Tehran,1427657.0,21
Success,2025-09-22 05:56:00,Discover,Tehran,471227.0,63
Fail,2025-09-19 12:44:00,Discover,Tehran,100000.0,85
Fail,2025-09-27 12:44:00,Visa,Shiraz,100.5,6
Fail,2025-09-21 20:20:00,Nan,Tabriz,452545.0,24
Fail,2025-09-02 12:34:00,Visa,Mashhad,452545.0,53
Success,2025-09-11 18:45:00,Mastercard,Tehran,12345.0,96
Fail,2025-09-22 23:17:00,Mastercard,Tehran,1578078.0,83
Success,2025-09-13 01:51:00,Visa,Tehran,452545.0,76
Fail,2025-09-15 02:24:00,American Express,Mashhad,471227.0,78
Success,2025-09-12 21:23:00,Mastercard,Isfahan,1463119.0,50
Success,2025-09-22 06:30:00,Discover,Tehran,583952.0,12
Fail,2025-09-21 08:08:00,Mastercard,Isfahan,452545.0,56
Success,2025-09-22 04:15:00,Discover,Isfahan,650000.0,15
Success,2025-09-11 23:59:00,Mastercard,Tabriz,1387769.0,83
Fail,2025-09-07 01:01:00,Visa,Qom,123456.0,93
Success,2025-09-28 12:12:00,Discover,Qom,850000.0,40
Success,2025-09-05 21:23:00,Mastercard,Tehran,1502601.0,41
Fail,2025-09-17 07:32:00,Visa,Shiraz,585954.0,69
Fail,2025-09-24 21:21:00,Mastercard,Ahvaz,1578078.0,69
Fail,2025-09-20 02:24:00,Visa,Shiraz,177050.0,6
Success,2025-09-09 20:33:00,Visa,Tehran,100.5,88
Fail,2025-09-14 06:30:00,Discover,Tabriz,585954.0,67
Fail,2025-09-26 13:13:00,Mastercard,Tehran,1.0,33
Success,2025-09-12 08:08:00,Mastercard,Karaj,250000.0,43
Success,2025-09-06 15:45:00,Mastercard,Tehran,900000.0,21
Fail,2025-09-17 10:48:00,American Express,Tehran,200000.0,84
Success,2025-09-19 04:15:00,Mastercard,Tehran,0.0,65
Fail,2025-09-19 10:48:00,Master Card,Ahvaz,452545.0,17
Fail,2025-09-26 02:37:00,Discover,Tehran,177050.0,94
Success,2025-09-16 02:30:00,American Express,Tabriz,585954.0,8
Fail,2025-09-12 14:11:00,American Express,Tehran,123456.0,64
Fail,2025-09-12 17:17:00,Discover,Ahvaz,452545.0,91
Fail,2025-09-20 12:44:00,Mastercard,Mashhad,177050.0,28
Success,2025-09-06 07:32:00,Discover,Tabriz,200000.0,99
Fail,2025-09-23 11:11:00,Visa,Ahvaz,343679.0,91
Fail,2025-09-26 02:30:00,Mastercard,Ahvaz,452545.0,13
Success,2025-09-04 12:12:00,Discover,Mashhad,1387769.0,13
Success,2025-09-06 19:19:00,Visa,Tabriz,774681.0,38
Success,2025-09-11 08:08:00,Mastercard,Qom,200000.0,25
Success,2025-09-01 14:55:00,Mastercard,Tehran,585954.0,62
Success,2025-09-30 08:59:00,Visa,Tehran,419089.0,23
Success,2025-09-24 11:11:00,Visa,Tabriz,100.5,87
Success,2025-09-23 11:11:00,American Express,Tabriz,850000.0,21
Success,2025-09-15 13:13:00,Mastercard,Shiraz,1502601.0,54
Fail,2025-09-27 11:11:00,Master Card,Shiraz,1463119.0,63
Success,2025-09-11 01:01:00,Visa,Tabriz,177050.0,30
Fail,2025-09-25 02:20:00,Visa,Tabriz,0.0,75
Success,2025-09-19 03:00:00,Visa,Tehran,177050.0,68
Fail,2025-09-18 09:00:00,Mastercard,Ahvaz,99999.0,98
Fail,2025-09-17 02:37:00,American Express,Tehran,976246.0,76
Success,2025-09-19 04:04:00,Mastercard,Karaj,0.0,73
Fail,2025-09-21 16:16:00,Visa,Isfahan,774681.0,32
Success,2025-09-14 23:59:00,Mastercard,Tehran,1768588.0,75
Success,2025-09-27 14:11:00,Visa,Shiraz,12345.0,24
Fail,2025-09-18 04:15:00,Visa,Isfahan,452545.0,7
Success,2025-09-28 13:13:00,Visa,Isfahan,100.5,72
Fail,2025-09-19 19:51:00,Discover,Isfahan,1387769.0,98
Fail,2025-09-15 19:51:00,Visa,Tehran,419089.0,90
Fail,2025-09-15 08:59:00,Nan,Tehran,100.5,1
Success,2025-09-04 14:11:00,Discover,Tehran,1387769.0,3
Success,2025-09-07 00:00:00,American Express,Shiraz,123456.0,28
Success,2025-09-13 12:34:00,Discover,Tehran,555555.0,43
Success,2025-09-03 11:11:00,Discover,Tehran,1158713.0,98
Success,2025-09-16 14:11:00,Visa,Qom,0.0,46
Fail,2025-09-09 23:59:00,Discover,Tehran,419089.0,1
Success,2025-09-08 03:27:00,American Express,Isfahan,1782689.0,38
Fail,2025-09-20 21:23:00,Visa,Tehran,1305967.0,92
Fail,2025-09-13 21:21:00,American Express,Mashhad,443463.0,35
Success,2025-09-17 02:37:00,Mastercard,Karaj,2020587.5,74
Fail,2025-09-17 07:32:00,Visa,Tabriz,50200.0,76
Fail,2025-09-17 18:45:00,Visa,Tehran,50200.0,74
Success,2025-09-01 09:00:00,Visa,Qom,1883871.0,54
Fail,2025-09-08 14:11:00,Mastercard,Karaj,0.0,99
Fail,2025-09-19 07:07:00,Mastercard,Unknown,900000.0,24
Fail,2025-09-06 13:10:00,Visa,Karaj,452545.0,28
Fail,2025-09-03 04:15:00,Mastercard,Qom,419089.0,22
Fail,2025-09-27 08:08:00,Visa,Shiraz,452545.0,16
Success,2025-09-05 21:21:00,Discover,Karaj,1387769.0,13
Fail,2025-09-13 11:11:00,Discover,Tehran,1782689.0,62
Success,2025-09-15 08:59:00,Visa,Tehran,471227.0,43
Success,2025-09-14 14:02:00,American Express,Mashhad,976246.0,88
Success,2025-09-29 19:29:00,Visa,Tehran,914465.0,78
Success,2025-09-23 16:16:00,Mastercard,Ahvaz,200000.0,32
Success,2025-09-16 19:51:00,Nan,Tehran,200000.0,67
Fail,2025-09-18 03:00:00,Nan,Tehran,100.5,92
Fail,2025-09-22 02:37:00,Visa,Isfahan,100.5,83
Fail,2025-09-29 21:23:00,American Express,Tabriz,914282.0,87
Fail,2025-09-22 06:06:00,Visa,Isfahan,452545.0,57
Fail,2025-09-11 21:23:00,American Express,Qom,99999.0,65
Fail,2025-09-03 03:00:00,Visa,Isfahan,1578078.0,69
Fail,2025-09-22 13:13:00,Mastercard,Tehran,123456.0,49
Success,2025-09-10 18:00:00,Mastercard,Tehran,2020587.5,33
Fail,2025-09-10 10:05:00,Visa,Isfahan,1305967.0,19
Fail,2025-09-30 06:06:00,Discover,Tehran,12345.0,36
Fail,2025-09-21 21:23:00,American Express,Tehran,1427657.0,70
Fail,2025-09-16 00:00:00,Visa,Karaj,452545.0,15
Fail,2025-09-12 14:02:00,Mastercard,Tehran,1768588.0,98
Fail,2025-09-02 19:19:00,Discover,Karaj,452545.0,24
Success,2025-09-09 10:48:00,Nan,Shiraz,976246.0,27
Fail,2025-09-24 09:45:00,Mastercard,Tehran,452545.0,49
Fail,2025-09-03 12:44:00,American Express,Tabriz,100.5,75
Fail,2025-09-24 00:00:00,Mastercard,Tehran,1782689.0,23
Fail,2025-09-30 07:08:00,Visa,Tehran,914282.0,33
Fail,2025-09-25 02:30:00,Mastercard,Tabriz,452545.0,41
Fail,2025-09-30 11:11:00,Discover,Tabriz,412308.0,56
Success,2025-09-15 02:37:00,Mastercard,Mashhad,1578078.0,29
Fail,2025-09-03 04:15:00,American Express,Tehran,0.0,31
Fail,2025-09-19 12:44:00,American Express,Tabriz,1578078.0,65
Success,2025-09-18 19:29:00,Visa,Isfahan,976246.0,99
Fail,2025-09-08 13:13:00,Discover,Tabriz,177050.0,18
Fail,2025-09-26 21:23:00,Nan,Mashhad,583952.0,82
Fail,2025-09-17 20:20:00,Discover,Isfahan,0.0,6
Success,2025-09-08 23:59:00,Mastercard,Ahvaz,1883871.0,52
Success,2025-09-07 13:10:00,Visa,Tehran,1463119.0,40
Success,2025-09-30 09:09:00,Visa,Tehran,443463.0,65
Success,2025-09-07 05:56:00,Visa,Karaj,1463119.0,42
Success,2025-09-03 04:04:00,American Express,Tehran,12345.0,95
Success,2025-09-01 02:30:00,Nan,Karaj,471227.0,68
Fail,2025-09-04 09:09:00,Discover,Unknown,333333.0,32
Success,2025-09-25 17:07:00,Discover,Isfahan,850000.0,10
Success,2025-09-05 02:37:00,American Express,Karaj,1000.0,69
Fail,2025-09-01 15:45:00,Discover,Shiraz,1463119.0,9
Fail,2025-09-15 18:45:00,Nan,Tabriz,1768588.0,69
Success,2025-09-05 05:56:00,Discover,Karaj,976246.0,61
Fail,2025-09-13 02:30:00,Mastercard,Mashhad,200000.0,11
Fail,2025-09-08 16:40:00,Mastercard,Tehran,1782689.0,100
Success,2025-09-08 23:59:00,Visa,Tehran,99999.0,92
Fail,2025-09-05 13:13:00,American Express,Karaj,452545.0,68
Success,2025-09-28 04:40:00,Discover,Karaj,250000.0,74
Success,2025-09-09 14:00:00,Visa,Mashhad,452545.0,98
Fail,2025-09-01 17:07:00,Nan,Mashhad,419089.0,8
Fail,2025-09-04 19:51:00,Visa,Tehran,0.0,49
Success,2025-09-03 07:07:00,Visa,Isfahan,177050.0,24
Success,2025-09-02 02:37:00,Visa,Tehran,1158713.0,33
Fail,2025-09-08 14:55:00,American Express,Tehran,1387769.0,19
Success,2025-09-23 03:00:00,Mastercard,Shiraz,1502601.0,2
Success,2025-09-09 14:11:00,Visa,Unknown,0.0,55
Fail,2025-09-02 06:06:00,Visa,Tehran,0.0,11
Fail,2025-09-14 07:08:00,Visa,Tehran,914465.0,100
Success,2025-09-14 03:27:00,Mastercard,Isfahan,200000.0,17
Fail,2025-09-04 23:17:00,Visa,Tehran,123456.0,42
Success,2025-09-30 09:09:00,Visa,Mashhad,200000.0,61
Success,2025-09-06 12:34:00,Visa,Ahvaz,1782689.0,3
Success,2025-09-11 02:30:00,Discover,Tehran,100.5,87
Success,2025-09-03 07:07:00,Discover,Tehran,2020587.5,35
Fail,2025-09-08 02:30:00,Visa,Qom,0.0,85
Fail,2025-09-03 12:44:00,Mastercard,Ahvaz,452545.0,90
Fail,2025-09-14 00:00:00,Discover,Tehran,583952.0,66
Success,2025-09-28 20:20:00,Visa,Tehran,412308.0,1
Fail,2025-09-13 10:48:00,American Express,Shiraz,0.0,7
Fail,2025-09-13 23:59:00,American Express,Karaj,976246.0,20
Fail,2025-09-02 19:51:00,Visa,Tehran,452545.0,43
Success,2025-09-13 12:12:00,Mastercard,Karaj,0.0,6
Success,2025-09-29 23:17:00,Visa,Tehran,300000.0,55
Fail,2025-09-19 14:11:00,Mastercard,Tehran,343679.0,21
Fail,2025-09-27 07:07:00,Discover,Tehran,50200.0,51
Fail,2025-09-06 02:37:00,Mastercard,Tehran,471227.0,46
Fail,2025-09-16 05:23:00,Discover,Karaj,452545.0,35
Fail,2025-09-02 07:07:00,Visa,Mashhad,343679.0,8
Fail,2025-09-08 03:27:00,Visa,Isfahan,1578078.0,68
Success,2025-09-17 10:05:00,Visa,Isfahan,419089.0,16
Success,2025-09-23 22:27:00,American Express,Tehran,0.0,67
Fail,2025-09-02 11:11:00,Master Card,Tehran,0.0,71
Success,2025-09-10 14:00:00,American Express,Tehran,555555.0,64
Success,2025-09-28 07:08:00,Visa,Isfahan,452545.0,2
Success,2025-09-16 00:00:00,Mastercard,Tehran,1883871.0,1
Fail,2025-09-06 19:51:00,Nan,Unknown,1578078.0,58
Success,2025-09-28 12:34:00,Visa,Tehran,177050.0,1
Success,2025-09-02 02:24:00,Visa,Mashhad,0.0,7
Fail,2025-09-02 20:33:00,Visa,Tabriz,1000.0,89
Fail,2025-09-26 06:06:00,Mastercard,Mashhad,177050.0,69
Success,2025-09-13 15:45:00,Mastercard,Tabriz,452545.0,85
Success,2025-09-24 04:40:00,Visa,Tehran,0.0,93
Fail,2025-09-15 04:40:00,Visa,Tehran,2020587.5,18
Fail,2025-09-28 11:11:00,American Express,Isfahan,471227.0,89
Success,2025-09-02 09:00:00,Mastercard,Tehran,1.0,32
Fail,2025-09-07 10:48:00,Mastercard,Shiraz,1387769.0,45
Success,2025-09-03 12:12:00,Visa,Isfahan,2020587.5,33
Fail,2025-09-08 15:45:00,Nan,Tehran,1463119.0,74
Success,2025-09-23 03:27:00,Discover,Tehran,2020587.5,73
Success,2025-09-14 03:27:00,Visa,Tehran,0.0,49
Fail,2025-09-24 11:11:00,Discover,Karaj,5000.0,33
Success,2025-09-30 06:30:00,Mastercard,Ahvaz,0.0,98
Success,2025-09-23 09:45:00,Visa,Mashhad,774681.0,71
Fail,2025-09-27 15:45:00,Visa,Tabriz,1883871.0,68
Fail,2025-09-22 08:08:00,Visa,Tabriz,452545.0,28
Fail,2025-09-29 19:40:00,Visa,Isfahan,1782689.0,88
Fail,2025-09-07 00:00:00,Mastercard,Tabriz,471227.0,53
Success,2025-09-21 18:00:00,Mastercard,Tehran,850000.0,97
Success,2025-09-07 12:34:00,Discover,Tehran,0.0,44
Fail,2025-09-01 03:27:00,Mastercard,Isfahan,0.0,80
Fail,2025-09-17 04:15:00,Mastercard,Ahvaz,452545.0,55
Fail,2025-09-09 21:10:00,Visa,Tehran,1578078.0,10
Success,2025-09-30 01:51:00,Visa,Tehran,0.0,14
Fail,2025-09-21 06:30:00,Mastercard,Karaj,1768588.0,36
Success,2025-09-13 11:11:00,Discover,Tehran,100.5,34
Fail,2025-09-21 02:37:00,Nan,Tehran,452545.0,89
Fail,2025-09-19 01:51:00,Mastercard,Mashhad,452545.0,18
Fail,2025-09-21 19:19:00,Discover,Shiraz,177050.0,16
Success,2025-09-19 15:45:00,Discover,Tehran,250000.0,37
Success,2025-09-25 20:33:00,Visa,Tehran,1000.0,41
Success,2025-09-25 14:30:00,American Express,Isfahan,0.0,25
Fail,2025-09-22 18:12:00,American Express,Tabriz,452545.0,8
Success,2025-09-17 20:20:00,Visa,Tabriz,1578078.0,89
Success,2025-09-23 11:11:00,Visa,Ahvaz,205000.0,84
Success,2025-09-23 23:59:00,Discover,Tehran,419089.0,95
Fail,2025-09-30 03:27:00,Visa,Tehran,1158713.0,84
Success,2025-09-10 00:00:00,Discover,Tehran,1463119.0,18
Fail,2025-09-10 10:48:00,Mastercard,Karaj,100000.0,68
Fail,2025-09-04 01:01:00,Visa,Isfahan,123456.0,48
Success,2025-09-08 02:54:00,American Express,Tabriz,650000.0,70
Fail,2025-09-22 01:51:00,Visa,Tehran,1883871.0,67
Fail,2025-09-20 13:13:00,Discover,Isfahan,452545.0,18
Fail,2025-09-20 02:30:00,Visa,Tehran,545116.0,18
Fail,2025-09-18 14:55:00,Discover,Tehran,1768588.0,56
Fail,2025-09-14 04:15:00,Discover,Tabriz,1782689.0,23
Success,2025-09-18 06:30:00,American Express,Tehran,12345.0,35
Fail,2025-09-28 04:15:00,Discover,Tabriz,1883871.0,6
Fail,2025-09-14 15:45:00,Mastercard,Tehran,1782689.0,26
Fail,2025-09-20 03:27:00,Visa,Tabriz,1782689.0,85
Fail,2025-09-21 02:20:00,Discover,Karaj,0.0,61
Fail,2025-09-24 20:20:00,Mastercard,Isfahan,1883871.0,89
Success,2025-09-15 12:12:00,American Express,Tehran,100.5,15
Fail,2025-09-22 04:40:00,Visa,Tehran,452545.0,92
Fail,2025-09-30 02:30:00,Nan,Tabriz,123456.0,32
Success,2025-09-04 09:00:00,Visa,Unknown,1883871.0,12
Fail,2025-09-13 02:24:00,Mastercard,Tehran,450000.0,5
Success,2025-09-27 17:17:00,Discover,Tehran,452545.0,64
Fail,2025-09-23 02:54:00,Discover,Tehran,99999.0,71
Fail,2025-09-08 01:51:00,Mastercard,Qom,471227.0,87
Fail,2025-09-18 02:30:00,Mastercard,Isfahan,1782689.0,27
Success,2025-09-12 06:06:00,Visa,Tehran,452545.0,79
Fail,2025-09-23 09:45:00,Visa,Qom,650000.0,45
Success,2025-09-14 08:08:00,Mastercard,Isfahan,450000.0,35
Fail,2025-09-02 09:00:00,Visa,Mashhad,2020587.5,26
Success,2025-09-18 06:30:00,Mastercard,Shiraz,452545.0,23
Fail,2025-09-24 14:55:00,Mastercard,Shiraz,0.0,13
Fail,2025-09-02 02:30:00,Mastercard,Tehran,650000.0,91
Fail,2025-09-11 07:07:00,Mastercard,Shiraz,471227.0,3
Fail,2025-09-09 21:23:00,Nan,Isfahan,1158713.0,29
Success,2025-09-12 19:29:00,Mastercard,Tabriz,452545.0,66
Success,2025-09-17 14:00:00,Nan,Mashhad,2020587.5,64
Success,2025-09-15 12:12:00,Visa,Tabriz,1578078.0,28
Fail,2025-09-25 05:56:00,Mastercard,Isfahan,452545.0,88
Fail,2025-09-17 10:48:00,Visa,Karaj,914465.0,36
Fail,2025-09-26 12:12:00,Mastercard,Tehran,0.0,6
Fail,2025-09-29 06:06:00,Mastercard,Shiraz,123456.0,11
Fail,2025-09-26 03:27:00,Visa,Qom,850000.0,38
Success,2025-09-18 01:01:00,Mastercard,Isfahan,914282.0,34
Fail,2025-09-22 12:12:00,Mastercard,Shiraz,2020587.5,81
Success,2025-09-06 14:30:00,Visa,Ahvaz,63489.0,67
Success,2025-09-17 19:19:00,Visa,Karaj,914282.0,46
Success,2025-09-23 14:30:00,Discover,Tehran,0.0,99
Fail,2025-09-24 02:54:00,Nan,Karaj,250000.0,87
Fail,2025-09-18 03:00:00,Mastercard,Karaj,471227.0,29
Success,2025-09-08 04:04:00,Nan,Tehran,555555.0,60
Fail,2025-09-09 08:59:00,Mastercard,Tehran,1578078.0,54
Success,2025-09-06 09:00:00,Nan,Ahvaz,583952.0,94
Success,2025-09-05 02:54:00,Mastercard,Qom,177050.0,69
Success,2025-09-12 08:08:00,Visa,Karaj,100.5,74
Fail,2025-09-25 10:48:00,Visa,Tehran,1.0,74
Fail,2025-09-29 10:05:00,Visa,Tehran,555555.0,9
Fail,2025-09-28 23:17:00,Discover,Tehran,0.0,85
Fail,2025-09-11 12:12:00,Visa,Mashhad,1502601.0,77
Fail,2025-09-25 11:11:00,Visa,Mashhad,2020587.5,10
Fail,2025-09-01 16:16:00,Discover,Tehran,914465.0,75
Fail,2025-09-11 02:24:00,Mastercard,Karaj,1782689.0,68
Success,2025-09-19 05:56:00,Mastercard,Unknown,452545.0,58
Success,2025-09-09 02:24:00,American Express,Tehran,450000.0,96
Success,2025-09-27 15:45:00,Nan,Tehran,1305967.0,52
Fail,2025-09-02 02:24:00,Mastercard,Tehran,545116.0,34
Success,2025-09-12 23:17:00,Visa,Qom,250000.0,35
Success,2025-09-04 21:23:00,Discover,Tabriz,1578078.0,33
Fail,2025-09-04 08:08:00,Visa,Karaj,1883871.0,72
Success,2025-09-18 19:51:00,Visa,Tehran,1578078.0,32
Fail,2025-09-15 13:13:00,Mastercard,Tehran,1502601.0,55
Fail,2025-09-19 14:00:00,American Express,Mashhad,0.0,98
Fail,2025-09-13 05:23:00,Visa,Isfahan,100.5,8
Success,2025-09-19 21:21:00,Discover,Karaj,1502601.0,46
Success,2025-09-17 21:23:00,Discover,Karaj,2020587.5,14
Success,2025-09-06 08:08:00,Visa,Tehran,419089.0,99
Success,2025-09-16 15:45:00,American Express,Karaj,5000.0,8
Fail,2025-09-24 02:37:00,Visa,Qom,976246.0,71
Success,2025-09-12 23:59:00,American Express,Mashhad,100.5,77
Success,2025-09-19 14:02:00,Mastercard,Tehran,976246.0,54
Fail,2025-09-05 08:08:00,Visa,Karaj,914465.0,21
Success,2025-09-17 07:07:00,Visa,Tehran,0.0,97
Fail,2025-09-26 12:44:00,Mastercard,Tabriz,1387769.0,75
Fail,2025-09-23 01:01:00,Visa,Tehran,583952.0,14
Fail,2025-09-26 00:00:00,Mastercard,Mashhad,452545.0,75
Success,2025-09-29 18:45:00,Discover,Shiraz,1387769.0,2
Success,2025-09-01 02:24:00,Mastercard,Tehran,1502601.0,99
Success,2025-09-28 02:20:00,American Express,Karaj,1.0,61
Fail,2025-09-27 05:56:00,Mastercard,Tehran,452545.0,17
Success,2025-09-25 12:34:00,Mastercard,Ahvaz,5000.0,78
Success,2025-09-24 14:11:00,Visa,Tabriz,1.0,90
Success,2025-09-23 20:20:00,Visa,Qom,545116.0,48
Fail,2025-09-10 14:11:00,Master Card,Mashhad,205000.0,92
Success,2025-09-15 12:34:00,Visa,Qom,1472823.0,8
Success,2025-09-23 02:24:00,Mastercard,Qom,333333.0,56
Fail,2025-09-21 12:12:00,Nan,Karaj,976246.0,17
Success,2025-09-21 12:12:00,Mastercard,Tehran,452545.0,69
Success,2025-09-11 03:00:00,Visa,Karaj,412308.0,12
Fail,2025-09-13 14:11:00,Visa,Tehran,1883871.0,38
Success,2025-09-05 04:15:00,American Express,Tehran,50200.0,18
Fail,2025-09-01 21:23:00,Visa,Mashhad,200000.0,26
Success,2025-09-24 14:02:00,Mastercard,Qom,452545.0,96
Success,2025-09-12 12:12:00,Discover,Tehran,1578078.0,37
Fail,2025-09-11 21:23:00,Visa,Mashhad,471227.0,70
Fail,2025-09-17 23:17:00,Visa,Mashhad,452545.0,41
Fail,2025-09-04 19:51:00,Mastercard,Tehran,452545.0,79
Fail,2025-09-15 18:12:00,Mastercard,Karaj,452545.0,42
Success,2025-09-25 02:37:00,American Express,Tabriz,63489.0,91
Fail,2025-09-30 09:09:00,Visa,Ahvaz,900000.0,76
Success,2025-09-09 03:27:00,American Express,Tabriz,1050805.0,41
Success,2025-09-21 21:21:00,Mastercard,Mashhad,177050.0,47
Fail,2025-09-20 20:33:00,Visa,Tehran,850000.0,14
Fail,2025-09-19 14:02:00,Visa,Ahvaz,333333.0,1
Fail,2025-09-19 12:12:00,Mastercard,Ahvaz,1768588.0,17
Fail,2025-09-12 11:11:00,Visa,Tehran,1.0,98
Fail,2025-09-05 10:05:00,American Express,Tehran,99999.0,55
Fail,2025-09-10 04:15:00,American Express,Qom,0.0,94
Success,2025-09-17 02:37:00,Visa,Isfahan,1883871.0,53
Success,2025-09-05 12:34:00,Discover,Tehran,452545.0,31
Fail,2025-09-22 19:40:00,Visa,Isfahan,452545.0,62
Fail,2025-09-16 11:11:00,American Express,Isfahan,583952.0,8
Fail,2025-09-07 07:07:00,Nan,Mashhad,0.0,30
Fail,2025-09-28 10:05:00,Mastercard,Ahvaz,0.0,77
Success,2025-09-09 16:40:00,Visa,Tabriz,1502601.0,80
Fail,2025-09-03 13:10:00,Visa,Tehran,1427657.0,66
Fail,2025-09-15 07:32:00,Mastercard,Qom,650000.0,45
Fail,2025-09-16 10:48:00,American Express,Karaj,583952.0,18
Success,2025-09-18 09:09:00,Visa,Mashhad,250000.0,100
Fail,2025-09-14 02:30:00,American Express,Ahvaz,585954.0,45
Success,2025-09-03 14:02:00,Visa,Tehran,1782689.0,19
Fail,2025-09-12 22:27:00,Mastercard,Ahvaz,976246.0,77
Success,2025-09-09 02:54:00,Discover,Mashhad,583952.0,68
Fail,2025-09-28 15:45:00,Discover,Mashhad,1.0,83
Success,2025-09-07 19:19:00,Visa,Tehran,333333.0,50
Fail,2025-09-09 02:20:00,Mastercard,Karaj,1050805.0,25
Success,2025-09-13 19:51:00,Discover,Tehran,412308.0,38
Success,2025-09-18 10:05:00,Visa,Tehran,1782689.0,96
Fail,2025-09-05 00:00:00,Visa,Tehran,177050.0,36
Fail,2025-09-13 01:51:00,Visa,Tehran,100000.0,68
Success,2025-09-04 02:30:00,Visa,Shiraz,452545.0,56
Success,2025-09-02 02:30:00,Visa,Tabriz,914282.0,39
Success,2025-09-16 03:00:00,Mastercard,Tehran,0.0,63
Success,2025-09-09 14:11:00,American Express,Tabriz,1472823.0,7
Fail,2025-09-09 09:09:00,Discover,Mashhad,1463119.0,58
Fail,2025-09-06 18:12:00,Mastercard,Mashhad,1883871.0,80
Success,2025-09-11 11:11:00,Visa,Isfahan,343679.0,59
Success,2025-09-22 14:55:00,Visa,Mashhad,452545.0,48
Fail,2025-09-24 09:00:00,American Express,Isfahan,0.0,5
Success,2025-09-22 21:10:00,Mastercard,Karaj,177050.0,88
Fail,2025-09-01 12:44:00,Mastercard,Tehran,585954.0,36
Success,2025-09-04 19:29:00,Mastercard,Tehran,2020587.5,97
Fail,2025-09-13 12:34:00,Visa,Tabriz,443463.0,89
Success,2025-09-23 08:08:00,Discover,Karaj,2020587.5,25
Fail,2025-09-13 03:27:00,Visa,Isfahan,0.0,45
Fail,2025-09-13 17:17:00,Mastercard,Tabriz,0.0,93
Success,2025-09-02 19:40:00,Discover,Shiraz,419089.0,19
Success,2025-09-09 19:51:00,Visa,Ahvaz,471227.0,7
Fail,2025-09-24 06:06:00,Mastercard,Mashhad,452545.0,58
Success,2025-09-08 03:00:00,Discover,Mashhad,583952.0,81
Success,2025-09-07 23:59:00,Discover,Tehran,1768588.0,66
Success,2025-09-04 07:08:00,Discover,Tehran,0.0,80
Fail,2025-09-18 07:08:00,Mastercard,Karaj,343679.0,39
Success,2025-09-03 11:11:00,Discover,Isfahan,12345.0,18
Fail,2025-09-28 12:12:00,American Express,Ahvaz,900000.0,1
Success,2025-09-06 00:00:00,Visa,Tabriz,12345.0,63
Fail,2025-09-12 12:34:00,Visa,Karaj,850000.0,3
Fail,2025-09-12 13:10:00,Nan,Mashhad,250000.0,21
Success,2025-09-21 21:23:00,Nan,Mashhad,774681.0,30
Fail,2025-09-28 07:07:00,Mastercard,Tehran,2020587.5,11
Fail,2025-09-08 22:27:00,American Express,Tehran,452545.0,22
Success,2025-09-22 08:59:00,Visa,Karaj,452545.0,57
Success,2025-09-22 07:07:00,Visa,Ahvaz,452545.0,90
Success,2025-09-01 14:00:00,Visa,Tabriz,1472823.0,3
Success,2025-09-04 18:12:00,Discover,Tabriz,120000.0,30
Fail,2025-09-21 04:15:00,Mastercard,Qom,452545.0,89
Success,2025-09-28 19:19:00,Visa,Karaj,0.0,45
Success,2025-09-11 20:33:00,Mastercard,Tehran,2020587.5,36
Success,2025-09-03 10:48:00,Mastercard,Tabriz,1050805.0,88
Success,2025-09-13 05:23:00,Mastercard,Shiraz,100.5,72
Fail,2025-09-25 05:23:00,Visa,Karaj,452545.0,64
Success,2025-09-17 01:01:00,Nan,Tabriz,1387769.0,54
Fail,2025-09-22 02:24:00,Mastercard,Isfahan,850000.0,68
Fail,2025-09-22 03:27:00,Discover,Tehran,1472823.0,50
Fail,2025-09-10 10:48:00,Nan,Karaj,914282.0,31
Fail,2025-09-21 06:06:00,American Express,Tehran,100000.0,29
Success,2025-09-12 05:23:00,Mastercard,Tehran,0.0,59
Fail,2025-09-15 12:44:00,American Express,Shiraz,1883871.0,36
Fail,2025-09-21 10:48:00,Mastercard,Isfahan,471227.0,77
Fail,2025-09-10 19:40:00,Visa,Shiraz,545116.0,73
Success,2025-09-14 11:11:00,Mastercard,Tehran,555555.0,85
Success,2025-09-13 21:23:00,Master Card,Shiraz,452545.0,67
Fail,2025-09-05 13:10:00,American Express,Isfahan,0.0,90
Success,2025-09-06 21:23:00,Mastercard,Tehran,100.5,90
Success,2025-09-24 04:04:00,Mastercard,Karaj,1.0,76
Fail,2025-09-02 03:00:00,Discover,Tehran,1472823.0,94
Fail,2025-09-22 21:21:00,Visa,Tehran,1578078.0,11
Fail,2025-09-17 09:09:00,Mastercard,Isfahan,2020587.5,11
Success,2025-09-04 23:17:00,Mastercard,Tehran,1305967.0,26
Fail,2025-09-14 08:59:00,Mastercard,Qom,120000.0,53
Fail,2025-09-10 03:27:00,Mastercard,Tehran,914282.0,14
Fail,2025-09-03 18:00:00,Visa,Shiraz,1158713.0,64
Fail,2025-09-25 08:08:00,Visa,Mashhad,1305967.0,80
Fail,2025-09-03 04:15:00,American Express,Tabriz,123456.0,10
Success,2025-09-15 11:11:00,Visa,Tehran,5000.0,31
Success,2025-09-06 06:30:00,Visa,Tehran,200000.0,96
Success,2025-09-17 04:04:00,Mastercard,Tehran,1050805.0,36
Fail,2025-09-12 21:23:00,Mastercard,Tehran,100.5,10
Fail,2025-09-22 09:45:00,Visa,Isfahan,976246.0,26
Fail,2025-09-20 15:45:00,Mastercard,Isfahan,100.5,20
Success,2025-09-24 18:12:00,Mastercard,Karaj,1050805.0,44
Fail,2025-09-29 07:08:00,Discover,Tabriz,471227.0,62
Fail,2025-09-11 15:45:00,Visa,Tehran,452545.0,73
Success,2025-09-25 14:55:00,Visa,Ahvaz,443463.0,79
Fail,2025-09-04 14:02:00,Visa,Ahvaz,177050.0,9
Success,2025-09-26 16:40:00,Visa,Tehran,471227.0,71
Fail,2025-09-28 04:40:00,Mastercard,Mashhad,343679.0,91
Fail,2025-09-26 15:45:00,Visa,Tehran,419089.0,24
Success,2025-09-06 08:08:00,Visa,Tabriz,1883871.0,12
Fail,2025-09-01 14:02:00,Discover,Tehran,452545.0,60
Fail,2025-09-20 00:00:00,American Express,Mashhad,200000.0,84
Fail,2025-09-23 11:11:00,Mastercard,Tehran,300000.0,78
Fail,2025-09-28 07:08:00,Mastercard,Mashhad,100.5,87
Fail,2025-09-16 09:00:00,American Express,Isfahan,0.0,16
Fail,2025-09-15 03:27:00,Visa,Shiraz,2020587.5,29
Success,2025-09-17 18:00:00,Discover,Tehran,412308.0,32
Fail,2025-09-08 02:37:00,Visa,Tehran,1578078.0,83
Fail,2025-09-28 23:59:00,Mastercard,Tehran,343679.0,35
Fail,2025-09-26 19:40:00,American Express,Tehran,250000.0,43
Success,2025-09-12 02:30:00,Discover,Tehran,12345.0,97
Success,2025-09-27 20:20:00,Visa,Tabriz,452545.0,53
Fail,2025-09-22 10:48:00,Visa,Tabriz,200000.0,20
Success,2025-09-21 06:30:00,Visa,Qom,1768588.0,84
Fail,2025-09-10 05:23:00,Visa,Tabriz,63489.0,8
Fail,2025-09-27 18:12:00,Visa,Isfahan,100.5,100
Fail,2025-09-15 21:21:00,Visa,Tehran,200000.0,42
Fail,2025-09-30 14:11:00,Discover,Tehran,1578078.0,77
Success,2025-09-09 06:06:00,Mastercard,Isfahan,976246.0,70
Success,2025-09-02 04:40:00,Nan,Tabriz,452545.0,16
Fail,2025-09-05 07:08:00,American Express,Qom,914282.0,69
Success,2025-09-06 14:55:00,Visa,Karaj,471227.0,53
Success,2025-09-07 00:00:00,Visa,Karaj,333333.0,45
Success,2025-09-21 14:11:00,Visa,Mashhad,177050.0,51
Fail,2025-09-25 06:06:00,Discover,Tehran,1000.0,99
Fail,2025-09-01 01:01:00,Mastercard,Ahvaz,976246.0,6
Success,2025-09-23 07:08:00,Visa,Tehran,0.0,33
Fail,2025-09-26 21:10:00,Discover,Tabriz,1472823.0,79
Success,2025-09-07 20:33:00,Discover,Shiraz,1578078.0,15
Success,2025-09-20 14:00:00,Discover,Tehran,0.0,14
Success,2025-09-25 12:12:00,Visa,Isfahan,1578078.0,39
Fail,2025-09-30 06:30:00,Master Card,Tabriz,0.0,63
Success,2025-09-12 19:29:00,Visa,Tehran,177050.0,5
Success,2025-09-16 06:06:00,Discover,Tehran,1463119.0,91
Success,2025-09-16 09:09:00,Visa,Karaj,452545.0,81
Fail,2025-09-11 23:59:00,Mastercard,Tehran,0.0,52
Success,2025-09-21 03:27:00,Nan,Tehran,1578078.0,16
Success,2025-09-04 15:45:00,Visa,Mashhad,914282.0,100
Fail,2025-09-13 09:45:00,Mastercard,Shiraz,200000.0,38
Success,2025-09-07 18:00:00,Visa,Tehran,583952.0,53
Success,2025-09-04 20:33:00,Visa,Ahvaz,419089.0,88
Success,2025-09-15 21:10:00,American Express,Tehran,1050805.0,77
Success,2025-09-19 11:11:00,Mastercard,Mashhad,333333.0,98
Success,2025-09-09 00:00:00,Mastercard,Tabriz,177050.0,94
Fail,2025-09-11 10:05:00,Mastercard,Ahvaz,12345.0,53
Fail,2025-09-08 20:33:00,Mastercard,Ahvaz,0.0,46
Fail,2025-09-01 08:08:00,Mastercard,Tehran,0.0,99
Success,2025-09-23 10:48:00,Mastercard,Tehran,976246.0,99
Success,2025-09-25 17:17:00,Mastercard,Tehran,1463119.0,92
Fail,2025-09-24 02:20:00,Visa,Isfahan,976246.0,15
Fail,2025-09-08 06:30:00,Discover,Mashhad,419089.0,59
Fail,2025-09-13 13:13:00,Visa,Tehran,0.0,50
Success,2025-09-22 19:19:00,Mastercard,Unknown,63489.0,9
Fail,2025-09-27 02:30:00,American Express,Tehran,5000.0,26
Fail,2025-09-04 03:00:00,Visa,Tehran,205000.0,3
Success,2025-09-08 12:44:00,American Express,Qom,1000.0,47
Success,2025-09-03 08:08:00,Mastercard,Tehran,12345.0,5
Fail,2025-09-29 14:00:00,Discover,Isfahan,1768588.0,62
Success,2025-09-09 11:11:00,Visa,Isfahan,0.0,84
Fail,2025-09-29 06:06:00,Mastercard,Isfahan,1782689.0,84
Success,2025-09-02 20:20:00,Mastercard,Tehran,0.0,5
Fail,2025-09-02 03:27:00,Visa,Ahvaz,0.0,10
Success,2025-09-28 21:10:00,Mastercard,Mashhad,583952.0,80
Fail,2025-09-13 06:30:00,Mastercard,Mashhad,343679.0,63
Fail,2025-09-15 14:55:00,American Express,Tabriz,443463.0,25
Success,2025-09-28 23:59:00,American Express,Ahvaz,1463119.0,44
Success,2025-09-23 18:12:00,American Express,Ahvaz,333333.0,25
Success,2025-09-12 09:45:00,Visa,Qom,200000.0,30
Fail,2025-09-26 14:30:00,Discover,Tehran,333333.0,14
Success,2025-09-04 15:45:00,Mastercard,Tehran,452545.0,87
Fail,2025-09-26 09:45:00,Visa,Ahvaz,452545.0,43
Fail,2025-09-08 12:12:00,Discover,Qom,333333.0,28
Fail,2025-09-09 14:02:00,Visa,Tabriz,2020587.5,95
Success,2025-09-23 11:11:00,Discover,Tehran,471227.0,19
Fail,2025-09-05 09:00:00,Discover,Tabriz,850000.0,42
Fail,2025-09-24 09:45:00,Nan,Tehran,100.5,20
Fail,2025-09-20 06:06:00,Visa,Ahvaz,63489.0,100
Success,2025-09-18 09:09:00,Visa,Shiraz,471227.0,87
Fail,2025-09-11 01:01:00,Mastercard,Tehran,1387769.0,79
Success,2025-09-15 13:13:00,Mastercard,Tehran,443463.0,11
Fail,2025-09-28 03:27:00,American Express,Tabriz,452545.0,54
Success,2025-09-22 11:11:00,Visa,Shiraz,0.0,99
Fail,2025-09-09 02:54:00,Visa,Ahvaz,452545.0,24
Success,2025-09-17 08:08:00,Discover,Tehran,545116.0,70
Fail,2025-09-27 14:11:00,Mastercard,Shiraz,452545.0,17
Success,2025-09-26 18:12:00,American Express,Tehran,1883871.0,28
Success,2025-09-12 19:40:00,American Express,Tehran,63489.0,50
Fail,2025-09-07 09:00:00,American Express,Karaj,1768588.0,96
Success,2025-09-10 18:45:00,Discover,Tehran,1000.0,55
Success,2025-09-25 11:11:00,Mastercard,Isfahan,452545.0,73
Fail,2025-09-26 13:13:00,Visa,Tabriz,650000.0,10
Fail,2025-09-25 06:06:00,Visa,Isfahan,1463119.0,21
Fail,2025-09-10 17:17:00,Mastercard,Tehran,914282.0,58
Fail,2025-09-27 00:00:00,Discover,Ahvaz,1578078.0,34
Fail,2025-09-13 05:56:00,Mastercard,Tehran,914282.0,96
Success,2025-09-19 08:08:00,Discover,Karaj,1578078.0,94
Success,2025-09-11 04:04:00,Mastercard,Shiraz,0.0,43
Fail,2025-09-13 14:11:00,Discover,Isfahan,63489.0,11
Fail,2025-09-21 14:55:00,Visa,Tehran,12345.0,33
Fail,2025-09-08 19:51:00,Discover,Tehran,452545.0,58
Success,2025-09-08 04:04:00,American Express,Tabriz,976246.0,46
Fail,2025-09-04 18:12:00,Mastercard,Tehran,850000.0,61
Fail,2025-09-15 19:19:00,American Express,Isfahan,100.5,62
Success,2025-09-28 18:12:00,American Express,Tehran,1463119.0,1
Fail,2025-09-11 06:06:00,American Express,Tehran,200000.0,21
Success,2025-09-11 19:29:00,Mastercard,Karaj,200000.0,62
Fail,2025-09-01 14:11:00,Visa,Shiraz,914282.0,64
Fail,2025-09-17 13:13:00,Visa,Tehran,1463119.0,88
Success,2025-09-15 22:27:00,Mastercard,Tehran,450000.0,73
Fail,2025-09-20 21:21:00,American Express,Tehran,774681.0,56
Fail,2025-09-06 20:33:00,Mastercard,Tehran,1578078.0,1
Success,2025-09-24 14:02:00,Visa,Mashhad,419089.0,21
Fail,2025-09-22 14:30:00,Mastercard,Tabriz,343679.0,22
Success,2025-09-28 14:00:00,Visa,Isfahan,1578078.0,54
Success,2025-09-25 16:40:00,Mastercard,Shiraz,914282.0,4
Success,2025-09-15 23:17:00,Mastercard,Isfahan,0.0,65
Fail,2025-09-09 14:55:00,Mastercard,Karaj,205000.0,51
Fail,2025-09-14 06:06:00,American Express,Ahvaz,0.0,74
Success,2025-09-18 17:17:00,Visa,Tabriz,5000.0,63
Success,2025-09-26 12:44:00,Mastercard,Isfahan,1.0,15
Fail,2025-09-17 20:33:00,Discover,Tehran,412308.0,36
Success,2025-09-18 09:45:00,American Express,Tabriz,0.0,29
Success,2025-09-05 14:55:00,Mastercard,Isfahan,452545.0,52
Success,2025-09-20 12:44:00,Visa,Tehran,0.0,46
Success,2025-09-20 02:30:00,Mastercard,Tabriz,177050.0,69
Fail,2025-09-09 19:51:00,American Express,Isfahan,452545.0,29
Success,2025-09-11 23:17:00,Discover,Tehran,452545.0,47
Success,2025-09-24 11:11:00,Master Card,Tehran,583952.0,92
Fail,2025-09-22 20:33:00,Mastercard,Qom,452545.0,25
Fail,2025-09-01 16:16:00,Visa,Tabriz,1578078.0,80
Success,2025-09-18 21:10:00,Visa,Tehran,452545.0,16
Success,2025-09-06 14:02:00,Mastercard,Tehran,914465.0,90
Fail,2025-09-27 16:16:00,Discover,Qom,100.5,41
Fail,2025-09-02 06:06:00,Visa,Tehran,200000.0,65
Success,2025-09-15 18:12:00,Visa,Tehran,1578078.0,69
Success,2025-09-29 11:11:00,American Express,Tabriz,1768588.0,20
Fail,2025-09-26 02:37:00,American Express,Tabriz,452545.0,69
Fail,2025-09-21 14:11:00,Visa,Tehran,2020587.5,36
Fail,2025-09-14 12:34:00,American Express,Tehran,452545.0,94
Fail,2025-09-05 18:45:00,Master Card,Tehran,452545.0,99
Success,2025-09-06 08:59:00,Visa,Ahvaz,452545.0,58
Fail,2025-09-06 12:12:00,Mastercard,Tabriz,452545.0,48
Fail,2025-09-30 14:02:00,Visa,Tehran,2020587.5,82
Fail,2025-09-22 11:11:00,Visa,Tehran,452545.0,2
Fail,2025-09-30 19:51:00,Visa,Tehran,100.5,80
Success,2025-09-18 13:10:00,Mastercard,Tehran,12345.0,29
Success,2025-09-14 02:24:00,American Express,Isfahan,450000.0,98
Success,2025-09-10 07:08:00,Mastercard,Tehran,914282.0,16
Success,2025-09-14 13:13:00,Visa,Qom,650000.0,35
Success,2025-09-13 19:40:00,Mastercard,Tabriz,1.0,62
Fail,2025-09-30 19:40:00,American Express,Tabriz,452545.0,81
Success,2025-09-03 06:30:00,Mastercard,Tehran,0.0,4
Success,2025-09-30 02:24:00,Mastercard,Ahvaz,1050805.0,68
Fail,2025-09-06 12:44:00,Visa,Tehran,1578078.0,51
Success,2025-09-29 13:10:00,Visa,Isfahan,1387769.0,90
Success,2025-09-08 10:48:00,Mastercard,Tehran,545116.0,33
Fail,2025-09-12 07:08:00,Mastercard,Qom,452545.0,78
Success,2025-09-13 17:07:00,Visa,Isfahan,914465.0,24
Success,2025-09-11 00:00:00,Mastercard,Tehran,452545.0,75
Fail,2025-09-12 14:02:00,Discover,Mashhad,585954.0,25
Fail,2025-09-01 07:32:00,Visa,Qom,900000.0,28
Success,2025-09-17 04:40:00,Discover,Tabriz,452545.0,7
Fail,2025-09-16 02:24:00,Visa,Ahvaz,452545.0,36
Fail,2025-09-11 11:11:00,American Express,Isfahan,452545.0,10
Fail,2025-09-13 13:13:00,Discover,Ahvaz,585954.0,36
Success,2025-09-18 05:23:00,Mastercard,Qom,585954.0,96
Success,2025-09-11 10:48:00,Visa,Tehran,650000.0,83
Fail,2025-09-28 07:08:00,Visa,Qom,452545.0,18
Success,2025-09-12 19:40:00,Mastercard,Tehran,120000.0,6
Success,2025-09-06 01:51:00,Visa,Karaj,177050.0,93
Success,2025-09-09 11:11:00,Visa,Ahvaz,555555.0,7
Fail,2025-09-16 04:40:00,Visa,Tehran,452545.0,12
Success,2025-09-04 21:23:00,Visa,Tehran,900000.0,41
Success,2025-09-03 04:40:00,Visa,Qom,1782689.0,63
Success,2025-09-28 04:15:00,Discover,Mashhad,1782689.0,99
Fail,2025-09-16 02:20:00,Mastercard,Shiraz,0.0,25
Success,2025-09-24 19:51:00,Mastercard,Tehran,12345.0,81
Success,2025-09-27 10:48:00,Mastercard,Mashhad,2020587.5,53
Fail,2025-09-26 21:23:00,Visa,Karaj,300000.0,33
Fail,2025-09-30 07:32:00,Visa,Isfahan,333333.0,88
Fail,2025-09-25 18:00:00,Visa,Tabriz,419089.0,73
Success,2025-09-12 11:11:00,Discover,Isfahan,452545.0,6
Fail,2025-09-11 09:45:00,Visa,Tehran,100.5,62
Success,2025-09-05 13:13:00,Mastercard,Tabriz,452545.0,66
Success,2025-09-25 14:30:00,Mastercard,Tehran,850000.0,9
Success,2025-09-18 09:45:00,American Express,Mashhad,200000.0,67
Success,2025-09-19 07:07:00,Mastercard,Mashhad,250000.0,16
Fail,2025-09-23 03:27:00,American Express,Ahvaz,123456.0,90
Success,2025-09-23 07:08:00,Visa,Mashhad,976246.0,89
Fail,2025-09-06 18:45:00,Discover,Mashhad,471227.0,94
Fail,2025-09-22 08:08:00,Mastercard,Tabriz,123456.0,55
Fail,2025-09-18 00:00:00,Visa,Tehran,471227.0,40
Success,2025-09-26 21:10:00,Mastercard,Tehran,99999.0,26
Success,2025-09-06 07:32:00,Mastercard,Tehran,850000.0,38
Success,2025-09-04 14:55:00,Mastercard,Mashhad,850000.0,35
Fail,2025-09-12 04:40:00,Mastercard,Tehran,12345.0,88
Fail,2025-09-19 02:37:00,Discover,Isfahan,177050.0,68
Fail,2025-09-29 10:48:00,American Express,Tehran,177050.0,59
Fail,2025-09-27 19:51:00,Discover,Tehran,12345.0,14
Success,2025-09-29 14:30:00,Master Card,Isfahan,452545.0,47
Fail,2025-09-02 07:08:00,Discover,Qom,1463119.0,71
Fail,2025-09-17 00:00:00,American Express,Tehran,1158713.0,72
Success,2025-09-11 11:11:00,Mastercard,Shiraz,585954.0,42
Fail,2025-09-11 16:40:00,Mastercard,Karaj,914282.0,51
Success,2025-09-21 12:44:00,Mastercard,Qom,343679.0,19
Fail,2025-09-16 02:30:00,Discover,Tabriz,1782689.0,66
Success,2025-09-02 13:10:00,Mastercard,Tehran,0.0,47
Fail,2025-09-02 21:10:00,Discover,Tehran,1578078.0,65
Fail,2025-09-23 14:00:00,American Express,Karaj,250000.0,42
Success,2025-09-08 21:10:00,Nan,Shiraz,419089.0,38
Success,2025-09-13 19:29:00,Visa,Mashhad,471227.0,13
Success,2025-09-10 17:17:00,American Express,Tehran,200000.0,44
Success,2025-09-08 02:54:00,Mastercard,Tabriz,100000.0,24
Success,2025-09-30 12:12:00,Visa,Karaj,200000.0,97
Success,2025-09-04 17:17:00,Mastercard,Mashhad,123456.0,30
Success,2025-09-15 12:44:00,Mastercard,Tehran,914465.0,70
Fail,2025-09-30 03:27:00,Mastercard,Unknown,585954.0,38
Success,2025-09-01 03:27:00,Mastercard,Ahvaz,976246.0,98
Fail,2025-09-11 11:11:00,Visa,Tabriz,1768588.0,23
Fail,2025-09-07 05:56:00,Visa,Tabriz,250000.0,74
Fail,2025-09-17 07:08:00,American Express,Tabriz,419089.0,57
Success,2025-09-27 06:06:00,Visa,Tehran,452545.0,79
Success,2025-09-20 02:54:00,Visa,Isfahan,0.0,23
Fail,2025-09-24 02:37:00,Visa,Karaj,1000.0,36
Fail,2025-09-18 08:59:00,Mastercard,Tehran,50200.0,57
Fail,2025-09-22 16:16:00,Visa,Karaj,99999.0,1
Fail,2025-09-29 21:23:00,Visa,Qom,100000.0,72
Success,2025-09-22 14:55:00,Visa,Tehran,177050.0,3
Fail,2025-09-12 18:12:00,Visa,Tehran,1427657.0,14
Success,2025-09-09 21:21:00,Mastercard,Mashhad,452545.0,81
Fail,2025-09-05 14:02:00,Visa,Tehran,177050.0,34
Fail,2025-09-10 18:12:00,Visa,Tehran,205000.0,70
Success,2025-09-04 07:07:00,Mastercard,Tehran,1782689.0,69
Fail,2025-09-05 14:55:00,Mastercard,Tabriz,850000.0,51
Success,2025-09-28 21:10:00,Discover,Qom,443463.0,29
Success,2025-09-28 20:20:00,American Express,Mashhad,250000.0,100
Success,2025-09-10 21:21:00,American Express,Tehran,914282.0,82
Success,2025-09-11 06:30:00,Discover,Isfahan,774681.0,48
Fail,2025-09-21 08:08:00,Visa,Tehran,120000.0,95
Fail,2025-09-24 22:27:00,Visa,Tehran,1427657.0,79
Fail,2025-09-10 19:19:00,Visa,Qom,452545.0,79
Fail,2025-09-28 13:13:00,Visa,Shiraz,1050805.0,16
Success,2025-09-08 03:27:00,Mastercard,Tabriz,452545.0,57
Fail,2025-09-02 14:11:00,Mastercard,Karaj,1427657.0,98
Success,2025-09-23 11:11:00,Visa,Tehran,585954.0,10
Fail,2025-09-08 02:30:00,Mastercard,Tabriz,0.0,19
Fail,2025-09-16 18:00:00,Visa,Tehran,1472823.0,67
Fail,2025-09-27 00:00:00,Mastercard,Isfahan,0.0,36
Fail,2025-09-22 03:27:00,Visa,Tehran,1782689.0,4
Fail,2025-09-05 03:27:00,Nan,Tehran,1578078.0,75
Success,2025-09-27 00:00:00,Mastercard,Shiraz,443463.0,33
Success,2025-09-25 00:00:00,Mastercard,Karaj,1305967.0,28
Success,2025-09-29 21:23:00,Visa,Tabriz,452545.0,97
Success,2025-09-03 19:40:00,Discover,Mashhad,583952.0,80
Success,2025-09-12 23:17:00,Mastercard,Karaj,419089.0,9
Fail,2025-09-13 07:07:00,American Express,Mashhad,12345.0,75
Success,2025-09-13 07:08:00,Visa,Tehran,850000.0,6
Fail,2025-09-10 03:27:00,Visa,Karaj,452545.0,49
Fail,2025-09-04 18:00:00,Visa,Tabriz,1387769.0,92
Fail,2025-09-09 02:30:00,Mastercard,Tehran,0.0,76
Success,2025-09-22 14:00:00,Visa,Mashhad,1050805.0,22
Fail,2025-09-24 22:27:00,Mastercard,Tehran,450000.0,48
Fail,2025-09-23 02:54:00,American Express,Shiraz,0.0,21
Fail,2025-09-27 02:37:00,Mastercard,Shiraz,452545.0,33
Fail,2025-09-02 23:17:00,Visa,Tabriz,914282.0,81
Success,2025-09-19 21:23:00,Visa,Tehran,471227.0,56
Fail,2025-09-01 09:09:00,Visa,Karaj,1.0,29
Fail,2025-09-25 04:04:00,Discover,Tehran,452545.0,53
Fail,2025-09-29 11:11:00,Mastercard,Ahvaz,452545.0,40
Success,2025-09-07 10:05:00,Visa,Isfahan,914465.0,74
Fail,2025-09-17 08:08:00,Visa,Ahvaz,100.5,18
Fail,2025-09-03 07:08:00,Visa,Ahvaz,452545.0,47
Fail,2025-09-20 02:20:00,American Express,Tehran,450000.0,13
Success,2025-09-20 00:00:00,Mastercard,Shiraz,333333.0,27
Success,2025-09-21 14:11:00,American Express,Tehran,1502601.0,62
Fail,2025-09-30 17:07:00,American Express,Tabriz,100.5,74
Success,2025-09-03 14:11:00,Discover,Tehran,0.0,97
Fail,2025-09-03 22:27:00,Visa,Tehran,471227.0,45
Success,2025-09-17 01:01:00,Visa,Tehran,1427657.0,3
Fail,2025-09-07 16:40:00,Mastercard,Tehran,452545.0,22
Success,2025-09-27 19:29:00,Visa,Tabriz,177050.0,27
Fail,2025-09-26 07:08:00,Visa,Tabriz,1000.0,55
Fail,2025-09-14 13:13:00,Visa,Tehran,1578078.0,67
Fail,2025-09-17 18:45:00,Mastercard,Shiraz,452545.0,33
Fail,2025-09-18 05:56:00,Master Card,Unknown,914465.0,2
Fail,2025-09-13 21:21:00,Discover,Tehran,100.5,75
Fail,2025-09-20 09:45:00,Mastercard,Tabriz,914465.0,46
Fail,2025-09-29 08:08:00,Discover,Ahvaz,100.5,74
Success,2025-09-20 02:37:00,Discover,Tehran,1578078.0,33
Success,2025-09-21 02:37:00,Visa,Tehran,914465.0,58
Fail,2025-09-27 13:10:00,Visa,Tehran,914465.0,7
Fail,2025-09-18 08:08:00,Discover,Ahvaz,443463.0,15
Fail,2025-09-04 21:23:00,Discover,Tabriz,850000.0,26
Success,2025-09-01 05:23:00,Visa,Tehran,976246.0,11
Fail,2025-09-18 22:27:00,Discover,Mashhad,177050.0,38
Fail,2025-09-01 16:40:00,Mastercard,Tehran,177050.0,27
Fail,2025-09-26 01:01:00,Visa,Unknown,0.0,7
Fail,2025-09-26 13:13:00,Discover,Isfahan,452545.0,1
Fail,2025-09-13 23:59:00,Discover,Tehran,12345.0,74
Fail,2025-09-20 04:40:00,Visa,Ahvaz,900000.0,21
Fail,2025-09-20 23:17:00,Discover,Isfahan,2020587.5,79
Fail,2025-09-23 16:16:00,Discover,Tehran,976246.0,30
Success,2025-09-10 16:40:00,Mastercard,Tabriz,1883871.0,95
Fail,2025-09-27 21:23:00,Mastercard,Shiraz,2020587.5,8
Fail,2025-09-11 18:45:00,Visa,Karaj,50200.0,89
Success,2025-09-09 14:30:00,Discover,Tehran,452545.0,83
Fail,2025-09-09 14:55:00,Discover,Tehran,452545.0,3
Fail,2025-09-05 19:19:00,Discover,Tehran,914282.0,55
Fail,2025-09-26 19:29:00,American Express,Tehran,250000.0,15
Fail,2025-09-01 05:23:00,Discover,Tabriz,1463119.0,36
Fail,2025-09-17 02:30:00,American Express,Karaj,914465.0,6
Fail,2025-09-22 07:32:00,Mastercard,Tehran,50200.0,42
Success,2025-09-02 18:00:00,Visa,Qom,585954.0,50
Fail,2025-09-24 13:13:00,Discover,Mashhad,583952.0,18
Success,2025-09-13 03:00:00,Visa,Tabriz,450000.0,83
Fail,2025-09-09 14:00:00,Visa,Shiraz,333333.0,50
Success,2025-09-29 12:44:00,American Express,Mashhad,850000.0,30
Fail,2025-09-04 08:08:00,Mastercard,Isfahan,177050.0,77
Success,2025-09-05 15:45:00,Visa,Karaj,471227.0,39
Success,2025-09-11 05:56:00,American Express,Tabriz,0.0,12
Success,2025-09-24 19:51:00,Visa,Shiraz,1305967.0,99
Fail,2025-09-19 07:32:00,Visa,Tehran,1000.0,59
Fail,2025-09-21 02:24:00,Mastercard,Karaj,0.0,76
Success,2025-09-03 12:34:00,Mastercard,Isfahan,63489.0,44
Fail,2025-09-12 18:12:00,Visa,Ahvaz,443463.0,89
Fail,2025-09-26 07:08:00,Visa,Karaj,2020587.5,4
Success,2025-09-19 07:08:00,Visa,Tabriz,177050.0,36
Success,2025-09-19 00:00:00,Visa,Karaj,300000.0,48
Fail,2025-09-13 14:30:00,Visa,Isfahan,419089.0,14
Success,2025-09-28 12:44:00,Discover,Karaj,850000.0,81
Fail,2025-09-07 03:27:00,Visa,Tabriz,205000.0,49
Success,2025-09-15 02:20:00,Mastercard,Tehran,0.0,67
Success,2025-09-23 19:51:00,Visa,Qom,1387769.0,88
Success,2025-09-07 07:08:00,Mastercard,Isfahan,1768588.0,77
Fail,2025-09-26 11:11:00,Visa,Isfahan,850000.0,9
Fail,2025-09-08 09:00:00,Mastercard,Isfahan,1.0,21
Fail,2025-09-05 14:11:00,Mastercard,Tehran,300000.0,72
Success,2025-09-21 19:40:00,Mastercard,Tehran,63489.0,81
Success,2025-09-14 14:30:00,Visa,Tabriz,1305967.0,16
Success,2025-09-04 03:00:00,Discover,Mashhad,50200.0,16
Fail,2025-09-23 16:16:00,Visa,Isfahan,100.5,28
Fail,2025-09-10 21:10:00,Mastercard,Tehran,2020587.5,51
Fail,2025-09-20 07:07:00,Visa,Qom,914465.0,56
Success,2025-09-15 19:19:00,American Express,Tehran,976246.0,80
Fail,2025-09-18 14:02:00,Discover,Tabriz,976246.0,57
Success,2025-09-20 21:23:00,American Express,Tehran,1768588.0,52
Success,2025-09-13 23:59:00,Mastercard,Mashhad,585954.0,46
Fail,2025-09-29 23:17:00,Mastercard,Tehran,1768588.0,78
Fail,2025-09-08 02:24:00,Mastercard,Tabriz,443463.0,38
Fail,2025-09-09 02:24:00,Mastercard,Mashhad,1050805.0,84
Fail,2025-09-16 02:37:00,Visa,Tehran,12345.0,48
Success,2025-09-19 15:45:00,Mastercard,Mashhad,976246.0,41
Success,2025-09-16 00:00:00,Mastercard,Isfahan,914465.0,99
Success,2025-09-07 23:59:00,Mastercard,Tehran,100.5,59
Fail,2025-09-14 10:05:00,Visa,Ahvaz,0.0,94
Success,2025-09-28 08:08:00,Mastercard,Unknown,774681.0,67
Fail,2025-09-14 21:10:00,Visa,Mashhad,452545.0,74
Fail,2025-09-25 11:11:00,American Express,Qom,100000.0,84
Success,2025-09-27 02:37:00,Discover,Tehran,471227.0,66
Fail,2025-09-04 16:40:00,Mastercard,Isfahan,471227.0,27
Fail,2025-09-26 16:16:00,American Express,Qom,100.5,32
Success,2025-09-15 18:00:00,American Express,Isfahan,2020587.5,56
Fail,2025-09-03 04:40:00,Mastercard,Qom,976246.0,10
Success,2025-09-05 18:00:00,Mastercard,Tehran,545116.0,40
Fail,2025-09-01 14:02:00,Visa,Ahvaz,583952.0,17
Fail,2025-09-03 02:30:00,Visa,Tehran,1768588.0,58
Success,2025-09-15 15:45:00,American Express,Tehran,443463.0,98
Success,2025-09-24 12:34:00,Mastercard,Ahvaz,2020587.5,6
Success,2025-09-27 13:13:00,Mastercard,Tabriz,450000.0,39
Fail,2025-09-08 11:11:00,Visa,Tehran,100000.0,18
Success,2025-09-29 14:02:00,Visa,Karaj,300000.0,73
Fail,2025-09-04 09:45:00,American Express,Tehran,650000.0,72
Success,2025-09-02 02:30:00,Mastercard,Mashhad,200000.0,90
Fail,2025-09-29 12:12:00,Discover,Tehran,1387769.0,96
Fail,2025-09-24 19:51:00,Mastercard,Qom,1768588.0,42
Success,2025-09-24 02:30:00,Visa,Mashhad,1387769.0,4
Fail,2025-09-10 10:48:00,Visa,Tehran,250000.0,20
Success,2025-09-04 21:23:00,Visa,Karaj,0.0,28
Fail,2025-09-03 14:02:00,American Express,Tehran,583952.0,40
Success,2025-09-02 02:54:00,Mastercard,Isfahan,0.0,65
Fail,2025-09-25 13:13:00,Discover,Tehran,452545.0,44
Fail,2025-09-17 02:37:00,Visa,Karaj,412308.0,23
Fail,2025-09-23 23:59:00,Mastercard,Qom,471227.0,57
Fail,2025-09-21 02:30:00,Mastercard,Qom,200000.0,47
Fail,2025-09-24 17:17:00,Visa,Isfahan,976246.0,13
Fail,2025-09-20 10:48:00,Discover,Qom,1305967.0,16
Fail,2025-09-23 07:07:00,Visa,Ahvaz,0.0,91
Fail,2025-09-13 11:11:00,Visa,Tehran,1578078.0,55
Fail,2025-09-05 19:40:00,American Express,Tehran,452545.0,96
Fail,2025-09-30 01:01:00,Visa,Tabriz,914465.0,65
Success,2025-09-21 11:11:00,Mastercard,Mashhad,443463.0,81
Fail,2025-09-30 03:27:00,Visa,Tehran,100.5,16
Success,2025-09-09 18:00:00,Mastercard,Qom,177050.0,37
Success,2025-09-25 03:27:00,Mastercard,Isfahan,123456.0,52
Fail,2025-09-29 02:37:00,Visa,Tabriz,177050.0,10
Success,2025-09-25 00:00:00,Visa,Tehran,1782689.0,38
Fail,2025-09-28 02:37:00,Mastercard,Isfahan,471227.0,44
Fail,2025-09-22 19:19:00,Discover,Isfahan,0.0,96
Fail,2025-09-06 03:27:00,Discover,Mashhad,1158713.0,74
Fail,2025-09-05 23:59:00,Mastercard,Tehran,100000.0,54
Fail,2025-09-25 02:30:00,Discover,Isfahan,0.0,99
Success,2025-09-10 21:21:00,American Express,Isfahan,452545.0,51
Success,2025-09-08 01:01:00,Discover,Mashhad,452545.0,52
Fail,2025-09-07 21:23:00,Visa,Tehran,1578078.0,70
Fail,2025-09-07 07:08:00,Discover,Tehran,452545.0,93
Fail,2025-09-06 09:00:00,Mastercard,Shiraz,452545.0,93
Fail,2025-09-21 21:10:00,Visa,Tehran,300000.0,59
Success,2025-09-29 11:11:00,Visa,Tabriz,471227.0,13
Fail,2025-09-20 16:40:00,American Express,Mashhad,1883871.0,41
Fail,2025-09-03 12:12:00,Visa,Tehran,914465.0,12
Fail,2025-09-19 03:00:00,Visa,Qom,2020587.5,50
Fail,2025-09-22 07:07:00,Discover,Tabriz,452545.0,57
Fail,2025-09-15 04:04:00,American Express,Unknown,774681.0,50
Success,2025-09-04 11:11:00,American Express,Shiraz,976246.0,57
Success,2025-09-28 23:59:00,Discover,Tabriz,452545.0,54
Success,2025-09-12 18:45:00,Mastercard,Tehran,583952.0,66
Fail,2025-09-06 12:12:00,Mastercard,Tehran,100000.0,8
Success,2025-09-19 14:02:00,Visa,Tehran,412308.0,63
Success,2025-09-04 05:56:00,Mastercard,Karaj,471227.0,9
Success,2025-09-15 19:19:00,American Express,Tehran,1782689.0,60
Success,2025-09-09 19:29:00,American Express,Tehran,452545.0,63
Success,2025-09-05 18:00:00,Visa,Isfahan,1782689.0,72
Fail,2025-09-13 03:00:00,Visa,Isfahan,1883871.0,3
Fail,2025-09-23 10:48:00,Visa,Shiraz,1387769.0,73
Fail,2025-09-26 18:00:00,American Express,Tehran,200000.0,13
Fail,2025-09-18 20:33:00,American Express,Tehran,205000.0,9
Fail,2025-09-30 09:00:00,Visa,Karaj,1782689.0,96
Fail,2025-09-30 09:09:00,Discover,Tehran,452545.0,90
Success,2025-09-05 14:00:00,Discover,Tabriz,177050.0,52
Fail,2025-09-25 23:17:00,Visa,Qom,1578078.0,62
Fail,2025-09-16 10:48:00,Visa,Karaj,177050.0,8
Success,2025-09-27 02:37:00,American Express,Karaj,1158713.0,96
Success,2025-09-19 02:20:00,Visa,Tehran,1387769.0,45
Fail,2025-09-14 23:59:00,Visa,Unknown,100.5,53
Fail,2025-09-25 03:27:00,American Express,Tehran,976246.0,63
Fail,2025-09-30 23:17:00,Discover,Tehran,2020587.5,96
Success,2025-09-16 11:11:00,Visa,Qom,976246.0,81
Success,2025-09-27 12:12:00,Mastercard,Tabriz,123456.0,57
Success,2025-09-15 12:44:00,Mastercard,Tehran,200000.0,54
Success,2025-09-22 13:13:00,Visa,Karaj,343679.0,19
Success,2025-09-04 02:30:00,Visa,Tabriz,5000.0,67
Success,2025-09-07 13:13:00,Mastercard,Tehran,1768588.0,46
Fail,2025-09-16 06:30:00,Master Card,Tabriz,914465.0,95
Fail,2025-09-24 23:59:00,Visa,Tehran,850000.0,10
Fail,2025-09-22 14:30:00,Visa,Tehran,0.0,94
Fail,2025-09-21 15:45:00,Mastercard,Shiraz,12345.0,18
Success,2025-09-22 05:56:00,Discover,Karaj,585954.0,12
Success,2025-09-21 00:00:00,Mastercard,Mashhad,300000.0,49
Success,2025-09-08 09:45:00,Mastercard,Qom,452545.0,23
Success,2025-09-17 02:54:00,Mastercard,Tehran,452545.0,62
Fail,2025-09-16 09:09:00,Master Card,Tabriz,452545.0,11
Fail,2025-09-27 12:12:00,Discover,Karaj,0.0,73
Fail,2025-09-23 21:23:00,Visa,Isfahan,0.0,56
Fail,2025-09-10 16:16:00,Mastercard,Isfahan,452545.0,89
Fail,2025-09-10 20:20:00,Visa,Tehran,2020587.5,90
Fail,2025-09-27 02:30:00,Mastercard,Qom,471227.0,55
Success,2025-09-02 12:44:00,Mastercard,Karaj,100.5,25
Success,2025-09-30 21:23:00,Discover,Mashhad,452545.0,9
Fail,2025-09-09 20:33:00,Visa,Tehran,450000.0,12
Success,2025-09-17 07:32:00,Discover,Karaj,1000.0,11
Success,2025-09-11 08:59:00,Visa,Tehran,452545.0,38
Fail,2025-09-10 08:08:00,Visa,Mashhad,452545.0,28
Fail,2025-09-22 04:15:00,American Express,Tabriz,452545.0,8
Fail,2025-09-25 02:37:00,Mastercard,Tehran,200000.0,74
Success,2025-09-17 03:00:00,Mastercard,Karaj,443463.0,90
Fail,2025-09-04 23:59:00,Mastercard,Qom,650000.0,47
Fail,2025-09-16 23:17:00,Nan,Shiraz,900000.0,36
Fail,2025-09-20 02:30:00,Mastercard,Mashhad,585954.0,50
Fail,2025-09-15 19:51:00,Visa,Tehran,0.0,9
Fail,2025-09-25 02:37:00,Mastercard,Karaj,0.0,60
Fail,2025-09-27 14:02:00,Mastercard,Mashhad,1000.0,72
Fail,2025-09-21 18:12:00,Discover,Shiraz,1768588.0,67
Fail,2025-09-05 06:06:00,Visa,Tehran,0.0,53
Success,2025-09-06 09:45:00,Visa,Tehran,250000.0,82
Fail,2025-09-17 09:45:00,Discover,Qom,250000.0,100
Fail,2025-09-01 06:30:00,Discover,Mashhad,452545.0,17
Success,2025-09-25 02:54:00,Discover,Tabriz,452545.0,53
Success,2025-09-19 09:09:00,Nan,Tabriz,2020587.5,28
Fail,2025-09-04 02:37:00,Discover,Shiraz,100.5,63
Fail,2025-09-17 06:30:00,Nan,Tehran,1578078.0,15
Fail,2025-09-09 21:23:00,Mastercard,Isfahan,471227.0,19
Fail,2025-09-24 21:10:00,Mastercard,Mashhad,177050.0,87
Fail,2025-09-02 14:30:00,Mastercard,Tabriz,850000.0,70
Fail,2025-09-08 09:00:00,Discover,Karaj,452545.0,47
Fail,2025-09-15 07:08:00,Mastercard,Tehran,0.0,71
Success,2025-09-07 13:13:00,Mastercard,Tehran,0.0,48
Success,2025-09-27 07:32:00,Discover,Karaj,452545.0,73
Success,2025-09-06 21:10:00,Discover,Mashhad,443463.0,20
Success,2025-09-01 19:19:00,Visa,Tehran,99999.0,37
Fail,2025-09-15 07:07:00,Discover,Karaj,250000.0,75
Fail,2025-09-23 06:30:00,American Express,Tehran,100.5,2
Fail,2025-09-26 14:00:00,Discover,Mashhad,2020587.5,64
Success,2025-09-07 10:48:00,Mastercard,Mashhad,914282.0,87
Fail,2025-09-29 07:07:00,Visa,Mashhad,545116.0,36
Success,2025-09-30 16:16:00,Discover,Tehran,1472823.0,5
Success,2025-09-25 04:04:00,Mastercard,Tehran,0.0,64
Success,2025-09-17 04:04:00,Visa,Shiraz,1050805.0,7
Fail,2025-09-02 09:45:00,Discover,Shiraz,0.0,70
Success,2025-09-27 21:23:00,Mastercard,Tehran,0.0,22
Success,2025-09-09 22:27:00,Visa,Unknown,471227.0,74
Success,2025-09-29 19:51:00,Visa,Tehran,452545.0,46
Fail,2025-09-09 23:59:00,Discover,Ahvaz,177050.0,40
Success,2025-09-13 18:45:00,Visa,Qom,0.0,61
Fail,2025-09-06 15:45:00,American Express,Mashhad,452545.0,46
Fail,2025-09-06 02:54:00,Master Card,Tehran,1463119.0,84
Success,2025-09-20 23:17:00,Mastercard,Tehran,0.0,28
Fail,2025-09-20 13:13:00,Visa,Karaj,452545.0,88
Fail,2025-09-21 19:29:00,Visa,Isfahan,100000.0,35
Success,2025-09-03 10:48:00,Mastercard,Shiraz,177050.0,1
Fail,2025-09-17 18:12:00,Mastercard,Mashhad,1158713.0,29
Success,2025-09-17 08:59:00,Mastercard,Tabriz,471227.0,9
Success,2025-09-12 21:23:00,Visa,Mashhad,300000.0,9
Fail,2025-09-16 12:12:00,Visa,Tabriz,650000.0,22
Success,2025-09-15 11:11:00,Visa,Mashhad,1.0,63
Fail,2025-09-13 11:11:00,Mastercard,Karaj,1.0,66
Fail,2025-09-23 07:08:00,Master Card,Tehran,1050805.0,80
Fail,2025-09-01 11:11:00,Visa,Ahvaz,583952.0,58
Success,2025-09-17 03:27:00,Visa,Tehran,1768588.0,70
Success,2025-09-03 14:30:00,Visa,Mashhad,452545.0,55
Fail,2025-09-26 18:00:00,Mastercard,Qom,300000.0,13
Fail,2025-09-15 04:04:00,Master Card,Ahvaz,123456.0,98
Fail,2025-09-04 23:59:00,Discover,Ahvaz,976246.0,19
Success,2025-09-04 13:10:00,Discover,Isfahan,412308.0,79
Success,2025-09-18 16:40:00,Discover,Tehran,443463.0,33
Fail,2025-09-17 02:37:00,Mastercard,Karaj,1768588.0,74
Fail,2025-09-19 08:08:00,Mastercard,Mashhad,1472823.0,65
Fail,2025-09-11 14:30:00,Mastercard,Tabriz,1387769.0,60
Success,2025-09-20 00:00:00,Master Card,Tabriz,585954.0,12
Fail,2025-09-03 19:51:00,Visa,Tehran,205000.0,43
Fail,2025-09-08 07:32:00,Visa,Tabriz,1387769.0,94
Fail,2025-09-14 21:23:00,Discover,Mashhad,0.0,17
Success,2025-09-26 21:23:00,Discover,Mashhad,412308.0,68
Fail,2025-09-01 04:40:00,Mastercard,Qom,1427657.0,29
Fail,2025-09-14 13:10:00,Nan,Isfahan,120000.0,55
Fail,2025-09-02 11:11:00,Mastercard,Tehran,419089.0,7
Success,2025-09-29 03:00:00,Visa,Mashhad,12345.0,44
Success,2025-09-23 07:08:00,Mastercard,Isfahan,583952.0,77
Fail,2025-09-04 14:55:00,Discover,Tehran,914282.0,5
Fail,2025-09-24 14:11:00,Mastercard,Qom,200000.0,60
Success,2025-09-27 15:45:00,Visa,Qom,1.0,6
Success,2025-09-29 19:19:00,Mastercard,Qom,452545.0,99
Success,2025-09-19 04:04:00,Mastercard,Tehran,914282.0,7
Fail,2025-09-06 06:06:00,Mastercard,Ahvaz,0.0,46
Success,2025-09-25 13:13:00,Visa,Tehran,1.0,57
Success,2025-09-01 05:56:00,Discover,Tehran,250000.0,54
Success,2025-09-17 09:00:00,Visa,Tabriz,1387769.0,93
Success,2025-09-08 07:32:00,Visa,Tabriz,1472823.0,46
Success,2025-09-19 16:40:00,Discover,Shiraz,419089.0,10
Fail,2025-09-21 19:40:00,Mastercard,Mashhad,1305967.0,4
Fail,2025-09-01 02:30:00,Visa,Ahvaz,200000.0,67
Success,2025-09-05 05:56:00,Visa,Isfahan,850000.0,25
Fail,2025-09-27 08:08:00,American Express,Tabriz,200000.0,88
Fail,2025-09-16 13:13:00,Mastercard,Tabriz,1883871.0,92
Success,2025-09-06 19:51:00,Visa,Tehran,976246.0,78
Fail,2025-09-08 11:11:00,Visa,Tehran,1427657.0,61
Fail,2025-09-13 14:02:00,Mastercard,Tabriz,585954.0,38
Fail,2025-09-16 21:10:00,Mastercard,Tehran,545116.0,32
Success,2025-09-30 07:07:00,Visa,Karaj,177050.0,23
Fail,2025-09-03 21:21:00,Mastercard,Isfahan,452545.0,37
Fail,2025-09-19 05:56:00,Visa,Tehran,471227.0,3
Fail,2025-09-12 14:02:00,Visa,Isfahan,343679.0,100
Fail,2025-09-16 11:11:00,Visa,Tehran,1883871.0,13
Fail,2025-09-27 06:06:00,Discover,Mashhad,452545.0,34
Success,2025-09-11 05:56:00,Discover,Tehran,419089.0,89
Success,2025-09-10 19:51:00,Mastercard,Qom,452545.0,65
Success,2025-09-25 19:29:00,Visa,Tehran,450000.0,76
Success,2025-09-20 17:17:00,Visa,Tehran,0.0,8
Fail,2025-09-04 07:07:00,Mastercard,Tabriz,123456.0,83
Fail,2025-09-12 02:24:00,Mastercard,Karaj,452545.0,9
Fail,2025-09-23 00:00:00,Mastercard,Tehran,250000.0,28
Success,2025-09-02 01:01:00,Visa,Karaj,120000.0,78
Fail,2025-09-24 19:40:00,Mastercard,Qom,443463.0,92
Fail,2025-09-22 02:37:00,Discover,Tehran,1578078.0,18
Success,2025-09-19 13:10:00,Visa,Isfahan,583952.0,42
Fail,2025-09-25 20:33:00,Discover,Tehran,450000.0,41
Success,2025-09-05 10:48:00,Discover,Tabriz,250000.0,70
Fail,2025-09-08 06:30:00,Visa,Tabriz,976246.0,33
Fail,2025-09-07 06:30:00,American Express,Isfahan,1463119.0,90
Success,2025-09-14 06:30:00,Discover,Karaj,0.0,77
Success,2025-09-24 20:20:00,Visa,Tehran,0.0,54
Success,2025-09-23 17:17:00,Mastercard,Tabriz,471227.0,88
Fail,2025-09-03 12:12:00,Mastercard,Tabriz,1578078.0,36
Success,2025-09-18 22:27:00,Visa,Tabriz,452545.0,98
Success,2025-09-16 14:11:00,Mastercard,Isfahan,0.0,85
Fail,2025-09-23 11:11:00,Visa,Tabriz,471227.0,99
Fail,2025-09-19 20:33:00,Nan,Tehran,250000.0,56
Fail,2025-09-19 05:56:00,American Express,Isfahan,419089.0,17
Success,2025-09-18 10:05:00,Mastercard,Tehran,1768588.0,10
Success,2025-09-20 17:17:00,Visa,Mashhad,545116.0,88
Fail,2025-09-16 18:00:00,Mastercard,Tehran,0.0,44
Fail,2025-09-08 07:08:00,American Express,Tabriz,443463.0,2
Fail,2025-09-28 22:27:00,Nan,Tabriz,471227.0,100
Success,2025-09-01 17:17:00,American Express,Tehran,585954.0,14
Fail,2025-09-17 21:10:00,Visa,Karaj,976246.0,41
Fail,2025-09-12 06:30:00,Mastercard,Ahvaz,1387769.0,2
Success,2025-09-30 03:27:00,Master Card,Isfahan,1578078.0,19
Success,2025-09-21 10:48:00,Discover,Karaj,900000.0,80
Fail,2025-09-11 02:54:00,Visa,Isfahan,452545.0,90
Success,2025-09-05 20:20:00,Visa,Tehran,177050.0,1
Fail,2025-09-27 20:20:00,Visa,Isfahan,452545.0,2
Success,2025-09-12 12:44:00,Visa,Qom,583952.0,27
Success,2025-09-17 21:21:00,Mastercard,Tehran,585954.0,2
Success,2025-09-06 13:13:00,American Express,Shiraz,0.0,95
Success,2025-09-01 02:30:00,Visa,Karaj,0.0,51
Fail,2025-09-05 16:40:00,Mastercard,Tehran,1427657.0,10
Success,2025-09-25 23:17:00,Nan,Tehran,0.0,19
Fail,2025-09-28 17:17:00,Mastercard,Tehran,200000.0,80
Fail,2025-09-14 14:55:00,Visa,Tehran,1472823.0,13
Success,2025-09-05 08:59:00,Visa,Tehran,0.0,48
Success,2025-09-22 12:44:00,Mastercard,Ahvaz,452545.0,56
Fail,2025-09-24 19:51:00,Master Card,Karaj,976246.0,72
Fail,2025-09-27 03:27:00,Mastercard,Mashhad,583952.0,56
Success,2025-09-01 07:07:00,Discover,Mashhad,0.0,50
Fail,2025-09-30 18:12:00,American Express,Tabriz,545116.0,96
Success,2025-09-18 12:44:00,Nan,Karaj,412308.0,45
Fail,2025-09-16 00:00:00,Visa,Karaj,452545.0,90
Fail,2025-09-09 21:23:00,Mastercard,Isfahan,250000.0,59
Fail,2025-09-19 15:45:00,Visa,Tabriz,250000.0,39
Success,2025-09-22 06:30:00,Mastercard,Karaj,100.5,21
Fail,2025-09-05 21:23:00,Mastercard,Tehran,914465.0,55
Fail,2025-09-27 10:05:00,Master Card,Tehran,343679.0,57
Fail,2025-09-02 06:30:00,Mastercard,Mashhad,452545.0,41
Fail,2025-09-30 06:06:00,American Express,Isfahan,545116.0,94
Fail,2025-09-15 07:08:00,Mastercard,Shiraz,250000.0,70
Fail,2025-09-07 10:48:00,Discover,Shiraz,123456.0,82
Fail,2025-09-04 10:48:00,Mastercard,Tabriz,63489.0,49
Fail,2025-09-01 02:30:00,Mastercard,Tehran,0.0,44
Success,2025-09-13 06:30:00,Discover,Tehran,452545.0,35
Fail,2025-09-20 07:32:00,Visa,Mashhad,1387769.0,92
Success,2025-09-22 19:29:00,Mastercard,Qom,250000.0,5
Fail,2025-09-07 12:12:00,Discover,Qom,1578078.0,71
Success,2025-09-15 17:17:00,Discover,Mashhad,583952.0,74
Fail,2025-09-23 04:15:00,Visa,Tehran,300000.0,74
Success,2025-09-14 09:09:00,Mastercard,Tabriz,1782689.0,51
Success,2025-09-23 10:05:00,Mastercard,Tehran,1768588.0,57
Success,2025-09-19 04:40:00,Visa,Tehran,1578078.0,58
Success,2025-09-22 06:30:00,Master Card,Tabriz,914282.0,93
Success,2025-09-29 11:11:00,Visa,Ahvaz,1387769.0,36
Fail,2025-09-24 08:08:00,Visa,Tabriz,99999.0,10
Fail,2025-09-20 14:11:00,Discover,Tehran,419089.0,50
Success,2025-09-29 13:13:00,Mastercard,Ahvaz,419089.0,100
Success,2025-09-24 14:11:00,American Express,Tehran,177050.0,100
Fail,2025-09-18 19:51:00,Visa,Tehran,12345.0,37
Success,2025-09-10 09:45:00,Mastercard,Tehran,1050805.0,20
Fail,2025-09-09 14:11:00,Visa,Isfahan,100.5,13
Success,2025-09-25 07:32:00,Mastercard,Shiraz,1387769.0,75
Fail,2025-09-08 00:00:00,Nan,Ahvaz,1305967.0,19
Success,2025-09-26 00:00:00,American Express,Tabriz,1578078.0,93
Fail,2025-09-30 20:20:00,Visa,Tehran,63489.0,56
Success,2025-09-29 22:27:00,Visa,Tabriz,914282.0,45
Success,2025-09-10 21:10:00,American Express,Tehran,914282.0,60
Fail,2025-09-17 04:15:00,Visa,Mashhad,343679.0,68
Success,2025-09-02 13:13:00,Visa,Mashhad,976246.0,57
Fail,2025-09-06 14:11:00,Visa,Isfahan,585954.0,54
Fail,2025-09-26 12:44:00,American Express,Tehran,1387769.0,37
Fail,2025-09-05 16:16:00,Mastercard,Isfahan,100000.0,83
Fail,2025-09-28 09:09:00,Master Card,Isfahan,177050.0,37
Success,2025-09-30 18:12:00,Discover,Mashhad,343679.0,14
Success,2025-09-09 14:30:00,Visa,Karaj,1472823.0,96
Success,2025-09-05 03:00:00,Mastercard,Isfahan,100.5,93
Fail,2025-09-18 14:02:00,Visa,Isfahan,452545.0,44
Success,2025-09-26 04:15:00,Mastercard,Tehran,1305967.0,83
Success,2025-09-20 10:48:00,Discover,Ahvaz,452545.0,42
Success,2025-09-09 03:27:00,American Express,Tehran,976246.0,1
Fail,2025-09-17 21:23:00,American Express,Karaj,452545.0,23
Success,2025-09-27 14:11:00,Mastercard,Unknown,452545.0,64
Success,2025-09-17 20:33:00,Visa,Tehran,452545.0,28
Fail,2025-09-12 18:12:00,Visa,Karaj,583952.0,4
Success,2025-09-07 02:37:00,Discover,Shiraz,545116.0,41
Success,2025-09-27 12:12:00,Mastercard,Tabriz,452545.0,60
Fail,2025-09-03 14:11:00,American Express,Shiraz,650000.0,18
Fail,2025-09-10 02:54:00,Mastercard,Karaj,1472823.0,63
Fail,2025-09-02 00:00:00,Visa,Tabriz,452545.0,61
Success,2025-09-25 07:08:00,Master Card,Tabriz,100.5,49
Fail,2025-09-03 01:51:00,Mastercard,Isfahan,471227.0,47
Fail,2025-09-16 13:10:00,Discover,Shiraz,1.0,39
Success,2025-09-02 14:30:00,Mastercard,Tabriz,1305967.0,90
Success,2025-09-28 22:27:00,Visa,Qom,419089.0,82
Success,2025-09-24 07:08:00,Visa,Tehran,0.0,6
Success,2025-09-10 09:45:00,Visa,Tabriz,99999.0,83
Success,2025-09-06 12:12:00,Visa,Tehran,1427657.0,53
Success,2025-09-22 02:20:00,Visa,Mashhad,583952.0,76
Success,2025-09-26 19:40:00,Mastercard,Tehran,200000.0,25
Fail,2025-09-11 13:10:00,American Express,Tehran,1578078.0,100
Fail,2025-09-23 22:27:00,American Express,Isfahan,200000.0,65
Fail,2025-09-07 02:37:00,Visa,Tabriz,0.0,5
Success,2025-09-27 05:56:00,Nan,Karaj,0.0,65
Fail,2025-09-29 06:30:00,Visa,Karaj,1502601.0,8
Fail,2025-09-15 11:11:00,Visa,Tehran,914465.0,39
Fail,2025-09-06 03:27:00,Discover,Qom,177050.0,43
Success,2025-09-20 11:11:00,American Express,Isfahan,63489.0,82
Fail,2025-09-27 01:51:00,Visa,Tabriz,120000.0,73
Fail,2025-09-09 19:19:00,Visa,Qom,452545.0,5
Success,2025-09-22 03:27:00,Visa,Shiraz,250000.0,4
Success,2025-09-20 14:00:00,Discover,Isfahan,452545.0,94
Fail,2025-09-12 19:29:00,Mastercard,Tehran,452545.0,1
Success,2025-09-19 19:29:00,American Express,Shiraz,452545.0,95
Fail,2025-09-20 08:59:00,American Express,Karaj,976246.0,56
Success,2025-09-03 04:15:00,Visa,Shiraz,914465.0,45
Fail,2025-09-15 19:19:00,Mastercard,Tabriz,452545.0,65
Success,2025-09-02 16:16:00,Nan,Karaj,1578078.0,3
Fail,2025-09-30 04:04:00,Mastercard,Tabriz,452545.0,22
Success,2025-09-21 08:59:00,American Express,Qom,976246.0,72
Fail,2025-09-02 05:56:00,American Express,Isfahan,1782689.0,56
Success,2025-09-22 05:56:00,Visa,Tehran,0.0,18
Fail,2025-09-03 10:48:00,Visa,Isfahan,250000.0,25
Fail,2025-09-06 16:40:00,Discover,Tabriz,2020587.5,48
Fail,2025-09-15 23:17:00,Mastercard,Tehran,250000.0,84
Fail,2025-09-27 04:15:00,Mastercard,Karaj,1427657.0,31
Success,2025-09-10 02:24:00,Mastercard,Mashhad,850000.0,30
Success,2025-09-09 11:11:00,Visa,Isfahan,1050805.0,80
Success,2025-09-01 04:40:00,Mastercard,Mashhad,850000.0,66
Fail,2025-09-16 02:24:00,Visa,Ahvaz,200000.0,81
Success,2025-09-06 07:08:00,Mastercard,Tehran,452545.0,10
Success,2025-09-09 20:33:00,Visa,Qom,583952.0,71
Success,2025-09-27 07:32:00,Mastercard,Mashhad,1782689.0,59
Success,2025-09-04 04:15:00,Mastercard,Tehran,452545.0,51
Fail,2025-09-27 18:12:00,Visa,Qom,976246.0,9
Fail,2025-09-28 05:23:00,Visa,Tehran,333333.0,54
Success,2025-09-02 03:27:00,American Express,Isfahan,1387769.0,62
Fail,2025-09-29 01:51:00,Visa,Shiraz,452545.0,81
Success,2025-09-04 07:08:00,American Express,Tehran,1158713.0,9
Success,2025-09-01 09:00:00,Mastercard,Tehran,452545.0,9
Fail,2025-09-19 04:15:00,Discover,Tehran,0.0,24
Fail,2025-09-26 19:51:00,Mastercard,Tehran,100.5,39
Success,2025-09-25 07:32:00,Nan,Tehran,177050.0,75
Fail,2025-09-10 05:23:00,Mastercard,Karaj,452545.0,8
Success,2025-09-21 01:51:00,Visa,Mashhad,452545.0,25
Fail,2025-09-15 12:12:00,Visa,Tehran,1502601.0,66
Success,2025-09-27 08:59:00,Mastercard,Tehran,0.0,10
Success,2025-09-22 05:23:00,American Express,Tabriz,452545.0,24
Success,2025-09-19 21:23:00,Mastercard,Tabriz,1883871.0,80
Success,2025-09-16 19:29:00,Visa,Tehran,0.0,83
Fail,2025-09-21 02:30:00,Discover,Tehran,419089.0,59
Fail,2025-09-27 11:11:00,Visa,Ahvaz,1387769.0,31
Success,2025-09-24 08:08:00,Nan,Karaj,443463.0,11
Success,2025-09-22 12:34:00,Mastercard,Tehran,419089.0,6
Success,2025-09-04 00:00:00,Nan,Mashhad,1502601.0,70
Fail,2025-09-02 02:54:00,Discover,Qom,1387769.0,32
Success,2025-09-30 19:40:00,Visa,Isfahan,2020587.5,39
Fail,2025-09-25 23:17:00,Discover,Tabriz,5000.0,48
Fail,2025-09-13 06:30:00,American Express,Tehran,1.0,13
Success,2025-09-28 19:19:00,Visa,Tehran,976246.0,59
Success,2025-09-01 19:19:00,Discover,Shiraz,50200.0,67
Success,2025-09-17 13:13:00,Nan,Isfahan,250000.0,56
Success,2025-09-13 09:09:00,Discover,Shiraz,583952.0,41
Fail,2025-09-04 09:09:00,Mastercard,Tehran,177050.0,56
Success,2025-09-07 16:40:00,Mastercard,Tabriz,443463.0,35
Fail,2025-09-17 18:12:00,Discover,Qom,1578078.0,38
Success,2025-09-09 05:56:00,Visa,Tehran,850000.0,81
Success,2025-09-04 03:27:00,Discover,Tehran,177050.0,67
Fail,2025-09-19 19:19:00,Visa,Tabriz,452545.0,34
Success,2025-09-01 21:21:00,Mastercard,Tehran,976246.0,76
Fail,2025-09-10 03:27:00,Master Card,Qom,1578078.0,89
Fail,2025-09-04 08:59:00,Mastercard,Isfahan,2020587.5,70
Success,2025-09-09 03:27:00,Mastercard,Ahvaz,450000.0,11
Success,2025-09-13 11:11:00,Discover,Mashhad,650000.0,27
Fail,2025-09-14 02:37:00,Visa,Mashhad,1472823.0,48
Fail,2025-09-10 09:00:00,Visa,Shiraz,100.5,24
Success,2025-09-06 12:34:00,American Express,Tehran,2020587.5,18
Success,2025-09-16 10:05:00,Mastercard,Karaj,99999.0,27
Success,2025-09-06 00:00:00,Visa,Mashhad,1768588.0,54
Fail,2025-09-17 14:02:00,Mastercard,Karaj,177050.0,55
Fail,2025-09-10 18:00:00,Visa,Tehran,650000.0,21
Success,2025-09-18 09:00:00,Visa,Tabriz,419089.0,59
Fail,2025-09-27 14:11:00,Mastercard,Tehran,914282.0,34
Success,2025-09-22 11:11:00,Visa,Qom,452545.0,98
Success,2025-09-18 02:37:00,Mastercard,Tehran,200000.0,58
Fail,2025-09-03 10:48:00,Visa,Karaj,914465.0,48
Fail,2025-09-20 11:11:00,Visa,Tehran,1883871.0,54
Fail,2025-09-27 23:59:00,Mastercard,Tabriz,471227.0,18
Fail,2025-09-21 06:30:00,American Express,Tehran,1463119.0,3
Fail,2025-09-25 14:55:00,Mastercard,Ahvaz,100.5,24
Fail,2025-09-28 09:45:00,Mastercard,Ahvaz,850000.0,1
Fail,2025-09-15 09:00:00,American Express,Shiraz,1502601.0,6
Fail,2025-09-15 10:48:00,Discover,Qom,914282.0,19
Success,2025-09-04 18:45:00,Discover,Tehran,1578078.0,87
Fail,2025-09-29 14:30:00,Discover,Tehran,1050805.0,43
Success,2025-09-27 21:23:00,Discover,Shiraz,1000.0,8
Success,2025-09-09 10:05:00,Mastercard,Tehran,200000.0,69
Success,2025-09-27 07:32:00,Visa,Tehran,1578078.0,52
Success,2025-09-26 14:02:00,Discover,Isfahan,1472823.0,73
Success,2025-09-19 01:01:00,Discover,Karaj,177050.0,47
Fail,2025-09-24 10:05:00,Discover,Karaj,443463.0,85
Fail,2025-09-28 14:00:00,Visa,Tehran,0.0,28
Success,2025-09-17 03:27:00,Visa,Tehran,585954.0,46
Success,2025-09-11 14:02:00,American Express,Isfahan,914465.0,4
Success,2025-09-25 03:27:00,Visa,Tehran,0.0,89
Fail,2025-09-09 12:12:00,Visa,Tehran,452545.0,8
Success,2025-09-10 09:09:00,Nan,Tabriz,0.0,61
Success,2025-09-18 12:12:00,Mastercard,Tabriz,250000.0,17
Fail,2025-09-20 08:59:00,Visa,Isfahan,200000.0,34
Fail,2025-09-13 10:48:00,Discover,Tehran,200000.0,20
Fail,2025-09-08 17:17:00,Visa,Mashhad,12345.0,80
Fail,2025-09-07 01:51:00,Discover,Tehran,177050.0,74
Success,2025-09-17 14:11:00,Discover,Ahvaz,452545.0,34
Success,2025-09-21 19:51:00,Mastercard,Karaj,177050.0,43
Fail,2025-09-23 21:23:00,Discover,Ahvaz,177050.0,10
Success,2025-09-15 10:05:00,Mastercard,Isfahan,50200.0,95
Fail,2025-09-20 01:01:00,Mastercard,Karaj,1463119.0,30
Success,2025-09-15 04:40:00,Discover,Ahvaz,200000.0,25
Fail,2025-09-01 13:13:00,Visa,Tabriz,1050805.0,57
Success,2025-09-25 02:30:00,Mastercard,Tehran,471227.0,63
Success,2025-09-14 11:11:00,Mastercard,Mashhad,1768588.0,71
Fail,2025-09-05 20:33:00,Visa,Tehran,343679.0,47
Success,2025-09-11 20:33:00,Visa,Shiraz,250000.0,84
Success,2025-09-16 19:51:00,Mastercard,Shiraz,1768588.0,81
Success,2025-09-02 09:45:00,Discover,Qom,1463119.0,3
Fail,2025-09-08 02:30:00,Mastercard,Tabriz,850000.0,46
Fail,2025-09-11 23:59:00,Visa,Mashhad,774681.0,36
Success,2025-09-29 04:15:00,Visa,Isfahan,1502601.0,26
Fail,2025-09-18 21:21:00,Mastercard,Tehran,1502601.0,10
Success,2025-09-03 16:16:00,Visa,Karaj,177050.0,34
Fail,2025-09-30 12:12:00,American Express,Ahvaz,100.5,78
Success,2025-09-26 05:23:00,Discover,Tehran,545116.0,8
Success,2025-09-01 14:02:00,Visa,Tabriz,419089.0,55
Success,2025-09-11 09:00:00,Mastercard,Isfahan,914282.0,92
Fail,2025-09-16 17:07:00,Visa,Mashhad,452545.0,10
Fail,2025-09-18 06:30:00,American Express,Tehran,419089.0,57
Fail,2025-09-30 12:12:00,American Express,Qom,200000.0,79
Fail,2025-09-16 02:30:00,Discover,Isfahan,2020587.5,87
Success,2025-09-23 04:40:00,Visa,Qom,452545.0,45
Success,2025-09-10 07:07:00,Mastercard,Tehran,343679.0,50
Fail,2025-09-18 22:27:00,American Express,Tabriz,585954.0,64
Fail,2025-09-06 19:51:00,Visa,Ahvaz,99999.0,96
Success,2025-09-19 07:32:00,Discover,Mashhad,0.0,2
Fail,2025-09-04 08:08:00,American Express,Ahvaz,443463.0,45
Success,2025-09-27 07:32:00,Visa,Karaj,1578078.0,96
Fail,2025-09-13 02:54:00,Discover,Tehran,452545.0,62
Success,2025-09-24 06:30:00,American Express,Tehran,1578078.0,14
Fail,2025-09-14 12:44:00,Visa,Tabriz,1578078.0,74
Fail,2025-09-03 09:45:00,Discover,Qom,100.5,95
Success,2025-09-10 13:13:00,Visa,Tehran,0.0,15
Success,2025-09-06 11:11:00,Mastercard,Karaj,1427657.0,14
Fail,2025-09-01 19:51:00,Discover,Mashhad,5000.0,31
Success,2025-09-23 23:59:00,Mastercard,Tehran,583952.0,29
Success,2025-09-24 13:10:00,Mastercard,Mashhad,0.0,27
Success,2025-09-27 04:40:00,American Express,Isfahan,0.0,85
Success,2025-09-14 17:07:00,Mastercard,Ahvaz,100.5,9
Fail,2025-09-08 10:48:00,Mastercard,Isfahan,976246.0,20
Fail,2025-09-19 04:04:00,Visa,Tabriz,1463119.0,100
Success,2025-09-14 12:12:00,Discover,Tehran,583952.0,58
Fail,2025-09-10 08:08:00,Visa,Tehran,545116.0,79
Fail,2025-09-17 13:10:00,Mastercard,Isfahan,914465.0,89
Success,2025-09-09 02:54:00,Visa,Isfahan,0.0,49
Fail,2025-09-29 13:13:00,Discover,Qom,1578078.0,57
Fail,2025-09-06 08:08:00,Visa,Karaj,205000.0,16
Success,2025-09-11 23:59:00,Mastercard,Tehran,452545.0,75
Success,2025-09-25 13:10:00,Visa,Mashhad,177050.0,8
Success,2025-09-07 02:37:00,Mastercard,Tehran,100000.0,67
Success,2025-09-17 23:59:00,Visa,Mashhad,0.0,19
Success,2025-09-28 02:24:00,American Express,Mashhad,99999.0,67
Success,2025-09-28 01:51:00,Visa,Mashhad,976246.0,36
Fail,2025-09-01 06:30:00,American Express,Isfahan,471227.0,90
Fail,2025-09-22 13:13:00,Mastercard,Tehran,1782689.0,60
Fail,2025-09-05 02:20:00,Mastercard,Tehran,1883871.0,36
Success,2025-09-09 09:45:00,Visa,Tehran,100.5,11
Fail,2025-09-18 13:13:00,Visa,Ahvaz,1502601.0,51
Fail,2025-09-24 09:45:00,Discover,Tabriz,1472823.0,80
Success,2025-09-27 12:44:00,Mastercard,Tehran,0.0,55
Success,2025-09-21 13:13:00,American Express,Karaj,123456.0,54
Success,2025-09-02 02:30:00,Visa,Karaj,452545.0,17
Fail,2025-09-29 18:45:00,Mastercard,Karaj,0.0,62
Success,2025-09-26 12:12:00,Mastercard,Tehran,343679.0,42
Fail,2025-09-11 14:55:00,Mastercard,Qom,419089.0,24
Fail,2025-09-27 09:09:00,Discover,Tehran,452545.0,17
Success,2025-09-28 04:15:00,Visa,Tehran,1578078.0,48
Fail,2025-09-06 19:40:00,Visa,Tabriz,452545.0,84
Success,2025-09-26 04:15:00,Visa,Tehran,100.5,87
Fail,2025-09-08 07:08:00,Discover,Qom,300000.0,70
Fail,2025-09-04 02:30:00,Mastercard,Tehran,1.0,7
Fail,2025-09-18 02:30:00,Visa,Mashhad,333333.0,14
Success,2025-09-28 08:08:00,Mastercard,Karaj,1578078.0,11
Success,2025-09-11 18:00:00,Mastercard,Tehran,1158713.0,12
Success,2025-09-05 07:08:00,Mastercard,Ahvaz,452545.0,5
Success,2025-09-15 19:51:00,American Express,Tehran,1305967.0,5
Fail,2025-09-28 11:11:00,Visa,Tehran,850000.0,20
Success,2025-09-18 19:19:00,Mastercard,Tabriz,50200.0,54
Success,2025-09-02 02:30:00,American Express,Ahvaz,2020587.5,55
Success,2025-09-22 12:12:00,Mastercard,Tehran,419089.0,58
Fail,2025-09-11 10:05:00,Visa,Tabriz,452545.0,79
Fail,2025-09-26 21:23:00,American Express,Tehran,1463119.0,91
Success,2025-09-25 18:00:00,Mastercard,Karaj,250000.0,98
Success,2025-09-13 03:27:00,Mastercard,Shiraz,123456.0,30
Success,2025-09-04 03:27:00,Mastercard,Tehran,1782689.0,24
Success,2025-09-22 15:45:00,Visa,Qom,100000.0,88
Success,2025-09-07 13:10:00,Visa,Tehran,177050.0,73
Fail,2025-09-29 19:19:00,Mastercard,Tehran,419089.0,3
Success,2025-09-11 13:10:00,Mastercard,Tehran,1472823.0,48
Success,2025-09-22 17:07:00,Discover,Tabriz,1463119.0,71
Fail,2025-09-24 02:30:00,Mastercard,Shiraz,0.0,22
Fail,2025-09-04 03:27:00,Mastercard,Tehran,850000.0,14
Fail,2025-09-28 08:59:00,Mastercard,Karaj,2020587.5,48
Fail,2025-09-15 04:15:00,Visa,Ahvaz,12345.0,29
Fail,2025-09-01 02:24:00,American Express,Qom,50200.0,50
Fail,2025-09-23 14:02:00,American Express,Tehran,452545.0,80
Success,2025-09-03 21:23:00,Mastercard,Tehran,443463.0,99
Fail,2025-09-14 14:55:00,Mastercard,Mashhad,452545.0,10
Success,2025-09-06 21:23:00,Mastercard,Mashhad,555555.0,71
Success,2025-09-18 10:48:00,Discover,Unknown,177050.0,90
Fail,2025-09-25 19:40:00,Visa,Tehran,0.0,27
Success,2025-09-01 13:13:00,Discover,Mashhad,123456.0,79
Fail,2025-09-06 12:12:00,Visa,Isfahan,0.0,97
Fail,2025-09-06 14:02:00,Visa,Tehran,0.0,28
Success,2025-09-21 15:45:00,Visa,Tehran,1578078.0,9
Fail,2025-09-16 14:00:00,Mastercard,Karaj,250000.0,71
Fail,2025-09-29 07:08:00,Discover,Tabriz,914282.0,80
Success,2025-09-05 02:24:00,Visa,Ahvaz,419089.0,26
Fail,2025-09-17 04:04:00,Mastercard,Ahvaz,1000.0,100
Success,2025-09-10 06:06:00,Mastercard,Tabriz,177050.0,81
Fail,2025-09-28 08:08:00,Discover,Shiraz,1463119.0,88
Fail,2025-09-21 08:08:00,American Express,Tabriz,177050.0,8
Fail,2025-09-18 11:11:00,Discover,Ahvaz,5000.0,2
Success,2025-09-07 07:08:00,Visa,Tehran,0.0,96
Success,2025-09-03 23:17:00,Visa,Shiraz,99999.0,57
Success,2025-09-13 12:34:00,American Express,Tabriz,1463119.0,52
Success,2025-09-15 05:56:00,Visa,Tehran,333333.0,58
Fail,2025-09-20 14:00:00,Visa,Tehran,177050.0,97
Fail,2025-09-19 20:20:00,Visa,Shiraz,585954.0,94
Success,2025-09-03 11:11:00,Discover,Tabriz,1.0,3
Fail,2025-09-04 12:34:00,Mastercard,Shiraz,120000.0,8
Fail,2025-09-05 17:17:00,Visa,Isfahan,1768588.0,59
Success,2025-09-01 16:40:00,Mastercard,Karaj,412308.0,2
Success,2025-09-04 19:19:00,Discover,Mashhad,452545.0,96
Success,2025-09-12 09:45:00,Discover,Tabriz,1158713.0,62
Success,2025-09-28 03:00:00,Visa,Tehran,452545.0,49
Success,2025-09-27 02:24:00,Discover,Isfahan,0.0,20
Success,2025-09-24 17:17:00,Visa,Shiraz,100000.0,29
Success,2025-09-10 00:00:00,Discover,Karaj,585954.0,17
Success,2025-09-23 19:51:00,Mastercard,Tehran,343679.0,74
Fail,2025-09-25 02:30:00,Mastercard,Shiraz,452545.0,22
Success,2025-09-21 21:23:00,Mastercard,Tehran,774681.0,6
Success,2025-09-29 07:32:00,Visa,Tabriz,452545.0,62
Fail,2025-09-26 17:17:00,Mastercard,Mashhad,650000.0,99
Fail,2025-09-20 18:45:00,Visa,Tabriz,0.0,31
Fail,2025-09-24 13:13:00,Mastercard,Shiraz,452545.0,62
Fail,2025-09-25 14:11:00,Visa,Tehran,50200.0,12
Success,2025-09-13 03:27:00,Visa,Tehran,450000.0,12
Fail,2025-09-23 15:45:00,Visa,Qom,976246.0,63
Fail,2025-09-14 21:10:00,Discover,Tehran,1387769.0,16
Fail,2025-09-23 17:17:00,Visa,Tehran,100.5,25
Fail,2025-09-05 09:00:00,Visa,Isfahan,976246.0,22
Fail,2025-09-04 13:10:00,Visa,Tehran,99999.0,92
Fail,2025-09-14 02:37:00,Discover,Shiraz,650000.0,89
Fail,2025-09-10 02:30:00,Discover,Shiraz,1427657.0,76
Success,2025-09-17 14:30:00,Mastercard,Shiraz,1463119.0,18
Success,2025-09-10 12:12:00,Mastercard,Qom,1578078.0,45
Fail,2025-09-26 21:23:00,Visa,Karaj,452545.0,80
Success,2025-09-07 10:48:00,Visa,Tehran,120000.0,68
Fail,2025-09-16 17:17:00,Visa,Tehran,452545.0,12
Success,2025-09-01 21:10:00,American Express,Tabriz,555555.0,49
Fail,2025-09-17 18:00:00,American Express,Tehran,1502601.0,33
Fail,2025-09-21 02:30:00,Visa,Tehran,1463119.0,87
Success,2025-09-29 09:09:00,Mastercard,Karaj,976246.0,63
Fail,2025-09-09 18:45:00,Discover,Ahvaz,123456.0,18
Fail,2025-09-06 19:51:00,Discover,Tehran,250000.0,54
Success,2025-09-19 12:12:00,Mastercard,Ahvaz,1158713.0,98
Success,2025-09-13 09:45:00,Discover,Shiraz,300000.0,27
Success,2025-09-03 08:08:00,American Express,Karaj,100.5,83
Fail,2025-09-07 12:44:00,Discover,Tehran,100000.0,78
Success,2025-09-22 02:20:00,Discover,Tehran,0.0,25
Fail,2025-09-09 11:11:00,Mastercard,Mashhad,1578078.0,34
Success,2025-09-22 05:56:00,Discover,Ahvaz,177050.0,89
Success,2025-09-05 02:20:00,Mastercard,Isfahan,471227.0,60
Success,2025-09-10 20:33:00,Discover,Tehran,1463119.0,54
Fail,2025-09-23 12:12:00,Mastercard,Tehran,0.0,88
Fail,2025-09-17 06:06:00,Discover,Qom,0.0,5
Fail,2025-09-12 14:02:00,Mastercard,Tabriz,452545.0,36
Success,2025-09-23 16:40:00,Mastercard,Tehran,1782689.0,54
Fail,2025-09-16 21:23:00,Visa,Isfahan,585954.0,89
Success,2025-09-03 10:48:00,Visa,Tehran,583952.0,36
Success,2025-09-30 20:33:00,Nan,Tehran,250000.0,69
Fail,2025-09-25 09:09:00,Mastercard,Tehran,63489.0,39
Success,2025-09-22 02:54:00,Mastercard,Tehran,250000.0,70
Fail,2025-09-09 09:09:00,Mastercard,Tehran,471227.0,4
Fail,2025-09-29 02:30:00,Visa,Ahvaz,2020587.5,74
Success,2025-09-15 16:16:00,Visa,Ahvaz,50200.0,65
Success,2025-09-05 14:11:00,American Express,Qom,1782689.0,85
Fail,2025-09-23 07:08:00,Mastercard,Tabriz,100.5,40
Fail,2025-09-13 21:10:00,Mastercard,Tehran,976246.0,37
Fail,2025-09-14 08:59:00,Visa,Mashhad,583952.0,67
Fail,2025-09-20 11:11:00,American Express,Tehran,1502601.0,31
Fail,2025-09-15 04:04:00,American Express,Isfahan,452545.0,92
Fail,2025-09-16 07:08:00,Visa,Tehran,419089.0,81
Fail,2025-09-23 08:59:00,Mastercard,Isfahan,471227.0,88
Fail,2025-09-13 08:59:00,Mastercard,Mashhad,1463119.0,77
Success,2025-09-17 11:11:00,Mastercard,Isfahan,585954.0,47
Fail,2025-09-23 03:27:00,Mastercard,Shiraz,452545.0,27
Fail,2025-09-08 11:11:00,Visa,Tehran,0.0,51
Fail,2025-09-21 05:23:00,American Express,Isfahan,452545.0,20
Fail,2025-09-02 23:59:00,Mastercard,Isfahan,452545.0,13
Fail,2025-09-05 12:12:00,Visa,Karaj,0.0,63
Fail,2025-09-06 17:17:00,American Express,Mashhad,914465.0,44
Success,2025-09-12 19:40:00,Visa,Isfahan,452545.0,24
Success,2025-09-18 05:56:00,Visa,Karaj,1305967.0,3
Fail,2025-09-30 07:08:00,Mastercard,Tehran,452545.0,10
Success,2025-09-22 19:51:00,Mastercard,Qom,452545.0,65
Fail,2025-09-22 09:00:00,American Express,Tehran,100.5,49
Fail,2025-09-01 16:40:00,Mastercard,Mashhad,452545.0,58
Success,2025-09-30 10:48:00,Visa,Mashhad,900000.0,77
Success,2025-09-17 13:13:00,Visa,Isfahan,2020587.5,78
Success,2025-09-30 13:13:00,Mastercard,Tabriz,583952.0,98
Fail,2025-09-11 19:19:00,Mastercard,Mashhad,100.5,2
Success,2025-09-10 15:45:00,Discover,Mashhad,412308.0,66
Fail,2025-09-19 07:08:00,Mastercard,Tabriz,1387769.0,31
Success,2025-09-14 20:33:00,Mastercard,Tehran,1782689.0,68
Success,2025-09-26 08:08:00,Mastercard,Tehran,452545.0,99
Fail,2025-09-10 10:05:00,Visa,Ahvaz,99999.0,83
Success,2025-09-15 04:40:00,Discover,Isfahan,343679.0,37
Success,2025-09-28 16:40:00,Discover,Isfahan,0.0,73
Fail,2025-09-19 15:45:00,Mastercard,Karaj,774681.0,24
Fail,2025-09-04 17:17:00,American Express,Shiraz,100000.0,77
Fail,2025-09-02 21:23:00,Discover,Qom,452545.0,44
Fail,2025-09-09 08:59:00,Mastercard,Tehran,0.0,95
Fail,2025-09-10 18:12:00,Mastercard,Shiraz,0.0,83
Success,2025-09-28 09:00:00,Visa,Tehran,583952.0,41
Success,2025-09-11 23:17:00,American Express,Tehran,0.0,74
Fail,2025-09-14 21:23:00,Visa,Isfahan,300000.0,51
Success,2025-09-07 19:51:00,Discover,Mashhad,120000.0,42
Fail,2025-09-23 11:11:00,Mastercard,Karaj,100.5,78
Success,2025-09-15 18:00:00,Visa,Tehran,452545.0,40
Fail,2025-09-22 00:00:00,Visa,Tehran,585954.0,48
Fail,2025-09-19 02:30:00,Mastercard,Tehran,585954.0,84
Fail,2025-09-22 14:55:00,Mastercard,Tehran,0.0,4
Fail,2025-09-15 08:08:00,Mastercard,Tehran,419089.0,60
Success,2025-09-30 17:07:00,Visa,Tehran,343679.0,39
Fail,2025-09-28 11:11:00,Discover,Ahvaz,200000.0,5
Fail,2025-09-24 14:02:00,American Express,Tehran,452545.0,97
Fail,2025-09-08 01:01:00,Visa,Tehran,177050.0,6
Fail,2025-09-11 02:37:00,Mastercard,Tehran,1000.0,14
Success,2025-09-29 09:00:00,Mastercard,Mashhad,1387769.0,70
Fail,2025-09-09 20:33:00,Mastercard,Tehran,0.0,78
Fail,2025-09-15 23:59:00,Visa,Tehran,1.0,12
Fail,2025-09-01 22:27:00,Visa,Tehran,1768588.0,62
Fail,2025-09-30 11:11:00,Visa,Tehran,471227.0,27
Success,2025-09-01 11:11:00,Visa,Tehran,0.0,54
Fail,2025-09-19 13:13:00,Mastercard,Tehran,1463119.0,91
Fail,2025-09-03 10:48:00,Visa,Shiraz,555555.0,12
Success,2025-09-10 14:55:00,American Express,Shiraz,450000.0,8
Success,2025-09-08 21:10:00,Visa,Tehran,1782689.0,74
Fail,2025-09-15 10:48:00,Discover,Unknown,99999.0,16
Fail,2025-09-10 09:09:00,Discover,Isfahan,583952.0,52
Success,2025-09-01 18:00:00,American Express,Tehran,343679.0,26
Fail,2025-09-29 21:10:00,American Express,Tehran,1387769.0,8
Success,2025-09-18 02:37:00,Nan,Tehran,471227.0,45
Fail,2025-09-02 19:51:00,Visa,Ahvaz,452545.0,94
Fail,2025-09-19 14:11:00,Mastercard,Tabriz,471227.0,84
Fail,2025-09-13 20:33:00,Mastercard,Tehran,1158713.0,81
Fail,2025-09-22 02:54:00,Visa,Qom,333333.0,19
Success,2025-09-01 07:08:00,Discover,Isfahan,123456.0,17
Fail,2025-09-02 11:11:00,Visa,Karaj,914282.0,65
Success,2025-09-29 11:11:00,American Express,Karaj,1472823.0,29
Fail,2025-09-16 00:00:00,Mastercard,Tabriz,471227.0,14
Fail,2025-09-15 00:00:00,Discover,Tehran,452545.0,17
Success,2025-09-13 19:51:00,Visa,Tabriz,452545.0,13
Fail,2025-09-16 05:56:00,Visa,Qom,914465.0,94
Success,2025-09-17 02:37:00,American Express,Tehran,471227.0,99
Success,2025-09-21 01:01:00,Mastercard,Shiraz,0.0,92
Fail,2025-09-29 07:32:00,Visa,Shiraz,1463119.0,63
Success,2025-09-29 07:08:00,Visa,Tehran,1578078.0,33
Fail,2025-09-07 16:40:00,Visa,Qom,99999.0,29
Fail,2025-09-24 20:33:00,Visa,Shiraz,200000.0,37
Fail,2025-09-26 05:56:00,Mastercard,Mashhad,2020587.5,83
Success,2025-09-17 07:08:00,Mastercard,Tehran,419089.0,46
Success,2025-09-07 12:34:00,Mastercard,Tehran,545116.0,24
Success,2025-09-13 21:23:00,Discover,Isfahan,419089.0,14
Fail,2025-09-05 12:34:00,American Express,Tehran,0.0,5
Fail,2025-09-26 21:23:00,American Express,Isfahan,452545.0,53
Fail,2025-09-17 13:13:00,Visa,Isfahan,1502601.0,89
Fail,2025-09-03 06:06:00,Discover,Shiraz,1463119.0,99
Success,2025-09-07 02:24:00,Nan,Shiraz,1502601.0,96
Fail,2025-09-26 14:55:00,Visa,Tehran,100.5,30
Success,2025-09-17 07:08:00,Visa,Mashhad,450000.0,60
Success,2025-09-07 12:12:00,Mastercard,Isfahan,976246.0,73
Fail,2025-09-21 02:30:00,Visa,Shiraz,5000.0,92
Fail,2025-09-01 07:07:00,Mastercard,Qom,1472823.0,28
Success,2025-09-17 19:51:00,Visa,Shiraz,1782689.0,26
Success,2025-09-30 02:30:00,American Express,Shiraz,1578078.0,18
Fail,2025-09-17 03:27:00,Discover,Tabriz,914282.0,36
Success,2025-09-11 21:21:00,Visa,Tabriz,0.0,8
Fail,2025-09-25 19:29:00,American Express,Isfahan,452545.0,18
Fail,2025-09-27 07:08:00,Discover,Tabriz,471227.0,84
Fail,2025-09-29 14:02:00,Visa,Karaj,1000.0,58
Success,2025-09-03 11:11:00,Visa,Qom,976246.0,32
Fail,2025-09-15 09:00:00,American Express,Tabriz,200000.0,94
Fail,2025-09-29 04:15:00,Visa,Tehran,0.0,49
Fail,2025-09-21 05:56:00,Mastercard,Mashhad,452545.0,48
Success,2025-09-11 12:12:00,Mastercard,Tehran,1782689.0,82
Success,2025-09-26 09:45:00,Visa,Tabriz,1158713.0,71
Fail,2025-09-28 23:17:00,Visa,Qom,0.0,65
Fail,2025-09-16 23:59:00,Visa,Isfahan,419089.0,93
Success,2025-09-25 19:40:00,Visa,Tehran,1782689.0,33
Success,2025-09-22 13:10:00,Visa,Mashhad,443463.0,50
Fail,2025-09-28 08:08:00,Discover,Tehran,1502601.0,4
Success,2025-09-09 21:21:00,Discover,Tehran,63489.0,84
Fail,2025-09-24 11:11:00,Visa,Shiraz,452545.0,36
Fail,2025-09-24 14:00:00,Discover,Tehran,914282.0,96
Success,2025-09-01 02:37:00,Discover,Tabriz,2020587.5,28
Fail,2025-09-29 00:00:00,Mastercard,Tehran,976246.0,3
Success,2025-09-25 23:59:00,Mastercard,Mashhad,471227.0,6
Success,2025-09-22 17:17:00,Mastercard,Tehran,452545.0,45
Fail,2025-09-16 23:17:00,American Express,Shiraz,50200.0,23
Fail,2025-09-09 08:59:00,Mastercard,Shiraz,471227.0,7
Success,2025-09-19 01:01:00,Mastercard,Shiraz,585954.0,61
Fail,2025-09-12 00:00:00,Mastercard,Tehran,1782689.0,65
Fail,2025-09-19 16:40:00,Discover,Mashhad,443463.0,6
Fail,2025-09-22 14:02:00,Discover,Tehran,205000.0,24
Success,2025-09-09 20:20:00,Mastercard,Tabriz,774681.0,37
Success,2025-09-07 23:59:00,Master Card,Karaj,452545.0,45
Fail,2025-09-14 02:37:00,American Express,Shiraz,583952.0,51
Fail,2025-09-29 14:02:00,Nan,Unknown,100.5,89
Fail,2025-09-19 12:34:00,Visa,Tehran,452545.0,45
Fail,2025-09-19 17:17:00,Visa,Isfahan,100.5,63
Success,2025-09-02 09:09:00,Mastercard,Karaj,900000.0,29
Success,2025-09-09 03:27:00,American Express,Tabriz,452545.0,97
Fail,2025-09-13 02:30:00,Nan,Tehran,250000.0,25
Fail,2025-09-15 16:16:00,American Express,Isfahan,452545.0,10
Fail,2025-09-03 21:23:00,Discover,Isfahan,555555.0,35
Fail,2025-09-11 21:23:00,Visa,Tehran,583952.0,55
Fail,2025-09-21 14:02:00,American Express,Mashhad,471227.0,25
Success,2025-09-14 19:19:00,Mastercard,Tehran,0.0,92
Fail,2025-09-30 00:00:00,Visa,Tehran,0.0,45
Fail,2025-09-25 19:40:00,American Express,Tehran,914465.0,97
Fail,2025-09-08 19:51:00,Visa,Karaj,200000.0,12
Fail,2025-09-18 03:27:00,Visa,Tabriz,976246.0,4
Success,2025-09-19 03:27:00,Visa,Tehran,976246.0,91
Fail,2025-09-16 14:00:00,Discover,Tehran,1578078.0,67
Fail,2025-09-02 17:07:00,Discover,Tabriz,0.0,17
Success,2025-09-08 19:29:00,Visa,Isfahan,177050.0,73
Fail,2025-09-22 12:12:00,Visa,Tabriz,419089.0,94
Success,2025-09-06 02:24:00,Visa,Tehran,200000.0,65
Success,2025-09-12 12:34:00,American Express,Isfahan,419089.0,82
Fail,2025-09-15 14:30:00,Mastercard,Isfahan,2020587.5,53
Fail,2025-09-25 14:55:00,Mastercard,Isfahan,250000.0,84
Fail,2025-09-08 08:08:00,Mastercard,Tehran,450000.0,57
Success,2025-09-04 14:11:00,Master Card,Isfahan,850000.0,99
Success,2025-09-15 03:00:00,Mastercard,Tehran,419089.0,28
Success,2025-09-28 18:45:00,Master Card,Tehran,545116.0,100
Success,2025-09-20 09:45:00,Discover,Karaj,177050.0,16
Fail,2025-09-25 14:11:00,Mastercard,Qom,443463.0,21
Success,2025-09-17 00:00:00,Mastercard,Tehran,1578078.0,77
Success,2025-09-13 19:19:00,Discover,Karaj,12345.0,100
Success,2025-09-18 21:10:00,Visa,Tehran,585954.0,42
Fail,2025-09-02 02:30:00,Mastercard,Tehran,1.0,54
Fail,2025-09-13 23:17:00,Visa,Mashhad,452545.0,32
Success,2025-09-13 02:54:00,Discover,Shiraz,100.5,38
Success,2025-09-22 09:00:00,Mastercard,Tehran,650000.0,70
Success,2025-09-15 04:15:00,Mastercard,Qom,1463119.0,38
Success,2025-09-20 17:07:00,Nan,Tehran,1387769.0,54
Success,2025-09-29 08:08:00,American Express,Karaj,200000.0,60
Success,2025-09-27 11:11:00,Mastercard,Shiraz,1578078.0,77
Fail,2025-09-10 04:15:00,Discover,Ahvaz,412308.0,77
Success,2025-09-29 14:02:00,Mastercard,Tehran,452545.0,47
Success,2025-09-03 14:11:00,Mastercard,Tabriz,1463119.0,12
Success,2025-09-19 05:56:00,Mastercard,Tehran,583952.0,53
Success,2025-09-03 02:30:00,Discover,Tehran,583952.0,33
Fail,2025-09-22 21:23:00,Mastercard,Tehran,1472823.0,28
Fail,2025-09-14 16:40:00,Mastercard,Tabriz,774681.0,3
Fail,2025-09-08 04:04:00,Visa,Shiraz,5000.0,82
Success,2025-09-27 16:16:00,Master Card,Karaj,0.0,26
Fail,2025-09-23 02:37:00,Discover,Shiraz,1463119.0,54
Fail,2025-09-30 06:06:00,Mastercard,Qom,976246.0,40
Fail,2025-09-04 19:51:00,Mastercard,Mashhad,177050.0,66
Success,2025-09-27 03:27:00,Mastercard,Isfahan,5000.0,68
Fail,2025-09-28 16:16:00,Mastercard,Tehran,452545.0,93
Fail,2025-09-20 09:09:00,Visa,Tehran,0.0,93
Success,2025-09-11 13:10:00,Discover,Tehran,1463119.0,90
Fail,2025-09-26 02:37:00,American Express,Mashhad,1387769.0,91
Success,2025-09-11 08:08:00,Mastercard,Tabriz,2020587.5,47
Fail,2025-09-27 23:59:00,Visa,Isfahan,452545.0,2
Success,2025-09-30 10:48:00,Visa,Unknown,452545.0,42
Success,2025-09-11 22:27:00,Mastercard,Ahvaz,2020587.5,34
Fail,2025-09-02 03:27:00,Visa,Tehran,583952.0,95
Fail,2025-09-30 10:48:00,Nan,Isfahan,205000.0,21
Fail,2025-09-17 14:11:00,Mastercard,Tabriz,976246.0,44
Success,2025-09-09 05:56:00,Visa,Ahvaz,2020587.5,88
Fail,2025-09-28 02:54:00,Discover,Ahvaz,1578078.0,98
Success,2025-09-28 04:40:00,American Express,Qom,545116.0,2
Fail,2025-09-02 14:11:00,Visa,Tehran,452545.0,92
Fail,2025-09-29 02:24:00,Mastercard,Tehran,412308.0,59
Fail,2025-09-24 08:59:00,Visa,Mashhad,333333.0,87
Fail,2025-09-15 05:56:00,Mastercard,Tabriz,419089.0,99
Fail,2025-09-16 10:48:00,Mastercard,Mashhad,177050.0,16
Success,2025-09-25 18:12:00,Visa,Tehran,583952.0,20
Fail,2025-09-04 07:08:00,Master Card,Tabriz,123456.0,26
Fail,2025-09-08 19:40:00,Visa,Shiraz,452545.0,16
Success,2025-09-09 11:11:00,Visa,Karaj,123456.0,70
Fail,2025-09-26 21:21:00,Discover,Tabriz,1158713.0,23
Success,2025-09-26 02:24:00,Mastercard,Qom,0.0,42
Fail,2025-09-05 21:21:00,Visa,Tabriz,1387769.0,37
Fail,2025-09-16 00:00:00,Visa,Tehran,583952.0,72
Fail,2025-09-13 22:27:00,Mastercard,Karaj,555555.0,6
Fail,2025-09-30 02:30:00,Visa,Karaj,976246.0,37
Success,2025-09-07 13:13:00,Visa,Tehran,1578078.0,22
Success,2025-09-26 14:11:00,American Express,Tehran,914282.0,6
Fail,2025-09-20 02:30:00,Visa,Tehran,0.0,32
Success,2025-09-17 14:00:00,Discover,Isfahan,0.0,17
Success,2025-09-03 18:00:00,Visa,Tehran,1472823.0,38
Fail,2025-09-05 13:13:00,Visa,Tehran,2020587.5,17
Fail,2025-09-19 02:30:00,American Express,Mashhad,177050.0,37
Success,2025-09-12 20:20:00,American Express,Tehran,419089.0,23
Fail,2025-09-29 04:40:00,Visa,Qom,452545.0,49
Success,2025-09-27 02:37:00,Discover,Karaj,200000.0,61
Success,2025-09-07 18:12:00,Discover,Mashhad,471227.0,49
Success,2025-09-28 05:56:00,Visa,Tehran,976246.0,61
Success,2025-09-09 21:23:00,Discover,Tehran,471227.0,77
Success,2025-09-28 07:32:00,Discover,Mashhad,452545.0,32
Success,2025-09-06 10:48:00,Mastercard,Tehran,452545.0,87
Fail,2025-09-29 14:11:00,American Express,Tehran,200000.0,63
Fail,2025-09-26 10:48:00,Nan,Tehran,452545.0,7
Fail,2025-09-17 15:45:00,Visa,Isfahan,419089.0,22
Success,2025-09-16 03:00:00,Visa,Tabriz,1578078.0,85
Success,2025-09-23 21:10:00,Mastercard,Tabriz,976246.0,6
Success,2025-09-03 10:48:00,Visa,Tehran,2020587.5,61
Fail,2025-09-21 11:11:00,Visa,Karaj,0.0,14
Success,2025-09-26 19:51:00,Mastercard,Tehran,1578078.0,16
Success,2025-09-04 04:15:00,Mastercard,Tehran,1782689.0,3
Success,2025-09-10 07:08:00,Discover,Mashhad,343679.0,9
Success,2025-09-05 12:34:00,Discover,Shiraz,63489.0,47
Success,2025-09-21 04:40:00,Mastercard,Tehran,343679.0,85
Fail,2025-09-22 04:04:00,Visa,Isfahan,0.0,95
Success,2025-09-30 09:00:00,Visa,Tabriz,200000.0,95
Fail,2025-09-10 12:12:00,Mastercard,Tehran,555555.0,42
Fail,2025-09-12 04:15:00,Visa,Tehran,200000.0,42
Fail,2025-09-10 04:40:00,Visa,Mashhad,1768588.0,97
Fail,2025-09-29 09:00:00,Discover,Mashhad,976246.0,23
Success,2025-09-13 13:13:00,Visa,Tehran,0.0,3
Fail,2025-09-11 06:06:00,Discover,Isfahan,100000.0,1
Success,2025-09-22 14:00:00,Discover,Karaj,1883871.0,67
Fail,2025-09-16 22:27:00,Visa,Isfahan,1158713.0,71
Fail,2025-09-08 17:07:00,Visa,Tabriz,850000.0,3
Success,2025-09-08 01:51:00,Discover,Ahvaz,300000.0,49
Fail,2025-09-27 21:23:00,Discover,Tehran,1387769.0,67
Fail,2025-09-25 18:00:00,Visa,Ahvaz,914282.0,55
Success,2025-09-08 08:59:00,Visa,Karaj,12345.0,4
Fail,2025-09-13 16:16:00,Visa,Tehran,5000.0,31
Success,2025-09-27 10:48:00,Visa,Ahvaz,471227.0,66
Success,2025-09-02 03:27:00,American Express,Tehran,177050.0,78
Fail,2025-09-30 18:45:00,Visa,Karaj,419089.0,64
Fail,2025-09-30 21:23:00,Visa,Shiraz,555555.0,31
Success,2025-09-12 14:11:00,Visa,Karaj,976246.0,63
Success,2025-09-10 02:37:00,Mastercard,Tehran,976246.0,66
Fail,2025-09-12 04:04:00,Mastercard,Karaj,1768588.0,31
Success,2025-09-11 07:08:00,Visa,Ahvaz,914465.0,47
Success,2025-09-15 23:59:00,Visa,Tabriz,177050.0,22
Success,2025-09-16 00:00:00,Mastercard,Tehran,1472823.0,74
Success,2025-09-17 09:00:00,Discover,Mashhad,0.0,95
Success,2025-09-26 08:08:00,Visa,Tehran,419089.0,98
Success,2025-09-02 14:55:00,Mastercard,Ahvaz,976246.0,83
Fail,2025-09-18 04:15:00,Visa,Isfahan,177050.0,46
Success,2025-09-12 21:23:00,Mastercard,Tehran,443463.0,90
Fail,2025-09-19 12:34:00,Mastercard,Tabriz,12345.0,58
Success,2025-09-26 05:56:00,Visa,Tehran,1578078.0,61
Fail,2025-09-23 06:06:00,Discover,Tehran,452545.0,46
Fail,2025-09-18 01:51:00,Visa,Qom,1463119.0,1
Fail,2025-09-30 02:37:00,Discover,Tehran,452545.0,97
Fail,2025-09-17 09:45:00,Mastercard,Mashhad,452545.0,25
Fail,2025-09-30 02:37:00,Mastercard,Shiraz,0.0,61
Success,2025-09-06 19:19:00,Discover,Karaj,177050.0,81
Fail,2025-09-25 07:32:00,Mastercard,Isfahan,1000.0,14
Success,2025-09-15 03:27:00,Mastercard,Shiraz,12345.0,45
Fail,2025-09-03 02:20:00,Visa,Isfahan,100.5,77
Success,2025-09-06 17:17:00,American Express,Shiraz,63489.0,39
Success,2025-09-03 10:48:00,Mastercard,Tabriz,0.0,66
Success,2025-09-30 10:05:00,Visa,Tehran,0.0,32
Fail,2025-09-29 03:00:00,Mastercard,Tehran,250000.0,97
Success,2025-09-01 17:07:00,Visa,Mashhad,471227.0,58
Fail,2025-09-30 14:02:00,Mastercard,Tabriz,900000.0,56
Success,2025-09-13 19:19:00,Mastercard,Qom,650000.0,6
Fail,2025-09-28 02:20:00,Visa,Isfahan,0.0,90
Success,2025-09-21 14:30:00,Visa,Tabriz,452545.0,67
Fail,2025-09-26 08:59:00,Visa,Tabriz,914465.0,82
Success,2025-09-14 11:11:00,Mastercard,Tehran,419089.0,50
Fail,2025-09-13 14:11:00,Master Card,Ahvaz,177050.0,38
Fail,2025-09-27 09:09:00,American Express,Tabriz,914465.0,3
Fail,2025-09-04 12:44:00,Mastercard,Ahvaz,2020587.5,5
Success,2025-09-07 02:30:00,Visa,Mashhad,850000.0,24
Success,2025-09-22 14:00:00,Visa,Tehran,583952.0,54
Fail,2025-09-10 08:08:00,American Express,Tehran,419089.0,34
Success,2025-09-07 07:32:00,Mastercard,Tehran,914282.0,39
Fail,2025-09-21 04:40:00,Discover,Qom,1782689.0,89
Fail,2025-09-15 04:04:00,Nan,Tehran,0.0,93
Fail,2025-09-15 00:00:00,Discover,Karaj,1463119.0,48
Success,2025-09-04 07:08:00,Mastercard,Karaj,585954.0,49
Success,2025-09-23 12:12:00,American Express,Tabriz,471227.0,34
Success,2025-09-23 06:06:00,Mastercard,Qom,0.0,80
Fail,2025-09-06 00:00:00,Mastercard,Tabriz,12345.0,7
Success,2025-09-24 21:21:00,Discover,Tehran,555555.0,18
Success,2025-09-20 13:13:00,Mastercard,Isfahan,583952.0,70
Fail,2025-09-26 19:51:00,Mastercard,Ahvaz,450000.0,93
Success,2025-09-05 02:37:00,Mastercard,Mashhad,452545.0,34
Fail,2025-09-20 06:30:00,American Express,Isfahan,471227.0,51
Fail,2025-09-12 02:54:00,Visa,Isfahan,1578078.0,94
Fail,2025-09-01 11:11:00,Visa,Mashhad,452545.0,68
Success,2025-09-28 01:01:00,Mastercard,Tabriz,1000.0,14
Success,2025-09-08 12:12:00,American Express,Shiraz,200000.0,69
Fail,2025-09-01 00:00:00,Visa,Tehran,1050805.0,90
Fail,2025-09-05 19:19:00,Mastercard,Ahvaz,1578078.0,8
Fail,2025-09-22 07:08:00,Discover,Tehran,1387769.0,15
Success,2025-09-06 12:12:00,Visa,Shiraz,914282.0,83
Fail,2025-09-29 13:10:00,Discover,Mashhad,1463119.0,59
Fail,2025-09-21 06:30:00,American Express,Ahvaz,1427657.0,11
Fail,2025-09-03 14:11:00,Visa,Karaj,300000.0,20
Success,2025-09-15 20:33:00,Visa,Tabriz,205000.0,55
Success,2025-09-05 19:40:00,Visa,Karaj,120000.0,36
Fail,2025-09-28 14:30:00,Discover,Tehran,452545.0,82
Fail,2025-09-24 02:30:00,Visa,Tehran,1782689.0,14
Success,2025-09-14 03:27:00,American Express,Tehran,452545.0,58
Fail,2025-09-18 12:34:00,Discover,Tehran,177050.0,38
Success,2025-09-16 02:24:00,Mastercard,Tabriz,914282.0,90
Fail,2025-09-06 22:27:00,Visa,Tehran,452545.0,80
Fail,2025-09-25 14:30:00,Visa,Mashhad,300000.0,82
Success,2025-09-24 07:07:00,Mastercard,Tehran,452545.0,1
Fail,2025-09-14 01:51:00,Discover,Tabriz,900000.0,65
Fail,2025-09-27 19:51:00,Visa,Qom,0.0,1
Success,2025-09-24 02:37:00,Visa,Isfahan,177050.0,85
Success,2025-09-08 11:11:00,Discover,Isfahan,1387769.0,60
Success,2025-09-29 12:34:00,Mastercard,Qom,5000.0,25
Success,2025-09-07 20:20:00,Visa,Qom,1768588.0,92
Success,2025-09-08 14:11:00,Mastercard,Isfahan,0.0,10
Success,2025-09-13 21:23:00,Discover,Tehran,914282.0,50
Success,2025-09-06 23:59:00,Mastercard,Tehran,177050.0,12
Success,2025-09-18 07:08:00,Discover,Tehran,1463119.0,93
Fail,2025-09-02 14:00:00,Visa,Unknown,452545.0,32
Fail,2025-09-08 18:45:00,Mastercard,Ahvaz,177050.0,33
Success,2025-09-11 08:08:00,Mastercard,Ahvaz,1.0,72
Success,2025-09-01 23:17:00,Visa,Qom,452545.0,26
Success,2025-09-22 14:55:00,Discover,Isfahan,200000.0,42
Fail,2025-09-29 15:45:00,Visa,Shiraz,1387769.0,50
Fail,2025-09-06 10:48:00,Visa,Tehran,100.5,61
Fail,2025-09-16 07:08:00,Mastercard,Ahvaz,1883871.0,41
Fail,2025-09-27 03:27:00,Mastercard,Qom,452545.0,57
Success,2025-09-20 07:32:00,Mastercard,Tehran,343679.0,2
Success,2025-09-12 14:30:00,Visa,Shiraz,1305967.0,100
Success,2025-09-11 07:08:00,American Express,Tehran,63489.0,99
Success,2025-09-29 19:40:00,Visa,Mashhad,1387769.0,70
Fail,2025-09-27 07:32:00,Discover,Tehran,914465.0,31
Success,2025-09-29 16:16:00,Mastercard,Karaj,12345.0,23
Success,2025-09-10 11:11:00,Nan,Mashhad,452545.0,76
Fail,2025-09-03 13:13:00,Visa,Isfahan,412308.0,54
Success,2025-09-13 18:45:00,Visa,Tehran,1427657.0,28
Success,2025-09-27 08:59:00,Mastercard,Tehran,1578078.0,79
Fail,2025-09-03 21:23:00,Discover,Tehran,976246.0,19
Success,2025-09-15 17:17:00,American Express,Tabriz,205000.0,76
Success,2025-09-16 02:37:00,Visa,Karaj,1472823.0,48
Success,2025-09-29 17:17:00,Visa,Tehran,900000.0,2
Success,2025-09-13 22:27:00,Discover,Qom,177050.0,11
Fail,2025-09-17 17:07:00,Mastercard,Tabriz,452545.0,44
Fail,2025-09-03 13:13:00,Mastercard,Karaj,123456.0,59
Fail,2025-09-20 06:30:00,Visa,Tehran,2020587.5,59
Fail,2025-09-11 03:27:00,Mastercard,Karaj,914282.0,38
Success,2025-09-27 17:07:00,Discover,Tabriz,850000.0,25
Fail,2025-09-21 13:10:00,Discover,Tehran,471227.0,21
Fail,2025-09-19 12:44:00,Visa,Shiraz,452545.0,42
Fail,2025-09-22 23:17:00,Mastercard,Mashhad,177050.0,36
Fail,2025-09-11 12:44:00,Discover,Shiraz,1427657.0,9
Success,2025-09-30 02:20:00,Visa,Tehran,900000.0,12
Fail,2025-09-28 22:27:00,Mastercard,Tehran,583952.0,10
Success,2025-09-16 10:48:00,Mastercard,Isfahan,419089.0,59
Success,2025-09-21 01:01:00,Discover,Tabriz,99999.0,5
Fail,2025-09-03 04:40:00,Visa,Shiraz,452545.0,33
Fail,2025-09-22 21:10:00,Discover,Isfahan,412308.0,69
Success,2025-09-06 11:11:00,Mastercard,Karaj,0.0,80
Fail,2025-09-14 14:11:00,Discover,Ahvaz,200000.0,63
Success,2025-09-24 02:30:00,Visa,Tehran,200000.0,29
Fail,2025-09-18 02:37:00,Visa,Tehran,120000.0,18
Success,2025-09-17 19:19:00,Mastercard,Ahvaz,200000.0,94
Fail,2025-09-04 19:51:00,American Express,Shiraz,2020587.5,6
Success,2025-09-23 16:40:00,Mastercard,Tehran,1427657.0,53
Success,2025-09-15 20:20:00,Nan,Tabriz,976246.0,82
Fail,2025-09-11 01:51:00,Mastercard,Isfahan,471227.0,32
Success,2025-09-26 03:27:00,Mastercard,Tehran,205000.0,42
Fail,2025-09-03 05:23:00,Mastercard,Mashhad,0.0,47
Success,2025-09-03 21:23:00,American Express,Mashhad,177050.0,31
Success,2025-09-16 14:30:00,Visa,Shiraz,1472823.0,62
Fail,2025-09-05 11:11:00,Discover,Tehran,443463.0,56
Success,2025-09-21 03:27:00,Mastercard,Tehran,1000.0,11
Success,2025-09-29 07:08:00,Nan,Isfahan,583952.0,26
Success,2025-09-10 14:30:00,American Express,Tehran,452545.0,93
Fail,2025-09-19 00:00:00,Mastercard,Ahvaz,343679.0,27
Fail,2025-09-25 05:23:00,Mastercard,Shiraz,0.0,83
Fail,2025-09-04 19:51:00,Discover,Tabriz,250000.0,57
Fail,2025-09-29 20:20:00,Mastercard,Tehran,1768588.0,27
Success,2025-09-29 18:45:00,Visa,Tehran,850000.0,59
Fail,2025-09-19 19:40:00,Mastercard,Karaj,452545.0,62
Fail,2025-09-11 13:10:00,Visa,Unknown,0.0,20
Fail,2025-09-02 06:30:00,American Express,Tabriz,300000.0,3
Fail,2025-09-10 08:59:00,Visa,Ahvaz,2020587.5,16
Fail,2025-09-29 07:07:00,Discover,Tehran,0.0,44
Fail,2025-09-11 21:23:00,Mastercard,Tehran,650000.0,94
Success,2025-09-25 02:20:00,Visa,Tehran,343679.0,79
Fail,2025-09-20 21:23:00,Mastercard,Mashhad,1387769.0,30
Success,2025-09-16 09:45:00,Mastercard,Tehran,976246.0,40
Success,2025-09-19 04:04:00,American Express,Qom,419089.0,65
Fail,2025-09-23 08:08:00,Visa,Tabriz,100.5,29
Fail,2025-09-24 14:11:00,Discover,Tehran,99999.0,30
Fail,2025-09-11 19:19:00,Mastercard,Tabriz,1387769.0,32
Fail,2025-09-14 18:45:00,American Express,Tehran,250000.0,10
Success,2025-09-02 19:29:00,American Express,Tehran,976246.0,92
Success,2025-09-23 19:51:00,Mastercard,Shiraz,177050.0,51
Fail,2025-09-28 07:07:00,Master Card,Isfahan,177050.0,8
Success,2025-09-05 03:27:00,Nan,Tehran,100000.0,51
Success,2025-09-27 17:17:00,Discover,Tehran,1.0,36
Success,2025-09-05 15:45:00,Discover,Isfahan,0.0,55
Fail,2025-09-19 03:27:00,American Express,Shiraz,343679.0,35
Fail,2025-09-21 17:07:00,Visa,Tehran,0.0,36
Success,2025-09-12 11:11:00,Discover,Tabriz,914282.0,56
Success,2025-09-18 02:54:00,Visa,Isfahan,1578078.0,36
Fail,2025-09-04 11:11:00,Visa,Mashhad,419089.0,90
Success,2025-09-22 21:23:00,American Express,Tabriz,443463.0,84
Success,2025-09-17 02:37:00,Discover,Karaj,1502601.0,61
Fail,2025-09-10 19:51:00,Visa,Tehran,585954.0,62
Fail,2025-09-20 20:20:00,Mastercard,Karaj,452545.0,81
Fail,2025-09-06 14:11:00,Mastercard,Mashhad,1050805.0,88
Fail,2025-09-25 14:55:00,Mastercard,Tabriz,100.5,25
Fail,2025-09-14 19:51:00,Discover,Mashhad,419089.0,64
Success,2025-09-11 02:37:00,Visa,Karaj,1578078.0,60
Fail,2025-09-11 23:17:00,Visa,Mashhad,976246.0,57
Success,2025-09-29 11:11:00,Discover,Tehran,452545.0,96
Fail,2025-09-18 10:48:00,Visa,Tehran,976246.0,70
Success,2025-09-27 14:55:00,Mastercard,Ahvaz,1050805.0,100
Fail,2025-09-23 02:30:00,Visa,Tabriz,452545.0,52
Fail,2025-09-22 10:48:00,Visa,Tehran,120000.0,56
Fail,2025-09-18 18:12:00,Mastercard,Shiraz,0.0,63
Success,2025-09-24 19:51:00,American Express,Isfahan,120000.0,68
Fail,2025-09-23 02:37:00,Visa,Qom,914465.0,20
Fail,2025-09-11 12:12:00,Master Card,Mashhad,976246.0,54
Fail,2025-09-21 14:11:00,American Express,Tehran,471227.0,1
Fail,2025-09-12 19:51:00,Visa,Mashhad,200000.0,91
Success,2025-09-05 07:32:00,Visa,Tehran,914282.0,99
Success,2025-09-23 03:00:00,American Express,Qom,1578078.0,10
Success,2025-09-09 02:20:00,Discover,Shiraz,1502601.0,23
Fail,2025-09-27 00:00:00,Nan,Ahvaz,100000.0,51
Success,2025-09-25 21:21:00,American Express,Tehran,177050.0,24
Fail,2025-09-09 23:59:00,Mastercard,Isfahan,452545.0,13
Fail,2025-09-22 23:59:00,Visa,Isfahan,0.0,29
Success,2025-09-10 23:17:00,Mastercard,Mashhad,200000.0,58
Success,2025-09-22 22:27:00,Mastercard,Tehran,300000.0,92
Fail,2025-09-19 20:20:00,Mastercard,Tehran,452545.0,96
Fail,2025-09-01 21:10:00,Discover,Tehran,0.0,43
Fail,2025-09-07 14:30:00,Visa,Tabriz,419089.0,10
Success,2025-09-04 06:06:00,Mastercard,Mashhad,452545.0,31
Fail,2025-09-01 06:30:00,American Express,Tabriz,200000.0,74
Fail,2025-09-15 23:59:00,Nan,Isfahan,200000.0,89
Fail,2025-09-08 21:21:00,Visa,Tehran,120000.0,98
Success,2025-09-12 14:00:00,Visa,Tehran,12345.0,14
Success,2025-09-22 21:21:00,Visa,Isfahan,545116.0,100
Fail,2025-09-22 08:08:00,Visa,Isfahan,2020587.5,34
Success,2025-09-18 12:44:00,Mastercard,Tabriz,120000.0,17
Fail,2025-09-15 00:00:00,Visa,Tabriz,0.0,21
Success,2025-09-17 02:30:00,American Express,Ahvaz,452545.0,97
Fail,2025-09-29 12:44:00,Mastercard,Tabriz,0.0,67
Fail,2025-09-14 13:10:00,American Express,Karaj,1158713.0,58
Fail,2025-09-14 01:51:00,Mastercard,Isfahan,1782689.0,79
Success,2025-09-18 23:59:00,American Express,Ahvaz,452545.0,8
Success,2025-09-20 02:30:00,Discover,Tehran,0.0,97
Success,2025-09-18 15:45:00,Visa,Tehran,545116.0,38
Fail,2025-09-16 07:08:00,American Express,Karaj,1387769.0,26
Success,2025-09-01 04:40:00,Mastercard,Tehran,1000.0,64
Success,2025-09-23 08:59:00,Visa,Tehran,419089.0,30
Success,2025-09-27 04:04:00,Discover,Tehran,1472823.0,9
Success,2025-09-11 08:08:00,Mastercard,Tehran,0.0,32
Fail,2025-09-15 21:23:00,Mastercard,Tehran,0.0,11
Success,2025-09-12 00:00:00,Visa,Tabriz,452545.0,87
Fail,2025-09-08 12:34:00,Discover,Tehran,1578078.0,34
Success,2025-09-22 22:27:00,Visa,Ahvaz,452545.0,18
Fail,2025-09-20 02:54:00,Discover,Isfahan,343679.0,19
Success,2025-09-30 17:17:00,Mastercard,Tehran,914282.0,54
Success,2025-09-06 06:30:00,American Express,Qom,120000.0,82
Fail,2025-09-03 10:05:00,Mastercard,Tehran,2020587.5,37
Success,2025-09-28 14:11:00,Mastercard,Karaj,0.0,82
Success,2025-09-24 07:32:00,Mastercard,Qom,2020587.5,12
Fail,2025-09-26 21:23:00,Discover,Qom,200000.0,4
Fail,2025-09-30 23:59:00,Mastercard,Unknown,1463119.0,43
Fail,2025-09-13 02:24:00,Mastercard,Tehran,1502601.0,27
Fail,2025-09-13 00:00:00,Discover,Shiraz,419089.0,51
Success,2025-09-02 21:23:00,Visa,Mashhad,1578078.0,5
Fail,2025-09-05 23:59:00,Mastercard,Tabriz,850000.0,6
Fail,2025-09-17 08:08:00,Discover,Karaj,452545.0,77
Fail,2025-09-06 23:17:00,Mastercard,Shiraz,976246.0,88
Fail,2025-09-02 11:11:00,Mastercard,Tehran,12345.0,56
Fail,2025-09-04 18:00:00,Mastercard,Tehran,1463119.0,90
Success,2025-09-22 14:00:00,Mastercard,Qom,177050.0,68
Fail,2025-09-26 12:12:00,Mastercard,Tabriz,583952.0,97
Fail,2025-09-11 02:30:00,American Express,Mashhad,1578078.0,44
Success,2025-09-08 21:23:00,Visa,Isfahan,1782689.0,15
Fail,2025-09-12 21:10:00,Mastercard,Tabriz,0.0,91
Success,2025-09-08 19:51:00,Mastercard,Qom,0.0,42
Fail,2025-09-11 23:59:00,Mastercard,Shiraz,250000.0,11
Success,2025-09-22 07:08:00,American Express,Qom,0.0,73
Fail,2025-09-20 03:27:00,Visa,Tehran,177050.0,11
Success,2025-09-08 03:00:00,Discover,Tabriz,1.0,66
Fail,2025-09-29 12:12:00,Mastercard,Isfahan,1578078.0,27
Fail,2025-09-08 21:23:00,Mastercard,Shiraz,0.0,58
Success,2025-09-26 02:30:00,Mastercard,Qom,63489.0,91
Fail,2025-09-30 21:23:00,Mastercard,Tehran,1578078.0,72
Success,2025-09-17 10:48:00,Visa,Tabriz,205000.0,21
Fail,2025-09-20 12:12:00,Discover,Tabriz,99999.0,21
Success,2025-09-20 08:08:00,Discover,Karaj,471227.0,72
Success,2025-09-23 04:04:00,Visa,Tehran,452545.0,1
Fail,2025-09-16 14:02:00,Visa,Tabriz,300000.0,58
Success,2025-09-14 03:00:00,Mastercard,Tehran,914465.0,13
Success,2025-09-30 14:11:00,Mastercard,Tabriz,545116.0,73
Fail,2025-09-11 11:11:00,Visa,Tehran,443463.0,93
Fail,2025-09-07 09:09:00,Visa,Tabriz,976246.0,6
Success,2025-09-16 01:01:00,Master Card,Tabriz,2020587.5,88
Fail,2025-09-13 12:34:00,Mastercard,Mashhad,100.5,58
Fail,2025-09-27 07:07:00,Mastercard,Tabriz,452545.0,17
Fail,2025-09-15 02:30:00,Mastercard,Qom,443463.0,73
Fail,2025-09-24 05:56:00,Mastercard,Isfahan,1502601.0,12
Fail,2025-09-16 11:11:00,Master Card,Karaj,452545.0,87
Fail,2025-09-27 18:45:00,Mastercard,Tehran,452545.0,52
Fail,2025-09-21 19:51:00,Mastercard,Isfahan,555555.0,76
Fail,2025-09-23 17:17:00,Mastercard,Tehran,585954.0,70
Fail,2025-09-24 07:32:00,American Express,Tabriz,850000.0,73
Fail,2025-09-09 14:11:00,Visa,Tehran,1578078.0,52
Fail,2025-09-03 19:29:00,Mastercard,Isfahan,1502601.0,37
Success,2025-09-19 00:00:00,Mastercard,Shiraz,452545.0,3
Success,2025-09-20 19:51:00,Discover,Mashhad,452545.0,99
Success,2025-09-05 19:51:00,Visa,Tabriz,0.0,8
Success,2025-09-10 03:27:00,Visa,Ahvaz,452545.0,10
Fail,2025-09-17 07:32:00,Visa,Tehran,100.5,47
Success,2025-09-15 04:04:00,Mastercard,Tabriz,914282.0,41
Success,2025-09-23 12:44:00,Visa,Shiraz,443463.0,64
Fail,2025-09-25 02:24:00,Mastercard,Tehran,1578078.0,42
Fail,2025-09-08 04:15:00,Discover,Karaj,300000.0,43
Success,2025-09-15 07:07:00,Visa,Tehran,850000.0,9
Fail,2025-09-21 02:54:00,American Express,Karaj,452545.0,14
Fail,2025-09-30 19:29:00,Discover,Tehran,1.0,92
Success,2025-09-14 04:15:00,Mastercard,Mashhad,1502601.0,97
Success,2025-09-20 17:07:00,Visa,Isfahan,0.0,4
Fail,2025-09-28 23:59:00,Visa,Unknown,200000.0,2
Success,2025-09-07 15:45:00,Discover,Tehran,452545.0,98
Fail,2025-09-21 07:08:00,Discover,Tehran,1463119.0,85
Fail,2025-09-23 06:06:00,Discover,Tehran,0.0,1
Fail,2025-09-12 19:40:00,Mastercard,Tehran,452545.0,75
Success,2025-09-17 17:17:00,Mastercard,Tabriz,177050.0,65
Success,2025-09-17 10:05:00,Mastercard,Isfahan,1158713.0,46
Success,2025-09-10 14:02:00,Visa,Tabriz,650000.0,59
Success,2025-09-30 19:40:00,Mastercard,Tehran,343679.0,75
Fail,2025-09-29 16:40:00,American Express,Tabriz,99999.0,7
Fail,2025-09-19 09:00:00,Visa,Karaj,100.5,66
Success,2025-09-14 07:07:00,American Express,Unknown,1578078.0,15
Fail,2025-09-11 14:55:00,Visa,Karaj,123456.0,72
Success,2025-09-02 13:10:00,Mastercard,Isfahan,452545.0,47
Fail,2025-09-18 18:12:00,Discover,Karaj,1000.0,91
Fail,2025-09-07 11:11:00,Visa,Mashhad,1472823.0,40
Fail,2025-09-12 07:07:00,Master Card,Ahvaz,0.0,42
Fail,2025-09-26 02:24:00,Mastercard,Tehran,1768588.0,51
Fail,2025-09-02 09:00:00,Mastercard,Shiraz,1427657.0,35
Fail,2025-09-27 17:17:00,American Express,Ahvaz,1578078.0,41
Success,2025-09-20 09:09:00,Visa,Ahvaz,583952.0,85
Success,2025-09-18 19:29:00,Nan,Tehran,452545.0,57
Fail,2025-09-06 22:27:00,Mastercard,Tehran,900000.0,38
Fail,2025-09-24 16:40:00,Visa,Isfahan,443463.0,72
Success,2025-09-10 14:30:00,Mastercard,Mashhad,300000.0,97
Fail,2025-09-20 06:06:00,Visa,Tabriz,2020587.5,8
Success,2025-09-15 19:51:00,Visa,Tabriz,452545.0,74
Fail,2025-09-05 00:00:00,American Express,Tehran,0.0,63
Fail,2025-09-20 19:51:00,Mastercard,Karaj,1463119.0,88
Fail,2025-09-03 09:00:00,American Express,Tehran,471227.0,4
Fail,2025-09-05 02:30:00,American Express,Tehran,774681.0,48
Success,2025-09-30 10:48:00,Visa,Tehran,343679.0,52
Success,2025-09-25 02:20:00,Mastercard,Tabriz,12345.0,38
Fail,2025-09-08 05:23:00,Discover,Mashhad,100.5,95
Success,2025-09-08 09:09:00,Visa,Ahvaz,0.0,88
Success,2025-09-08 17:07:00,Visa,Tehran,200000.0,5
Success,2025-09-12 07:08:00,Discover,Shiraz,300000.0,85
Fail,2025-09-24 18:45:00,Master Card,Tehran,452545.0,70
Fail,2025-09-23 06:06:00,Visa,Tehran,333333.0,81
Success,2025-09-08 19:40:00,Visa,Tehran,1578078.0,90
Success,2025-09-11 23:59:00,Visa,Tehran,419089.0,24
Success,2025-09-14 10:05:00,American Express,Tehran,0.0,87
Success,2025-09-08 10:48:00,Mastercard,Mashhad,1.0,77
Fail,2025-09-29 12:12:00,Visa,Tehran,2020587.5,17
Success,2025-09-30 07:07:00,Visa,Qom,452545.0,78
Fail,2025-09-24 22:27:00,Visa,Tabriz,583952.0,99
Success,2025-09-28 09:00:00,Mastercard,Ahvaz,1768588.0,91
Success,2025-09-10 12:12:00,Visa,Shiraz,914465.0,83
Fail,2025-09-07 19:40:00,Mastercard,Qom,1502601.0,26
Fail,2025-09-28 06:30:00,Visa,Karaj,450000.0,3
Success,2025-09-17 07:32:00,Mastercard,Mashhad,452545.0,2
Success,2025-09-04 16:40:00,Mastercard,Tabriz,177050.0,93
Fail,2025-09-29 22:27:00,Mastercard,Shiraz,2020587.5,2
Fail,2025-09-13 20:20:00,Visa,Tehran,1050805.0,22
Fail,2025-09-04 02:30:00,Discover,Qom,1427657.0,71
Fail,2025-09-05 14:55:00,Mastercard,Shiraz,123456.0,4
Fail,2025-09-26 03:27:00,Visa,Tehran,471227.0,38
Fail,2025-09-22 04:40:00,Visa,Mashhad,471227.0,84
Success,2025-09-04 09:09:00,Mastercard,Unknown,2020587.5,70
Success,2025-09-18 14:00:00,Master Card,Tehran,1502601.0,73
Success,2025-09-06 21:10:00,Mastercard,Qom,333333.0,52
Success,2025-09-24 19:40:00,Mastercard,Tabriz,100000.0,31
Fail,2025-09-24 07:32:00,Visa,Mashhad,452545.0,26
Success,2025-09-23 13:13:00,Visa,Tehran,1000.0,36
Fail,2025-09-22 04:04:00,Discover,Tabriz,12345.0,26
Success,2025-09-02 09:09:00,Visa,Tabriz,914465.0,28
Fail,2025-09-23 14:30:00,Visa,Tabriz,976246.0,5
Success,2025-09-11 18:45:00,Mastercard,Tehran,123456.0,74
Fail,2025-09-28 01:01:00,American Express,Karaj,450000.0,18
Fail,2025-09-14 07:32:00,Discover,Tabriz,452545.0,15
Success,2025-09-30 07:08:00,Visa,Isfahan,452545.0,57
Success,2025-09-05 19:51:00,Visa,Tehran,200000.0,98
Fail,2025-09-06 09:09:00,Mastercard,Tehran,850000.0,5
Success,2025-09-10 18:00:00,Visa,Tehran,177050.0,37
Fail,2025-09-08 15:45:00,Nan,Karaj,471227.0,87
Fail,2025-09-14 16:16:00,Mastercard,Karaj,1000.0,87
Fail,2025-09-24 12:12:00,Discover,Isfahan,0.0,22
Fail,2025-09-03 21:23:00,American Express,Tehran,2020587.5,52
Success,2025-09-12 02:37:00,Mastercard,Tehran,63489.0,15
Fail,2025-09-16 21:10:00,American Express,Qom,12345.0,17
Fail,2025-09-28 10:48:00,Mastercard,Karaj,914282.0,51
Success,2025-09-30 04:40:00,Mastercard,Tehran,452545.0,45
Fail,2025-09-23 22:27:00,Mastercard,Tabriz,1000.0,63
Fail,2025-09-17 06:30:00,American Express,Tabriz,0.0,28
Fail,2025-09-01 09:00:00,Visa,Tehran,200000.0,59
Success,2025-09-23 21:21:00,Visa,Ahvaz,177050.0,87
Fail,2025-09-10 12:12:00,Discover,Tabriz,452545.0,21
Fail,2025-09-25 02:37:00,Mastercard,Mashhad,452545.0,42
Success,2025-09-23 15:45:00,Discover,Tehran,452545.0,81
Fail,2025-09-10 11:11:00,American Express,Ahvaz,583952.0,69
Fail,2025-09-21 19:51:00,Visa,Tehran,452545.0,82
Success,2025-09-24 17:17:00,Mastercard,Tehran,2020587.5,17
Success,2025-09-02 11:11:00,Visa,Ahvaz,100.5,68
Success,2025-09-09 14:11:00,Visa,Qom,583952.0,7
Success,2025-09-22 01:51:00,American Express,Karaj,1768588.0,90
Fail,2025-09-13 14:02:00,Visa,Tehran,850000.0,40
Success,2025-09-25 10:48:00,Visa,Tehran,1883871.0,40
Success,2025-09-16 20:20:00,Nan,Ahvaz,120000.0,43
Success,2025-09-18 09:09:00,American Express,Tehran,914465.0,73
Success,2025-09-19 03:00:00,American Express,Isfahan,343679.0,83
Fail,2025-09-12 12:12:00,Visa,Tabriz,1387769.0,51
Fail,2025-09-08 00:00:00,Mastercard,Tehran,1305967.0,73
Fail,2025-09-17 12:12:00,Mastercard,Tehran,585954.0,23
Success,2025-09-15 05:23:00,Mastercard,Tehran,2020587.5,96
Fail,2025-09-10 09:00:00,Visa,Tehran,452545.0,32
Success,2025-09-15 19:51:00,Mastercard,Tehran,452545.0,31
Fail,2025-09-15 00:00:00,Discover,Ahvaz,343679.0,17
Success,2025-09-23 14:55:00,Visa,Tehran,333333.0,58
Fail,2025-09-07 20:33:00,Visa,Karaj,250000.0,87
Fail,2025-09-13 17:07:00,Mastercard,Qom,0.0,35
Fail,2025-09-17 03:27:00,Visa,Unknown,1050805.0,30
Success,2025-09-09 02:37:00,Discover,Tehran,471227.0,64
Fail,2025-09-08 13:13:00,Discover,Tehran,5000.0,53
Success,2025-09-20 06:30:00,Mastercard,Isfahan,555555.0,51
Success,2025-09-26 02:37:00,Mastercard,Mashhad,200000.0,37
Fail,2025-09-27 16:40:00,Visa,Tehran,100.5,91
Success,2025-09-21 08:08:00,Mastercard,Tehran,976246.0,6
Success,2025-09-18 11:11:00,Mastercard,Tabriz,0.0,34
Fail,2025-09-13 07:07:00,Visa,Tehran,12345.0,56
Success,2025-09-16 12:34:00,Discover,Mashhad,583952.0,97
Success,2025-09-09 11:11:00,Visa,Tehran,900000.0,25
Fail,2025-09-12 04:04:00,Mastercard,Tehran,452545.0,13
Success,2025-09-12 10:05:00,Mastercard,Tehran,0.0,63
Fail,2025-09-06 12:44:00,Visa,Tehran,300000.0,66
Success,2025-09-19 09:45:00,Visa,Tehran,452545.0,5
Fail,2025-09-28 02:54:00,American Express,Karaj,1463119.0,75
Fail,2025-09-07 06:30:00,Visa,Ahvaz,99999.0,11
Success,2025-09-25 04:15:00,Mastercard,Karaj,333333.0,89
Fail,2025-09-03 03:27:00,Visa,Shiraz,585954.0,78
Fail,2025-09-16 17:07:00,Mastercard,Tabriz,452545.0,95
Fail,2025-09-18 07:08:00,Mastercard,Tehran,452545.0,44
Success,2025-09-16 17:17:00,American Express,Tabriz,583952.0,100
Fail,2025-09-23 06:30:00,Discover,Karaj,177050.0,85
Success,2025-09-07 17:07:00,Discover,Karaj,976246.0,69
Fail,2025-09-04 03:00:00,Visa,Mashhad,585954.0,2
Success,2025-09-27 04:40:00,Mastercard,Tehran,120000.0,40
Success,2025-09-25 08:08:00,American Express,Tabriz,585954.0,37
Fail,2025-09-30 10:05:00,American Express,Karaj,976246.0,49
Fail,2025-09-08 09:45:00,Visa,Mashhad,583952.0,99
Success,2025-09-13 14:02:00,Mastercard,Isfahan,205000.0,75
Success,2025-09-13 12:12:00,Visa,Tabriz,177050.0,36
Success,2025-09-17 06:30:00,American Express,Shiraz,100000.0,75
Success,2025-09-17 12:44:00,Nan,Tehran,583952.0,73
Fail,2025-09-05 12:34:00,Visa,Tehran,452545.0,70
Fail,2025-09-06 10:05:00,Mastercard,Tehran,452545.0,34
Success,2025-09-19 06:30:00,Visa,Mashhad,450000.0,58
Success,2025-09-13 14:11:00,Discover,Tabriz,1463119.0,37
Fail,2025-09-25 23:59:00,Visa,Mashhad,1387769.0,97
Fail,2025-09-28 19:19:00,Mastercard,Shiraz,850000.0,60
Fail,2025-09-26 07:32:00,Visa,Tehran,2020587.5,12
Success,2025-09-14 18:12:00,Mastercard,Ahvaz,914282.0,32
Success,2025-09-22 20:20:00,Visa,Mashhad,0.0,81
Fail,2025-09-04 08:08:00,American Express,Unknown,2020587.5,4
Fail,2025-09-28 19:19:00,Discover,Tehran,850000.0,33
Fail,2025-09-07 14:02:00,Visa,Tehran,976246.0,43
Fail,2025-09-08 02:37:00,Mastercard,Karaj,452545.0,9
Success,2025-09-25 04:04:00,Mastercard,Karaj,774681.0,99
Fail,2025-09-13 03:27:00,Discover,Qom,200000.0,51
Fail,2025-09-27 05:56:00,Discover,Tehran,1158713.0,95
Success,2025-09-06 16:40:00,Mastercard,Isfahan,443463.0,20
Success,2025-09-06 07:07:00,Visa,Isfahan,452545.0,39
Fail,2025-09-24 19:51:00,Mastercard,Tehran,471227.0,23
Success,2025-09-28 02:37:00,American Express,Qom,0.0,41
Success,2025-09-21 03:00:00,Visa,Isfahan,1463119.0,44
Success,2025-09-30 18:12:00,Mastercard,Karaj,100.5,35
Success,2025-09-03 06:30:00,Mastercard,Shiraz,555555.0,23
Fail,2025-09-28 12:34:00,Mastercard,Tabriz,333333.0,58
Success,2025-09-03 04:15:00,Mastercard,Tabriz,585954.0,48
Success,2025-09-13 19:29:00,American Express,Isfahan,99999.0,88
Success,2025-09-22 03:00:00,Visa,Tehran,0.0,58
Success,2025-09-02 03:27:00,Mastercard,Tehran,471227.0,57
Fail,2025-09-16 09:45:00,Mastercard,Tehran,471227.0,88
Fail,2025-09-22 14:11:00,Mastercard,Tehran,1000.0,39
Success,2025-09-29 21:23:00,American Express,Shiraz,774681.0,28
Fail,2025-09-06 08:08:00,Mastercard,Karaj,914282.0,64
Success,2025-09-08 04:40:00,Visa,Karaj,452545.0,62
Fail,2025-09-23 08:59:00,Mastercard,Isfahan,2020587.5,83
Success,2025-09-08 21:10:00,American Express,Tehran,0.0,62
Fail,2025-09-30 19:40:00,Nan,Qom,585954.0,95
Fail,2025-09-25 10:48:00,Visa,Isfahan,1782689.0,85
Fail,2025-09-06 07:32:00,Visa,Karaj,200000.0,89
Fail,2025-09-14 14:55:00,Discover,Tabriz,452545.0,85
Success,2025-09-03 04:40:00,Discover,Tehran,452545.0,26
Success,2025-09-10 03:27:00,Discover,Qom,1050805.0,51
Fail,2025-09-03 19:51:00,American Express,Tehran,0.0,50
Success,2025-09-27 16:16:00,Mastercard,Tehran,0.0,36
Fail,2025-09-12 14:00:00,American Express,Tehran,1427657.0,26
Success,2025-09-17 22:27:00,Discover,Karaj,900000.0,33
Success,2025-09-27 00:00:00,Mastercard,Shiraz,12345.0,68
Fail,2025-09-29 02:37:00,American Express,Isfahan,452545.0,73
Success,2025-09-05 14:11:00,Visa,Tehran,1387769.0,8
Success,2025-09-30 14:30:00,Discover,Isfahan,63489.0,66
Success,2025-09-20 20:33:00,Visa,Mashhad,50200.0,94
Fail,2025-09-25 10:48:00,Mastercard,Ahvaz,0.0,23
Success,2025-09-09 19:51:00,American Express,Tabriz,100.5,70
Success,2025-09-30 17:07:00,Visa,Tabriz,1387769.0,55
Success,2025-09-21 10:48:00,Visa,Ahvaz,452545.0,43
Fail,2025-09-26 01:51:00,Discover,Tehran,412308.0,21
Success,2025-09-20 02:30:00,Visa,Karaj,443463.0,22
Success,2025-09-07 07:08:00,American Express,Shiraz,1387769.0,9
Fail,2025-09-22 23:17:00,Discover,Qom,452545.0,34
Fail,2025-09-04 07:08:00,Visa,Tabriz,1578078.0,59
Fail,2025-09-13 07:07:00,Visa,Ahvaz,452545.0,26
Success,2025-09-13 04:15:00,Discover,Ahvaz,585954.0,1
Success,2025-09-10 04:04:00,Visa,Mashhad,123456.0,5
Fail,2025-09-18 07:32:00,American Express,Isfahan,0.0,41
Fail,2025-09-17 02:20:00,American Express,Tabriz,0.0,63
Fail,2025-09-20 06:06:00,American Express,Ahvaz,900000.0,22
Fail,2025-09-20 14:11:00,American Express,Shiraz,452545.0,68
Success,2025-09-13 21:21:00,Visa,Tabriz,650000.0,48
Success,2025-09-17 03:00:00,Nan,Ahvaz,450000.0,66
Success,2025-09-22 01:51:00,Visa,Tehran,1000.0,16
Fail,2025-09-04 19:51:00,American Express,Tehran,583952.0,80
Success,2025-09-01 20:20:00,Visa,Ahvaz,1387769.0,53
Fail,2025-09-01 07:07:00,Visa,Tehran,976246.0,87
Success,2025-09-15 14:00:00,American Express,Unknown,1305967.0,65
Fail,2025-09-13 13:10:00,Mastercard,Tabriz,0.0,79
Success,2025-09-17 11:11:00,Mastercard,Isfahan,0.0,64
Success,2025-09-24 11:11:00,Mastercard,Tehran,471227.0,89
Fail,2025-09-26 15:45:00,Visa,Tehran,2020587.5,68
Fail,2025-09-08 17:17:00,Mastercard,Mashhad,1578078.0,63
Fail,2025-09-18 14:30:00,Visa,Mashhad,1.0,62
Success,2025-09-27 23:59:00,Visa,Shiraz,1768588.0,82
Fail,2025-09-13 14:30:00,Discover,Tabriz,471227.0,81
Fail,2025-09-23 07:32:00,Visa,Tehran,452545.0,71
Success,2025-09-14 21:21:00,Mastercard,Tabriz,1578078.0,45
Success,2025-09-08 14:11:00,Mastercard,Shiraz,0.0,52
Fail,2025-09-08 19:19:00,Visa,Mashhad,100000.0,74
Success,2025-09-27 18:45:00,American Express,Tabriz,0.0,65
Success,2025-09-26 06:30:00,Visa,Tehran,100.5,2
Success,2025-09-15 07:07:00,Mastercard,Tehran,63489.0,49
Fail,2025-09-27 10:48:00,Visa,Qom,333333.0,22
Fail,2025-09-13 14:55:00,Visa,Qom,250000.0,97
Success,2025-09-07 14:11:00,Mastercard,Ahvaz,177050.0,29
Fail,2025-09-05 23:59:00,Discover,Tehran,2020587.5,35
Success,2025-09-17 12:12:00,Nan,Karaj,452545.0,81
Success,2025-09-28 10:48:00,Mastercard,Tehran,0.0,76
Success,2025-09-25 14:02:00,American Express,Karaj,100.5,24
Success,2025-09-29 19:40:00,Mastercard,Tehran,0.0,95
Fail,2025-09-16 19:19:00,American Express,Karaj,1387769.0,30
Fail,2025-09-23 11:11:00,Visa,Karaj,177050.0,84
Fail,2025-09-02 23:59:00,Discover,Isfahan,443463.0,42
Success,2025-09-22 11:11:00,American Express,Isfahan,200000.0,71
Success,2025-09-18 02:37:00,Visa,Tehran,0.0,50
Success,2025-09-17 02:37:00,Mastercard,Tehran,900000.0,71
Success,2025-09-30 09:09:00,Mastercard,Tehran,1427657.0,60
Success,2025-09-07 08:08:00,Visa,Mashhad,0.0,30
Fail,2025-09-13 06:06:00,Visa,Tabriz,0.0,12
Fail,2025-09-18 05:56:00,Visa,Unknown,100000.0,49
Success,2025-09-29 13:13:00,American Express,Qom,585954.0,96
Fail,2025-09-14 22:27:00,Visa,Tehran,1578078.0,82
Fail,2025-09-30 14:11:00,Visa,Shiraz,120000.0,46
Success,2025-09-18 20:20:00,American Express,Unknown,177050.0,43
Fail,2025-09-13 12:12:00,Discover,Qom,471227.0,2
Fail,2025-09-11 07:08:00,Discover,Mashhad,774681.0,98
Fail,2025-09-21 19:40:00,Visa,Tabriz,0.0,75
Success,2025-09-30 01:51:00,Visa,Tehran,900000.0,99
Fail,2025-09-21 07:08:00,Mastercard,Tabriz,914465.0,80
Fail,2025-09-16 14:11:00,American Express,Qom,177050.0,54
Success,2025-09-23 18:45:00,Mastercard,Ahvaz,419089.0,35
Fail,2025-09-17 10:05:00,Visa,Tehran,120000.0,52
Fail,2025-09-08 12:34:00,Visa,Ahvaz,205000.0,33
Success,2025-09-19 20:20:00,Visa,Tehran,976246.0,85
Fail,2025-09-20 02:20:00,Visa,Ahvaz,250000.0,84
Success,2025-09-15 11:11:00,American Express,Qom,1578078.0,72
Success,2025-09-09 18:45:00,American Express,Mashhad,1578078.0,51
Fail,2025-09-20 01:51:00,Visa,Qom,419089.0,26
Fail,2025-09-10 07:32:00,Visa,Tehran,200000.0,98
Success,2025-09-12 02:37:00,Visa,Tehran,0.0,62
Success,2025-09-21 07:32:00,Master Card,Mashhad,123456.0,61
Fail,2025-09-23 11:11:00,Mastercard,Tehran,443463.0,26
Fail,2025-09-20 19:51:00,American Express,Qom,452545.0,37
Success,2025-09-30 17:07:00,Discover,Isfahan,5000.0,30
Success,2025-09-01 10:48:00,Mastercard,Tehran,343679.0,96
Fail,2025-09-25 06:06:00,Visa,Tehran,450000.0,98
Success,2025-09-20 00:00:00,Visa,Tehran,419089.0,11
Fail,2025-09-09 13:13:00,Mastercard,Tehran,471227.0,53
Fail,2025-09-22 19:19:00,American Express,Tehran,419089.0,41
Success,2025-09-15 00:00:00,American Express,Karaj,1768588.0,5
Fail,2025-09-01 14:55:00,Mastercard,Tehran,1768588.0,66
Success,2025-09-12 07:32:00,Discover,Shiraz,850000.0,13
Fail,2025-09-03 23:59:00,Visa,Karaj,50200.0,63
Success,2025-09-11 06:30:00,American Express,Tehran,1427657.0,82
Success,2025-09-02 02:37:00,Visa,Karaj,99999.0,91
Fail,2025-09-16 04:04:00,Visa,Tehran,100.5,25
Fail,2025-09-09 10:48:00,American Express,Qom,555555.0,44
Success,2025-09-15 23:17:00,Nan,Tehran,123456.0,14
Fail,2025-09-12 03:27:00,Nan,Mashhad,650000.0,69
Success,2025-09-01 17:07:00,Visa,Karaj,452545.0,59
Success,2025-09-13 04:40:00,Visa,Ahvaz,177050.0,56
Fail,2025-09-14 20:33:00,American Express,Mashhad,900000.0,52
Success,2025-09-25 04:15:00,Visa,Tabriz,1782689.0,66
Fail,2025-09-25 14:11:00,Master Card,Tehran,583952.0,68
Fail,2025-09-08 14:55:00,Mastercard,Ahvaz,1.0,12
Fail,2025-09-08 09:00:00,Mastercard,Tabriz,100.5,75
Success,2025-09-27 14:00:00,Visa,Karaj,177050.0,68
Success,2025-09-30 17:07:00,Visa,Isfahan,1463119.0,43
Fail,2025-09-12 03:00:00,Visa,Tabriz,583952.0,73
Success,2025-09-01 09:00:00,American Express,Tehran,1578078.0,74
Fail,2025-09-11 01:01:00,Visa,Tehran,850000.0,92
Fail,2025-09-08 02:30:00,Mastercard,Isfahan,0.0,6
Success,2025-09-10 22:27:00,Mastercard,Tehran,1000.0,15
Success,2025-09-30 12:12:00,Visa,Tehran,0.0,42
Fail,2025-09-19 18:45:00,Mastercard,Tehran,585954.0,31
Fail,2025-09-11 07:08:00,Mastercard,Tehran,914282.0,87
Fail,2025-09-07 10:05:00,Mastercard,Mashhad,0.0,53
Fail,2025-09-11 03:27:00,Mastercard,Tabriz,200000.0,6
Fail,2025-09-17 08:08:00,Visa,Tabriz,452545.0,33
Success,2025-09-01 12:44:00,Discover,Tehran,177050.0,29
Success,2025-09-26 12:34:00,Visa,Tabriz,177050.0,21
Success,2025-09-29 20:20:00,Visa,Mashhad,585954.0,54
Fail,2025-09-21 01:01:00,Mastercard,Karaj,50200.0,56
Fail,2025-09-21 09:09:00,Nan,Tabriz,545116.0,95
Success,2025-09-08 19:40:00,Visa,Tabriz,452545.0,21
Fail,2025-09-23 08:08:00,Mastercard,Isfahan,123456.0,55
Success,2025-09-24 11:11:00,Visa,Shiraz,100000.0,58
Fail,2025-09-06 13:10:00,American Express,Karaj,333333.0,64
Success,2025-09-22 21:23:00,Visa,Qom,0.0,87
Success,2025-09-18 07:08:00,American Express,Tehran,205000.0,46
Fail,2025-09-06 07:08:00,Visa,Mashhad,900000.0,84
Fail,2025-09-05 04:04:00,Visa,Tehran,850000.0,22
Success,2025-09-13 21:21:00,Discover,Tehran,412308.0,60
Success,2025-09-19 17:17:00,Discover,Qom,452545.0,11
Success,2025-09-22 14:02:00,Visa,Tehran,1883871.0,47
Fail,2025-09-08 02:54:00,Discover,Karaj,419089.0,31
Fail,2025-09-09 02:24:00,Mastercard,Ahvaz,585954.0,77
Fail,2025-09-17 07:08:00,Visa,Karaj,177050.0,18
Fail,2025-09-03 11:11:00,Visa,Tehran,452545.0,22
Success,2025-09-19 21:10:00,Visa,Ahvaz,200000.0,56
Fail,2025-09-11 12:44:00,Visa,Shiraz,0.0,17
Fail,2025-09-24 07:07:00,Discover,Isfahan,900000.0,38
Success,2025-09-17 09:45:00,American Express,Tehran,1463119.0,25
Success,2025-09-21 19:29:00,Visa,Mashhad,452545.0,32
Success,2025-09-19 17:17:00,Discover,Tehran,100.5,15
Success,2025-09-02 10:05:00,Visa,Qom,452545.0,13
Fail,2025-09-08 14:55:00,Visa,Tehran,850000.0,58
Fail,2025-09-19 11:11:00,Mastercard,Shiraz,419089.0,91
Fail,2025-09-07 05:56:00,Mastercard,Mashhad,5000.0,50
Success,2025-09-28 09:45:00,Visa,Tehran,1463119.0,11
Fail,2025-09-27 09:00:00,Visa,Tehran,177050.0,13
Success,2025-09-17 19:51:00,Visa,Karaj,177050.0,98
Fail,2025-09-06 19:29:00,Visa,Karaj,555555.0,50
Success,2025-09-19 00:00:00,Mastercard,Tehran,545116.0,38
Success,2025-09-24 12:12:00,Visa,Qom,583952.0,1
Success,2025-09-06 20:33:00,American Express,Tehran,471227.0,39
Success,2025-09-28 12:12:00,Mastercard,Tehran,0.0,27
Success,2025-09-02 18:00:00,Mastercard,Tehran,452545.0,36
Success,2025-09-06 09:45:00,Visa,Isfahan,205000.0,32
Success,2025-09-23 16:40:00,American Express,Shiraz,976246.0,41
Success,2025-09-05 10:05:00,Visa,Mashhad,976246.0,15
Fail,2025-09-19 14:02:00,Visa,Tabriz,123456.0,31
Fail,2025-09-20 19:51:00,Visa,Qom,343679.0,6
Fail,2025-09-04 10:05:00,Visa,Qom,976246.0,90
Fail,2025-09-22 23:59:00,Discover,Mashhad,850000.0,52
Fail,2025-09-26 13:13:00,Visa,Tehran,976246.0,82
Success,2025-09-17 02:30:00,Discover,Tehran,1768588.0,22
Fail,2025-09-11 05:56:00,Mastercard,Qom,1782689.0,31
Fail,2025-09-04 20:33:00,Visa,Tabriz,585954.0,73
Fail,2025-09-26 02:37:00,Visa,Karaj,50200.0,46
Success,2025-09-13 16:16:00,American Express,Tabriz,0.0,67
Fail,2025-09-20 14:55:00,Visa,Mashhad,443463.0,98
Success,2025-09-26 02:30:00,Mastercard,Isfahan,452545.0,92
Fail,2025-09-17 01:51:00,Visa,Tehran,0.0,43
Success,2025-09-09 12:44:00,Mastercard,Unknown,50200.0,1
Fail,2025-09-04 13:13:00,Visa,Tehran,452545.0,44
Fail,2025-09-23 02:54:00,Mastercard,Tehran,452545.0,57
Success,2025-09-28 12:44:00,Master Card,Tabriz,200000.0,9
Fail,2025-09-14 12:44:00,Visa,Qom,250000.0,5
Fail,2025-09-19 13:13:00,Visa,Tehran,100.5,79
Success,2025-09-26 04:15:00,Mastercard,Karaj,300000.0,9
Success,2025-09-28 14:00:00,Nan,Isfahan,63489.0,45
Fail,2025-09-03 11:11:00,Mastercard,Shiraz,914282.0,93
Fail,2025-09-14 08:08:00,Visa,Mashhad,1.0,77
Success,2025-09-08 15:45:00,Mastercard,Tehran,0.0,24
Success,2025-09-24 05:56:00,Visa,Tehran,1578078.0,74
Success,2025-09-27 23:59:00,Visa,Karaj,1.0,42
Fail,2025-09-28 04:04:00,Visa,Shiraz,177050.0,22
Success,2025-09-01 18:12:00,Visa,Shiraz,0.0,60
Fail,2025-09-10 02:37:00,Mastercard,Isfahan,177050.0,87
Success,2025-09-18 00:00:00,American Express,Tehran,914465.0,37
Fail,2025-09-16 14:55:00,Mastercard,Karaj,200000.0,39
Success,2025-09-08 14:11:00,American Express,Karaj,1768588.0,84
Success,2025-09-01 19:40:00,Discover,Tehran,545116.0,74
Fail,2025-09-12 12:12:00,Visa,Isfahan,0.0,74
Success,2025-09-08 13:13:00,Nan,Tehran,850000.0,91
Fail,2025-09-24 19:19:00,Mastercard,Shiraz,650000.0,90
Fail,2025-09-16 22:27:00,Mastercard,Ahvaz,0.0,53
Success,2025-09-18 02:37:00,Visa,Shiraz,555555.0,28
Fail,2025-09-04 21:10:00,Discover,Tabriz,1782689.0,77
Fail,2025-09-06 23:17:00,Mastercard,Tehran,99999.0,15
Fail,2025-09-12 02:37:00,Mastercard,Ahvaz,2020587.5,60
Fail,2025-09-27 06:06:00,Discover,Tabriz,200000.0,60
Fail,2025-09-09 01:01:00,Visa,Tehran,120000.0,6
Success,2025-09-15 06:30:00,Visa,Qom,0.0,52
Success,2025-09-16 19:29:00,Mastercard,Tabriz,100000.0,12
Success,2025-09-24 02:30:00,Visa,Karaj,100.5,19
Success,2025-09-12 21:23:00,Mastercard,Tehran,100.5,97
Success,2025-09-24 20:20:00,American Express,Isfahan,120000.0,75
Fail,2025-09-23 18:45:00,Visa,Tabriz,1768588.0,98
Fail,2025-09-14 00:00:00,Master Card,Karaj,452545.0,2
Fail,2025-09-13 07:07:00,Nan,Qom,1578078.0,55
Success,2025-09-25 05:56:00,Master Card,Ahvaz,914465.0,15
Fail,2025-09-02 19:29:00,Visa,Mashhad,200000.0,64
Fail,2025-09-03 21:23:00,Mastercard,Tehran,471227.0,69
Fail,2025-09-26 19:51:00,Visa,Tabriz,100.5,15
Success,2025-09-24 21:21:00,Visa,Unknown,63489.0,43
Success,2025-09-30 07:08:00,Visa,Isfahan,1883871.0,74
Success,2025-09-22 14:55:00,Mastercard,Shiraz,0.0,17
Fail,2025-09-10 00:00:00,Nan,Tehran,471227.0,99
Success,2025-09-09 23:59:00,Visa,Tehran,452545.0,24
Success,2025-09-26 14:02:00,Visa,Shiraz,452545.0,74
Fail,2025-09-20 02:20:00,Visa,Tabriz,250000.0,30
Success,2025-09-08 06:30:00,Visa,Tabriz,1578078.0,67
Success,2025-09-10 19:40:00,Mastercard,Tabriz,5000.0,51
Fail,2025-09-19 14:30:00,Mastercard,Karaj,471227.0,60
Fail,2025-09-03 03:27:00,Mastercard,Isfahan,1050805.0,3
Success,2025-09-24 00:00:00,Master Card,Tehran,452545.0,5
Success,2025-09-05 02:30:00,American Express,Tehran,0.0,28
Success,2025-09-03 12:12:00,Discover,Tehran,177050.0,78
Fail,2025-09-26 12:12:00,Visa,Tehran,343679.0,11
Success,2025-09-27 07:08:00,Mastercard,Isfahan,0.0,72
Fail,2025-09-16 01:51:00,Mastercard,Tehran,200000.0,72
Fail,2025-09-17 18:45:00,American Express,Karaj,343679.0,76
Success,2025-09-15 17:17:00,Discover,Karaj,452545.0,15
Fail,2025-09-03 20:33:00,Mastercard,Tabriz,1050805.0,83
Success,2025-09-12 04:15:00,Visa,Tabriz,419089.0,48
Success,2025-09-09 13:10:00,American Express,Qom,452545.0,46
Success,2025-09-21 18:45:00,American Express,Isfahan,585954.0,28
Fail,2025-09-12 15:45:00,Visa,Mashhad,1578078.0,7
Fail,2025-09-26 02:20:00,Visa,Tehran,1578078.0,71
Success,2025-09-15 07:07:00,American Express,Tehran,452545.0,95
Fail,2025-09-02 06:30:00,American Express,Tehran,452545.0,82
Fail,2025-09-23 07:32:00,Mastercard,Tehran,452545.0,89
Success,2025-09-18 13:10:00,Nan,Karaj,914282.0,6
Fail,2025-09-20 02:24:00,Mastercard,Tehran,452545.0,58
Fail,2025-09-12 08:08:00,Discover,Tehran,452545.0,68
Fail,2025-09-23 19:19:00,Discover,Tehran,0.0,55
Fail,2025-09-04 09:45:00,Visa,Tehran,250000.0,67
Success,2025-09-23 00:00:00,Visa,Tabriz,452545.0,49
Fail,2025-09-16 08:08:00,Visa,Tabriz,976246.0,51
Fail,2025-09-23 14:11:00,Mastercard,Mashhad,100.5,59
Success,2025-09-16 05:23:00,Mastercard,Isfahan,0.0,6
Success,2025-09-01 07:07:00,Visa,Mashhad,0.0,91
Success,2025-09-22 01:51:00,Mastercard,Shiraz,300000.0,51
Fail,2025-09-25 14:02:00,Visa,Tabriz,0.0,38
Fail,2025-09-02 21:10:00,Visa,Tehran,1768588.0,11
Fail,2025-09-30 08:08:00,American Express,Tehran,343679.0,52
Fail,2025-09-03 19:29:00,Nan,Shiraz,1305967.0,94
Success,2025-09-26 19:40:00,Master Card,Tehran,585954.0,20
Success,2025-09-21 01:51:00,Visa,Tehran,1463119.0,10
Fail,2025-09-25 07:08:00,Mastercard,Karaj,0.0,26
Fail,2025-09-20 10:48:00,American Express,Tehran,100.5,48
Fail,2025-09-17 12:12:00,Visa,Tehran,99999.0,92
Fail,2025-09-20 12:34:00,Mastercard,Isfahan,0.0,14
Fail,2025-09-22 18:00:00,Visa,Tehran,5000.0,59
Fail,2025-09-21 08:08:00,Mastercard,Tehran,2020587.5,12
Success,2025-09-30 12:34:00,Discover,Tehran,976246.0,23
Fail,2025-09-29 14:55:00,American Express,Shiraz,0.0,85
Success,2025-09-01 11:11:00,Mastercard,Tehran,12345.0,72
Success,2025-09-20 08:59:00,Visa,Tehran,452545.0,39
Success,2025-09-06 15:45:00,Mastercard,Ahvaz,419089.0,9
Success,2025-09-29 13:10:00,American Express,Tehran,0.0,89
Success,2025-09-15 14:11:00,American Express,Tehran,914465.0,96
Fail,2025-09-26 11:11:00,Discover,Isfahan,412308.0,25
Fail,2025-09-26 11:11:00,Visa,Tehran,2020587.5,17
Fail,2025-09-14 08:08:00,American Express,Isfahan,976246.0,42
Fail,2025-09-20 09:45:00,American Express,Mashhad,333333.0,29
Fail,2025-09-15 04:40:00,Discover,Tabriz,452545.0,60
Success,2025-09-14 07:08:00,Discover,Shiraz,100.5,67
Success,2025-09-25 02:24:00,Discover,Tabriz,250000.0,85
Fail,2025-09-21 03:27:00,Mastercard,Tabriz,343679.0,57
Success,2025-09-24 19:40:00,Visa,Tehran,5000.0,72
Success,2025-09-25 14:00:00,Mastercard,Tehran,343679.0,14
Success,2025-09-26 11:11:00,Mastercard,Tabriz,50200.0,39
Fail,2025-09-05 19:51:00,Mastercard,Karaj,100000.0,16
Fail,2025-09-06 14:02:00,Mastercard,Tabriz,0.0,18
Success,2025-09-17 03:27:00,Visa,Tabriz,914282.0,96
Success,2025-09-11 15:45:00,Mastercard,Tehran,1472823.0,75
Success,2025-09-16 18:12:00,Mastercard,Shiraz,1.0,20
Fail,2025-09-12 10:48:00,Mastercard,Tehran,1463119.0,46
Success,2025-09-15 04:15:00,Mastercard,Tehran,1387769.0,45
Fail,2025-09-23 04:15:00,Visa,Tehran,1387769.0,4
Fail,2025-09-04 14:11:00,Visa,Tehran,583952.0,84
Success,2025-09-27 07:32:00,Visa,Tehran,333333.0,96
Fail,2025-09-18 13:10:00,Discover,Tehran,250000.0,20
Fail,2025-09-21 09:45:00,Discover,Qom,452545.0,11
Fail,2025-09-28 07:07:00,Nan,Mashhad,443463.0,65
Fail,2025-09-03 02:54:00,American Express,Karaj,471227.0,18
Fail,2025-09-22 08:08:00,Visa,Tehran,1000.0,39
Fail,2025-09-08 19:29:00,Visa,Shiraz,1463119.0,44
Fail,2025-09-23 09:09:00,Discover,Isfahan,412308.0,98
Fail,2025-09-03 12:12:00,American Express,Tehran,585954.0,18
Success,2025-09-08 23:59:00,Mastercard,Ahvaz,99999.0,47
Fail,2025-09-18 02:37:00,Discover,Tehran,452545.0,31
Success,2025-09-10 18:12:00,Mastercard,Karaj,63489.0,100
Success,2025-09-25 02:37:00,Visa,Mashhad,1.0,39
Success,2025-09-20 21:21:00,Visa,Isfahan,0.0,38
Success,2025-09-17 16:16:00,Visa,Shiraz,0.0,79
Success,2025-09-08 13:13:00,Visa,Ahvaz,1578078.0,47
Success,2025-09-23 01:01:00,Mastercard,Tehran,177050.0,70
Fail,2025-09-11 21:21:00,Mastercard,Tabriz,205000.0,8
Fail,2025-09-29 23:59:00,Visa,Tehran,1387769.0,87
Success,2025-09-05 14:02:00,Mastercard,Tehran,100000.0,65
Fail,2025-09-26 09:09:00,Mastercard,Karaj,1768588.0,13
Success,2025-09-13 09:00:00,Nan,Tehran,976246.0,55
Success,2025-09-21 08:08:00,Mastercard,Karaj,1387769.0,89
Fail,2025-09-23 21:23:00,Mastercard,Tehran,914282.0,85
Fail,2025-09-05 09:45:00,Visa,Qom,452545.0,43
Success,2025-09-24 16:16:00,American Express,Karaj,452545.0,4
Success,2025-09-27 01:51:00,Visa,Tehran,914465.0,71
Success,2025-09-13 14:00:00,Visa,Qom,333333.0,60
Fail,2025-09-06 11:11:00,Visa,Ahvaz,471227.0,12
Fail,2025-09-29 08:08:00,Discover,Karaj,100.5,59
Success,2025-09-05 21:21:00,Visa,Tabriz,452545.0,77
Fail,2025-09-09 05:23:00,Mastercard,Tehran,333333.0,54
Success,2025-09-27 12:12:00,Visa,Ahvaz,452545.0,44
Fail,2025-09-16 03:27:00,Visa,Tabriz,343679.0,16
Fail,2025-09-02 02:24:00,Visa,Tabriz,0.0,6
Fail,2025-09-01 17:07:00,Visa,Shiraz,0.0,14
Success,2025-09-08 17:17:00,Visa,Ahvaz,2020587.5,58
Fail,2025-09-28 12:12:00,American Express,Qom,123456.0,31
Success,2025-09-19 03:27:00,American Express,Tehran,177050.0,41
Success,2025-09-30 07:08:00,American Express,Tabriz,177050.0,35
Fail,2025-09-11 01:01:00,Mastercard,Tabriz,0.0,10
Fail,2025-09-28 06:30:00,Visa,Shiraz,452545.0,81
Success,2025-09-12 09:00:00,American Express,Karaj,1305967.0,30
Success,2025-09-12 02:20:00,Nan,Qom,452545.0,44
Fail,2025-09-07 02:54:00,Mastercard,Tehran,0.0,55
Fail,2025-09-26 13:13:00,Visa,Karaj,1463119.0,71
Success,2025-09-13 12:34:00,Mastercard,Karaj,250000.0,18
Fail,2025-09-27 16:40:00,Mastercard,Tabriz,200000.0,83
Fail,2025-09-08 12:12:00,Mastercard,Tehran,250000.0,79
Fail,2025-09-29 02:24:00,Visa,Mashhad,0.0,87
Fail,2025-09-29 14:55:00,American Express,Tehran,452545.0,39
Fail,2025-09-22 02:54:00,Mastercard,Isfahan,452545.0,42
Fail,2025-09-28 08:08:00,Mastercard,Tehran,976246.0,54
Fail,2025-09-26 07:08:00,American Express,Tabriz,1427657.0,30
Fail,2025-09-30 10:48:00,Mastercard,Isfahan,1305967.0,20
Success,2025-09-09 00:00:00,Discover,Tehran,452545.0,97
Fail,2025-09-07 01:51:00,Nan,Tehran,300000.0,42
Success,2025-09-26 10:48:00,Discover,Karaj,333333.0,90
Fail,2025-09-21 02:54:00,Visa,Tehran,1463119.0,88
Fail,2025-09-24 09:45:00,Visa,Karaj,0.0,5
Success,2025-09-15 13:13:00,Visa,Karaj,976246.0,50
Success,2025-09-02 21:23:00,Discover,Tehran,443463.0,41
Success,2025-09-23 16:16:00,Mastercard,Tehran,452545.0,95
Success,2025-09-20 20:33:00,Discover,Shiraz,1578078.0,39
Success,2025-09-25 19:51:00,Visa,Tabriz,177050.0,57
Success,2025-09-12 19:40:00,Visa,Mashhad,443463.0,92
Success,2025-09-01 14:11:00,Discover,Karaj,452545.0,57
Success,2025-09-23 04:04:00,Visa,Tehran,120000.0,37
Success,2025-09-22 14:11:00,Visa,Shiraz,1578078.0,7
Success,2025-09-08 06:06:00,Visa,Tehran,1050805.0,5
Fail,2025-09-05 14:55:00,Mastercard,Tehran,976246.0,79
Fail,2025-09-15 14:55:00,Mastercard,Tehran,0.0,51
Fail,2025-09-01 20:33:00,Visa,Qom,200000.0,8
Success,2025-09-01 12:34:00,Mastercard,Tehran,2020587.5,56
Success,2025-09-25 02:37:00,Nan,Tabriz,100.5,73
Success,2025-09-10 07:08:00,Discover,Tabriz,2020587.5,11
Fail,2025-09-22 02:30:00,Mastercard,Tehran,1578078.0,22
Fail,2025-09-10 20:33:00,Mastercard,Isfahan,1305967.0,99
Fail,2025-09-21 08:08:00,American Express,Tehran,250000.0,100
Fail,2025-09-15 10:05:00,American Express,Isfahan,99999.0,77
Fail,2025-09-17 08:59:00,Discover,Qom,1158713.0,11
Fail,2025-09-22 12:12:00,Visa,Tehran,1502601.0,60
Success,2025-09-06 03:00:00,Mastercard,Karaj,1578078.0,97
Fail,2025-09-03 22:27:00,Visa,Karaj,63489.0,15
Success,2025-09-13 14:11:00,American Express,Tabriz,123456.0,38
Success,2025-09-16 07:32:00,Visa,Tehran,774681.0,1
Success,2025-09-08 02:30:00,Discover,Qom,583952.0,46
Fail,2025-09-30 18:12:00,Visa,Mashhad,0.0,89
Fail,2025-09-15 13:13:00,Visa,Mashhad,0.0,43
Fail,2025-09-17 07:32:00,Visa,Tehran,1883871.0,22
Fail,2025-09-17 19:51:00,Visa,Mashhad,914465.0,3
Success,2025-09-22 07:32:00,Nan,Tehran,100.5,14
Fail,2025-09-26 21:10:00,Discover,Isfahan,200000.0,2
Success,2025-09-13 03:27:00,Master Card,Tehran,850000.0,61
Fail,2025-09-17 11:11:00,American Express,Tehran,2020587.5,32
Success,2025-09-06 18:12:00,Mastercard,Tehran,850000.0,38
Success,2025-09-17 20:33:00,Visa,Tehran,976246.0,98
Success,2025-09-16 02:37:00,Visa,Tehran,1427657.0,46
Fail,2025-09-14 23:17:00,Visa,Ahvaz,452545.0,42
Fail,2025-09-13 10:05:00,Mastercard,Tehran,177050.0,6
Fail,2025-09-06 13:13:00,Visa,Tehran,976246.0,41
Fail,2025-09-03 23:59:00,Mastercard,Shiraz,123456.0,25
Fail,2025-09-14 07:08:00,Master Card,Tehran,200000.0,99
Fail,2025-09-14 05:56:00,Discover,Tehran,343679.0,11
Success,2025-09-15 05:23:00,Mastercard,Qom,650000.0,41
Success,2025-09-08 09:00:00,Discover,Isfahan,585954.0,71
Fail,2025-09-29 11:11:00,American Express,Isfahan,2020587.5,57
Fail,2025-09-15 19:40:00,Visa,Tehran,99999.0,46
Fail,2025-09-22 14:00:00,Discover,Qom,650000.0,87
Success,2025-09-29 21:23:00,Mastercard,Tehran,450000.0,48
Success,2025-09-27 12:12:00,Visa,Tehran,200000.0,63
Fail,2025-09-13 02:30:00,Visa,Tehran,450000.0,39
Fail,2025-09-17 14:55:00,Visa,Tehran,452545.0,10
Fail,2025-09-21 10:48:00,Mastercard,Tehran,1782689.0,85
Fail,2025-09-24 16:40:00,Mastercard,Tehran,976246.0,70
Success,2025-09-03 21:10:00,Discover,Karaj,555555.0,65
Success,2025-09-28 20:20:00,Visa,Karaj,545116.0,99
Success,2025-09-06 21:21:00,Discover,Karaj,333333.0,59
Success,2025-09-05 20:20:00,Visa,Mashhad,443463.0,78
Success,2025-09-22 03:00:00,Discover,Tabriz,545116.0,36
Fail,2025-09-26 01:51:00,Discover,Tabriz,0.0,27
Success,2025-09-17 14:11:00,American Express,Karaj,177050.0,73
Fail,2025-09-23 05:23:00,Discover,Shiraz,200000.0,55
Fail,2025-09-25 12:34:00,Mastercard,Qom,452545.0,70
Fail,2025-09-02 14:00:00,Mastercard,Shiraz,1578078.0,96
Fail,2025-09-26 17:17:00,Nan,Ahvaz,650000.0,81
Fail,2025-09-15 20:20:00,Visa,Ahvaz,545116.0,53
Success,2025-09-05 19:19:00,Mastercard,Tehran,452545.0,60
Success,2025-09-26 05:23:00,Mastercard,Isfahan,914282.0,61
Fail,2025-09-20 02:30:00,Master Card,Tabriz,250000.0,36
Success,2025-09-06 02:20:00,Discover,Qom,177050.0,85
Success,2025-09-06 13:13:00,Discover,Tehran,452545.0,27
Success,2025-09-27 16:16:00,Visa,Ahvaz,976246.0,41
Success,2025-09-18 05:56:00,Discover,Tehran,976246.0,28
Success,2025-09-18 10:05:00,Mastercard,Tabriz,1050805.0,16
Success,2025-09-04 01:01:00,Visa,Ahvaz,914282.0,35
Fail,2025-09-17 10:48:00,Discover,Tehran,471227.0,36
Fail,2025-09-25 19:40:00,Visa,Shiraz,1883871.0,56
Success,2025-09-14 10:05:00,Discover,Tehran,850000.0,100
Fail,2025-09-14 11:11:00,Visa,Shiraz,120000.0,19
Fail,2025-09-13 11:11:00,Nan,Karaj,343679.0,57
Success,2025-09-07 19:51:00,Mastercard,Ahvaz,1427657.0,85
Fail,2025-09-12 07:08:00,Discover,Tabriz,250000.0,33
Fail,2025-09-23 08:59:00,Discover,Qom,100.5,23
Success,2025-09-15 18:12:00,Mastercard,Tabriz,585954.0,63
Success,2025-09-19 04:40:00,Visa,Tabriz,0.0,70
Fail,2025-09-11 23:59:00,American Express,Tehran,200000.0,97
Success,2025-09-15 00:00:00,Nan,Qom,0.0,22
Success,2025-09-12 09:00:00,Mastercard,Ahvaz,99999.0,67
Fail,2025-09-03 20:20:00,Visa,Tehran,63489.0,100
Fail,2025-09-17 05:23:00,Visa,Isfahan,123456.0,80
Fail,2025-09-03 08:59:00,Nan,Isfahan,343679.0,59
Fail,2025-09-19 19:51:00,Visa,Karaj,1578078.0,25
Success,2025-09-20 10:48:00,Mastercard,Ahvaz,50200.0,17
Fail,2025-09-04 01:51:00,Visa,Tabriz,443463.0,39
Success,2025-09-03 04:15:00,Visa,Tabriz,50200.0,77
Fail,2025-09-26 08:59:00,Mastercard,Mashhad,120000.0,93
Success,2025-09-16 14:55:00,Discover,Isfahan,850000.0,75
Success,2025-09-12 17:17:00,American Express,Karaj,50200.0,74
Success,2025-09-08 17:17:00,Discover,Mashhad,100.5,39
Success,2025-09-24 01:51:00,Discover,Tehran,452545.0,24
Success,2025-09-29 16:40:00,Visa,Tehran,471227.0,38
Fail,2025-09-29 21:23:00,Visa,Tehran,555555.0,89
Fail,2025-09-17 12:34:00,Visa,Tabriz,452545.0,98
Fail,2025-09-07 12:12:00,Discover,Tehran,50200.0,81
Fail,2025-09-11 18:00:00,Mastercard,Karaj,850000.0,57
Fail,2025-09-18 23:17:00,Mastercard,Karaj,850000.0,44
Fail,2025-09-01 18:00:00,Visa,Qom,2020587.5,36
Success,2025-09-03 02:24:00,American Express,Mashhad,0.0,100
Success,2025-09-04 12:12:00,American Express,Tehran,205000.0,70
Success,2025-09-13 04:15:00,American Express,Tehran,419089.0,80
Fail,2025-09-06 14:00:00,Discover,Mashhad,177050.0,45
Success,2025-09-26 10:48:00,Discover,Qom,452545.0,93
Fail,2025-09-14 18:45:00,American Express,Tehran,50200.0,97
Fail,2025-09-05 02:30:00,Visa,Isfahan,5000.0,26
Success,2025-09-16 10:48:00,Discover,Ahvaz,419089.0,11
Success,2025-09-15 02:54:00,Mastercard,Mashhad,1158713.0,52
Success,2025-09-15 03:00:00,Mastercard,Tehran,452545.0,25
Fail,2025-09-30 18:00:00,Mastercard,Shiraz,177050.0,31
Fail,2025-09-04 19:51:00,Mastercard,Ahvaz,200000.0,85
Success,2025-09-08 14:30:00,Mastercard,Ahvaz,1387769.0,45
Fail,2025-09-27 04:15:00,Mastercard,Karaj,1305967.0,67
Success,2025-09-16 02:54:00,Discover,Ahvaz,1578078.0,76
Success,2025-09-28 21:10:00,Mastercard,Karaj,12345.0,40
Fail,2025-09-16 16:40:00,Visa,Qom,443463.0,46
Fail,2025-09-30 19:51:00,Discover,Qom,1782689.0,54
Fail,2025-09-04 21:10:00,Mastercard,Tehran,452545.0,41
Fail,2025-09-13 21:23:00,Discover,Karaj,850000.0,90
Fail,2025-09-26 21:21:00,Discover,Tabriz,585954.0,81
Fail,2025-09-28 09:09:00,Mastercard,Qom,583952.0,38
Fail,2025-09-13 05:56:00,Visa,Tabriz,300000.0,36
Success,2025-09-02 07:32:00,Mastercard,Karaj,99999.0,83
Fail,2025-09-03 04:40:00,Discover,Tehran,774681.0,44
Success,2025-09-22 18:45:00,Discover,Ahvaz,650000.0,57
Success,2025-09-08 08:08:00,Visa,Shiraz,452545.0,66
Success,2025-09-24 11:11:00,American Express,Qom,0.0,81
Success,2025-09-15 02:37:00,Mastercard,Mashhad,1427657.0,30
Fail,2025-09-11 13:10:00,American Express,Tabriz,343679.0,10
Success,2025-09-09 10:05:00,Mastercard,Isfahan,1883871.0,100
Success,2025-09-07 00:00:00,Mastercard,Isfahan,452545.0,61
Fail,2025-09-13 11:11:00,Visa,Tehran,100000.0,63
Fail,2025-09-02 04:15:00,Discover,Isfahan,419089.0,36
Fail,2025-09-08 19:51:00,Discover,Qom,650000.0,54
Fail,2025-09-07 09:45:00,Visa,Tehran,419089.0,98
Success,2025-09-24 03:27:00,Visa,Mashhad,333333.0,65
Fail,2025-09-12 19:29:00,Visa,Tabriz,100.5,82
Success,2025-09-19 14:55:00,Visa,Isfahan,452545.0,4
Fail,2025-09-07 18:45:00,American Express,Isfahan,452545.0,55
Fail,2025-09-10 02:30:00,Discover,Karaj,452545.0,54
Fail,2025-09-29 17:07:00,American Express,Tabriz,452545.0,92
Fail,2025-09-25 04:40:00,Mastercard,Karaj,452545.0,90
Success,2025-09-16 08:08:00,Discover,Tehran,2020587.5,64
Success,2025-09-03 15:45:00,Mastercard,Isfahan,650000.0,93
Fail,2025-09-30 01:01:00,Visa,Tehran,1782689.0,22
Fail,2025-09-10 21:23:00,American Express,Shiraz,555555.0,25
Fail,2025-09-06 19:19:00,Discover,Isfahan,1768588.0,81
Fail,2025-09-18 10:48:00,Mastercard,Mashhad,0.0,59
Success,2025-09-18 16:40:00,Mastercard,Shiraz,419089.0,57
Fail,2025-09-05 12:34:00,American Express,Isfahan,412308.0,54
Success,2025-09-21 02:20:00,American Express,Tehran,1782689.0,44
Fail,2025-09-29 05:23:00,Mastercard,Isfahan,650000.0,52
Fail,2025-09-07 10:48:00,Visa,Tabriz,0.0,76
Success,2025-09-28 10:05:00,American Express,Tehran,452545.0,16
Success,2025-09-02 11:11:00,Mastercard,Tehran,120000.0,16
Success,2025-09-11 02:37:00,Visa,Tehran,452545.0,81
Success,2025-09-30 05:23:00,Visa,Tehran,1387769.0,55
Success,2025-09-13 09:45:00,Visa,Tabriz,1578078.0,61
Fail,2025-09-23 14:30:00,Visa,Tehran,774681.0,96
Fail,2025-09-05 00:00:00,Mastercard,Mashhad,120000.0,79
Success,2025-09-30 12:44:00,Discover,Tehran,2020587.5,77
Fail,2025-09-06 05:56:00,Visa,Shiraz,2020587.5,40
Success,2025-09-24 20:33:00,Mastercard,Mashhad,177050.0,92
Success,2025-09-26 05:23:00,Discover,Shiraz,250000.0,21
Fail,2025-09-29 19:19:00,Discover,Tabriz,914282.0,66
Success,2025-09-14 19:19:00,Master Card,Tehran,0.0,8
Fail,2025-09-12 12:12:00,Discover,Tabriz,0.0,71
Fail,2025-09-04 18:45:00,Visa,Shiraz,452545.0,10
Fail,2025-09-29 09:09:00,Visa,Tehran,1883871.0,57
Fail,2025-09-23 11:11:00,Visa,Isfahan,300000.0,4
Fail,2025-09-06 05:56:00,Mastercard,Tehran,471227.0,43
Fail,2025-09-10 19:51:00,Visa,Tehran,914465.0,100
Fail,2025-09-18 12:34:00,Visa,Tehran,100000.0,63
Fail,2025-09-15 11:11:00,Mastercard,Ahvaz,200000.0,43
Success,2025-09-08 14:11:00,Discover,Tehran,120000.0,67
Fail,2025-09-26 04:15:00,Visa,Karaj,343679.0,82
Success,2025-09-09 14:02:00,Mastercard,Isfahan,200000.0,51
Fail,2025-09-05 18:12:00,Visa,Tehran,452545.0,56
Fail,2025-09-10 15:45:00,Mastercard,Tehran,1158713.0,43
Fail,2025-09-20 14:00:00,Discover,Mashhad,343679.0,24
Success,2025-09-06 02:30:00,Discover,Isfahan,452545.0,97
Success,2025-09-16 16:40:00,Discover,Qom,452545.0,34
Fail,2025-09-24 07:08:00,Visa,Tehran,0.0,59
Fail,2025-09-27 12:44:00,Visa,Tabriz,1578078.0,2
Fail,2025-09-03 05:23:00,Discover,Shiraz,1463119.0,2
Fail,2025-09-10 18:45:00,Visa,Tehran,452545.0,10
Fail,2025-09-11 08:59:00,Visa,Tehran,914465.0,23
Success,2025-09-11 18:00:00,Discover,Mashhad,976246.0,15
Success,2025-09-17 02:37:00,Discover,Shiraz,443463.0,76
Fail,2025-09-04 00:00:00,American Express,Tehran,1427657.0,17
Success,2025-09-04 17:07:00,Mastercard,Tehran,0.0,82
Fail,2025-09-17 09:45:00,Visa,Tehran,1387769.0,14
Fail,2025-09-09 19:40:00,Discover,Tehran,1387769.0,81
Success,2025-09-19 19:51:00,Visa,Tehran,419089.0,79
Fail,2025-09-05 00:00:00,Mastercard,Tabriz,452545.0,76
Success,2025-09-22 02:30:00,Visa,Tabriz,471227.0,16
Fail,2025-09-24 20:20:00,Visa,Qom,452545.0,32
Fail,2025-09-06 03:00:00,American Express,Tehran,452545.0,23
Fail,2025-09-03 14:30:00,American Express,Mashhad,99999.0,34
Fail,2025-09-22 05:23:00,Nan,Ahvaz,1050805.0,99
Fail,2025-09-01 00:00:00,American Express,Tehran,545116.0,16
Success,2025-09-20 03:27:00,Visa,Tehran,300000.0,34
Success,2025-09-22 12:34:00,Mastercard,Mashhad,0.0,71
Fail,2025-09-16 02:20:00,Discover,Shiraz,471227.0,33
Fail,2025-09-23 08:08:00,Mastercard,Tabriz,0.0,68
Fail,2025-09-11 16:16:00,Visa,Karaj,1578078.0,43
Fail,2025-09-13 10:05:00,Discover,Karaj,850000.0,64
Fail,2025-09-27 18:45:00,Mastercard,Isfahan,333333.0,71
Success,2025-09-10 02:30:00,Mastercard,Tehran,343679.0,18
Success,2025-09-03 09:09:00,American Express,Tehran,123456.0,68
Fail,2025-09-09 16:16:00,Visa,Isfahan,419089.0,61
Fail,2025-09-28 21:23:00,Discover,Tehran,452545.0,75
Fail,2025-09-12 16:40:00,American Express,Ahvaz,650000.0,20
Fail,2025-09-23 09:45:00,Visa,Isfahan,545116.0,11
Success,2025-09-14 20:20:00,Mastercard,Shiraz,1782689.0,79
Fail,2025-09-01 18:00:00,Mastercard,Isfahan,100000.0,46
Fail,2025-09-18 02:54:00,Discover,Ahvaz,1578078.0,64
Fail,2025-09-17 13:13:00,Mastercard,Tehran,333333.0,81
Success,2025-09-27 22:27:00,Mastercard,Karaj,1158713.0,99
Fail,2025-09-09 19:19:00,Discover,Mashhad,120000.0,76
Success,2025-09-09 16:16:00,Mastercard,Tehran,914282.0,28
Fail,2025-09-23 09:09:00,Visa,Isfahan,177050.0,48
Fail,2025-09-10 12:12:00,Visa,Isfahan,177050.0,35
Fail,2025-09-19 05:56:00,Visa,Tehran,471227.0,8
Success,2025-09-29 00:00:00,Discover,Qom,0.0,92
Fail,2025-09-15 08:59:00,Visa,Shiraz,100000.0,22
Fail,2025-09-05 14:02:00,Mastercard,Ahvaz,177050.0,24
Fail,2025-09-15 06:06:00,Mastercard,Qom,177050.0,66
Fail,2025-09-20 00:00:00,Visa,Qom,0.0,96
Fail,2025-09-23 16:40:00,Discover,Tabriz,0.0,87
Success,2025-09-30 00:00:00,Visa,Tehran,545116.0,64
Fail,2025-09-25 17:17:00,Nan,Karaj,1502601.0,65
Fail,2025-09-28 07:08:00,Discover,Tehran,1782689.0,14
Fail,2025-09-02 23:59:00,Mastercard,Isfahan,976246.0,25
Success,2025-09-13 08:59:00,Visa,Qom,1387769.0,3
Success,2025-09-24 01:51:00,Mastercard,Tabriz,1578078.0,5
Fail,2025-09-16 02:37:00,Visa,Mashhad,0.0,65
Success,2025-09-15 16:40:00,Mastercard,Tabriz,63489.0,54
Fail,2025-09-25 01:01:00,Mastercard,Ahvaz,300000.0,19
Fail,2025-09-10 16:16:00,Master Card,Mashhad,1387769.0,98
Success,2025-09-14 05:56:00,Visa,Qom,452545.0,54
Fail,2025-09-10 02:30:00,Discover,Tehran,650000.0,95
Fail,2025-09-25 13:13:00,Visa,Shiraz,452545.0,76
Fail,2025-09-14 20:33:00,Mastercard,Tabriz,0.0,10
Fail,2025-09-26 10:48:00,American Express,Isfahan,333333.0,99
Fail,2025-09-30 12:12:00,Mastercard,Isfahan,99999.0,16
Fail,2025-09-23 14:30:00,Visa,Mashhad,1578078.0,46
Fail,2025-09-09 01:01:00,Mastercard,Tabriz,2020587.5,29
Success,2025-09-25 18:12:00,Mastercard,Tehran,583952.0,15
Fail,2025-09-14 12:44:00,Discover,Isfahan,976246.0,48
Success,2025-09-03 03:27:00,Visa,Shiraz,12345.0,11
Fail,2025-09-20 14:02:00,Visa,Shiraz,0.0,34
Fail,2025-09-16 10:48:00,American Express,Shiraz,1427657.0,36
Success,2025-09-02 14:11:00,Visa,Qom,1387769.0,30
Fail,2025-09-10 15:45:00,Mastercard,Karaj,774681.0,100
Fail,2025-09-03 12:34:00,Mastercard,Karaj,99999.0,73
Fail,2025-09-11 17:17:00,Discover,Isfahan,1158713.0,82
Fail,2025-09-11 04:15:00,American Express,Shiraz,12345.0,19
Success,2025-09-21 08:59:00,Visa,Tehran,0.0,68
Success,2025-09-21 21:23:00,Visa,Tehran,914465.0,70
Success,2025-09-22 21:10:00,American Express,Mashhad,12345.0,33
Success,2025-09-13 23:17:00,Mastercard,Tehran,1463119.0,97
Success,2025-09-07 17:17:00,Visa,Shiraz,1050805.0,80
Success,2025-09-23 21:23:00,Visa,Shiraz,2020587.5,75
Fail,2025-09-17 11:11:00,American Express,Tehran,774681.0,22
Success,2025-09-30 02:20:00,Visa,Mashhad,5000.0,36
Fail,2025-09-02 21:21:00,American Express,Isfahan,583952.0,23
Success,2025-09-12 21:10:00,Visa,Ahvaz,177050.0,63
Fail,2025-09-25 14:55:00,Visa,Tehran,200000.0,26
Fail,2025-09-10 02:54:00,American Express,Qom,0.0,60
Fail,2025-09-18 21:23:00,Mastercard,Tehran,99999.0,96
Fail,2025-09-22 21:23:00,Mastercard,Tehran,443463.0,94
Fail,2025-09-27 21:21:00,Visa,Tehran,850000.0,5
Success,2025-09-11 01:51:00,Discover,Isfahan,120000.0,54
Fail,2025-09-16 19:51:00,Mastercard,Tehran,452545.0,38
Success,2025-09-17 04:15:00,Discover,Ahvaz,0.0,62
Success,2025-09-19 14:00:00,Mastercard,Tehran,12345.0,25
Fail,2025-09-18 07:08:00,Mastercard,Tehran,583952.0,99
Success,2025-09-03 02:30:00,Discover,Tehran,583952.0,12
Success,2025-09-21 09:00:00,Discover,Tabriz,63489.0,22
Fail,2025-09-27 04:40:00,American Express,Tehran,50200.0,9
Success,2025-09-26 09:45:00,Visa,Karaj,205000.0,84
Success,2025-09-16 12:34:00,Nan,Qom,412308.0,29
Fail,2025-09-06 04:15:00,Discover,Tabriz,914465.0,44
Success,2025-09-25 16:16:00,Discover,Karaj,976246.0,94
Fail,2025-09-12 21:23:00,Discover,Tehran,443463.0,27
Fail,2025-09-11 18:45:00,Visa,Tehran,471227.0,55
Success,2025-09-15 16:40:00,Mastercard,Isfahan,452545.0,81
Success,2025-09-15 04:40:00,American Express,Tehran,976246.0,5
Success,2025-09-16 18:45:00,Visa,Karaj,1387769.0,52
Fail,2025-09-10 07:32:00,Visa,Tehran,343679.0,13
Fail,2025-09-12 13:10:00,Nan,Shiraz,250000.0,42
Fail,2025-09-28 09:00:00,Discover,Shiraz,452545.0,15
Success,2025-09-13 16:16:00,Nan,Tehran,450000.0,79
Success,2025-09-04 02:30:00,Visa,Mashhad,452545.0,18
Success,2025-09-07 07:07:00,Mastercard,Karaj,1768588.0,50
Fail,2025-09-22 14:11:00,American Express,Shiraz,177050.0,2
Fail,2025-09-02 12:44:00,Discover,Tabriz,914282.0,88
Success,2025-09-26 12:34:00,Visa,Karaj,0.0,13
Success,2025-09-27 02:20:00,American Express,Tehran,1463119.0,68
Fail,2025-09-27 11:11:00,Visa,Tabriz,452545.0,47
Success,2025-09-27 09:09:00,Mastercard,Tabriz,0.0,90
Success,2025-09-15 20:33:00,American Express,Isfahan,1578078.0,75
Success,2025-09-08 21:23:00,Mastercard,Tehran,900000.0,50
Fail,2025-09-07 05:23:00,Visa,Tehran,452545.0,12
Fail,2025-09-15 14:11:00,Discover,Tehran,99999.0,13
Fail,2025-09-23 04:04:00,Discover,Shiraz,100.5,9
Fail,2025-09-14 02:37:00,Discover,Ahvaz,1.0,59
Success,2025-09-08 13:13:00,Mastercard,Shiraz,1463119.0,45
Success,2025-09-28 06:30:00,Nan,Isfahan,1782689.0,70
Success,2025-09-12 21:23:00,Visa,Shiraz,0.0,43
Fail,2025-09-13 02:37:00,Master Card,Karaj,452545.0,74
Success,2025-09-30 07:07:00,Mastercard,Karaj,0.0,23
Success,2025-09-11 14:11:00,Visa,Tehran,900000.0,79
Fail,2025-09-17 20:33:00,Discover,Mashhad,0.0,45
Success,2025-09-29 02:30:00,Master Card,Isfahan,1305967.0,23
Fail,2025-09-17 19:51:00,Mastercard,Ahvaz,976246.0,34
Success,2025-09-24 02:37:00,Visa,Mashhad,1.0,16
Fail,2025-09-04 09:00:00,Visa,Isfahan,177050.0,63
Fail,2025-09-21 02:20:00,Visa,Karaj,774681.0,51
Fail,2025-09-08 13:13:00,Visa,Mashhad,177050.0,32
Fail,2025-09-05 12:12:00,American Express,Tabriz,177050.0,38
Fail,2025-09-26 21:23:00,Visa,Tehran,976246.0,56
Fail,2025-09-16 19:51:00,Mastercard,Tehran,333333.0,69
Fail,2025-09-04 14:55:00,Visa,Tehran,1578078.0,17
Success,2025-09-28 23:59:00,Visa,Tehran,2020587.5,87
Success,2025-09-22 18:12:00,Visa,Tehran,545116.0,39
Fail,2025-09-29 14:02:00,Visa,Qom,205000.0,41
Success,2025-09-15 08:59:00,Visa,Shiraz,850000.0,48
Fail,2025-09-12 01:51:00,Mastercard,Mashhad,200000.0,82
Fail,2025-09-05 23:59:00,Discover,Tabriz,471227.0,28
Success,2025-09-30 23:59:00,Mastercard,Tehran,343679.0,77
Fail,2025-09-23 10:48:00,Mastercard,Mashhad,5000.0,50
Success,2025-09-16 10:48:00,American Express,Qom,2020587.5,1
Fail,2025-09-14 18:45:00,Visa,Tabriz,343679.0,50
Success,2025-09-10 05:56:00,American Express,Tabriz,177050.0,19
Success,2025-09-07 21:10:00,Nan,Tehran,1768588.0,99
Success,2025-09-13 21:23:00,Discover,Tehran,120000.0,59
Success,2025-09-20 06:30:00,Mastercard,Tehran,452545.0,68
Success,2025-09-28 12:12:00,Mastercard,Karaj,1463119.0,67
Fail,2025-09-29 05:56:00,Discover,Isfahan,452545.0,41
Success,2025-09-05 14:55:00,Visa,Tehran,100.5,10
Success,2025-09-29 07:32:00,Mastercard,Mashhad,0.0,28
Fail,2025-09-03 17:07:00,Mastercard,Qom,412308.0,34
Fail,2025-09-15 02:24:00,Mastercard,Isfahan,1158713.0,39
Fail,2025-09-04 21:23:00,Mastercard,Tehran,1883871.0,83
Success,2025-09-15 18:12:00,Visa,Ahvaz,585954.0,56
Success,2025-09-14 11:11:00,Mastercard,Karaj,343679.0,52
Fail,2025-09-20 06:30:00,American Express,Isfahan,0.0,3
Success,2025-09-19 21:10:00,Visa,Isfahan,914282.0,23
Success,2025-09-13 12:34:00,Visa,Tehran,205000.0,17
Fail,2025-09-10 10:05:00,Mastercard,Ahvaz,250000.0,71
Fail,2025-09-21 19:29:00,Visa,Qom,120000.0,26
Fail,2025-09-05 18:00:00,Visa,Tehran,1768588.0,18
Fail,2025-09-27 11:11:00,American Express,Isfahan,850000.0,46
Fail,2025-09-23 20:20:00,Visa,Tehran,850000.0,70
Fail,2025-09-20 12:44:00,Mastercard,Mashhad,555555.0,31
Fail,2025-09-29 12:44:00,Mastercard,Tabriz,0.0,94
Fail,2025-09-20 07:07:00,Visa,Shiraz,12345.0,9
Fail,2025-09-25 05:23:00,Mastercard,Tabriz,914465.0,35
Fail,2025-09-06 22:27:00,Visa,Mashhad,443463.0,81
Success,2025-09-04 20:33:00,Mastercard,Shiraz,452545.0,60
Fail,2025-09-02 14:11:00,Visa,Tehran,1768588.0,76
Fail,2025-09-22 03:00:00,Visa,Karaj,555555.0,63
Success,2025-09-16 20:20:00,American Express,Isfahan,583952.0,52
Success,2025-09-18 04:40:00,Visa,Ahvaz,452545.0,48
Fail,2025-09-05 10:05:00,Mastercard,Tehran,419089.0,61
Success,2025-09-22 17:07:00,Discover,Mashhad,1782689.0,24
Fail,2025-09-04 02:37:00,Visa,Tehran,452545.0,74
Fail,2025-09-30 21:21:00,American Express,Tehran,50200.0,58
Success,2025-09-13 10:48:00,Visa,Tehran,200000.0,64
Success,2025-09-19 07:08:00,Discover,Tehran,0.0,30
Fail,2025-09-23 14:11:00,Mastercard,Tabriz,333333.0,29
Success,2025-09-02 07:08:00,Visa,Isfahan,177050.0,10
Success,2025-09-13 04:15:00,Visa,Ahvaz,545116.0,39
Success,2025-09-11 08:08:00,American Express,Isfahan,177050.0,55
Success,2025-09-30 09:09:00,Visa,Tehran,200000.0,28
Success,2025-09-22 15:45:00,Visa,Shiraz,452545.0,18
Success,2025-09-29 05:56:00,Discover,Shiraz,1782689.0,41
Fail,2025-09-04 13:13:00,Mastercard,Karaj,850000.0,81
Fail,2025-09-22 17:17:00,Visa,Isfahan,850000.0,75
Success,2025-09-20 09:00:00,Mastercard,Tehran,123456.0,65
Fail,2025-09-20 14:30:00,Nan,Qom,1782689.0,81
Fail,2025-09-15 09:00:00,Visa,Tehran,583952.0,46
Success,2025-09-04 02:37:00,American Express,Tehran,452545.0,60
Success,2025-09-09 15:45:00,Visa,Ahvaz,452545.0,9
Success,2025-09-07 09:45:00,Discover,Isfahan,1387769.0,45
Fail,2025-09-19 02:37:00,Visa,Mashhad,585954.0,60
Fail,2025-09-19 19:51:00,Visa,Shiraz,0.0,28
Fail,2025-09-06 02:20:00,American Express,Isfahan,0.0,98
Success,2025-09-06 18:12:00,American Express,Tehran,1427657.0,3
Success,2025-09-20 23:59:00,Visa,Tabriz,914282.0,51
Success,2025-09-15 18:12:00,Visa,Tehran,583952.0,8
Fail,2025-09-15 08:08:00,Mastercard,Tehran,443463.0,70
Success,2025-09-25 03:00:00,Discover,Karaj,0.0,59
Success,2025-09-20 14:55:00,Mastercard,Mashhad,205000.0,61
Fail,2025-09-09 03:27:00,Discover,Tehran,63489.0,58
Success,2025-09-04 03:27:00,Mastercard,Tehran,0.0,70
Success,2025-09-18 14:11:00,Visa,Karaj,774681.0,94
Success,2025-09-18 02:37:00,Mastercard,Tehran,300000.0,12
Fail,2025-09-05 23:59:00,Discover,Tehran,100.5,9
Success,2025-09-20 11:11:00,American Express,Tehran,2020587.5,49
Fail,2025-09-23 20:20:00,Visa,Isfahan,1000.0,83
Success,2025-09-30 21:23:00,Mastercard,Tabriz,177050.0,17
Fail,2025-09-11 19:51:00,Visa,Tehran,471227.0,54
Fail,2025-09-05 19:19:00,Visa,Ahvaz,205000.0,44
Success,2025-09-22 01:51:00,Visa,Mashhad,205000.0,32
Success,2025-09-26 04:15:00,Visa,Karaj,100000.0,35
Success,2025-09-04 11:11:00,Mastercard,Tabriz,900000.0,78
Fail,2025-09-29 12:34:00,Visa,Karaj,914282.0,49
Fail,2025-09-12 21:23:00,Visa,Tehran,850000.0,54
Fail,2025-09-02 01:51:00,Mastercard,Tehran,914282.0,16
Fail,2025-09-13 21:23:00,Visa,Tehran,0.0,85
Fail,2025-09-10 10:48:00,Visa,Karaj,1463119.0,12
Success,2025-09-09 18:45:00,American Express,Shiraz,452545.0,89
Fail,2025-09-10 10:05:00,Visa,Tehran,452545.0,99
Success,2025-09-07 04:40:00,American Express,Isfahan,419089.0,8
Fail,2025-09-04 14:02:00,Discover,Ahvaz,850000.0,21
Fail,2025-09-19 04:04:00,Visa,Tabriz,452545.0,48
Success,2025-09-10 19:51:00,Visa,Tehran,333333.0,8
Fail,2025-09-30 18:00:00,Discover,Tehran,100.5,28
Fail,2025-09-03 21:21:00,Mastercard,Qom,5000.0,80
Success,2025-09-25 19:51:00,Visa,Shiraz,120000.0,10
Fail,2025-09-21 18:45:00,Mastercard,Shiraz,452545.0,52
Success,2025-09-29 21:10:00,Master Card,Tabriz,1387769.0,15
Fail,2025-09-19 08:59:00,Mastercard,Isfahan,1305967.0,4
Success,2025-09-21 11:11:00,Nan,Tehran,177050.0,91
Success,2025-09-02 07:32:00,Visa,Tehran,850000.0,79
Fail,2025-09-27 13:10:00,Visa,Karaj,200000.0,97
Fail,2025-09-20 22:27:00,Discover,Tehran,774681.0,62
Fail,2025-09-10 15:45:00,Mastercard,Qom,774681.0,4
Success,2025-09-02 18:45:00,Visa,Isfahan,1502601.0,41
Success,2025-09-02 02:37:00,Mastercard,Karaj,1578078.0,73
Success,2025-09-28 10:48:00,Visa,Isfahan,1.0,100
Success,2025-09-24 18:00:00,Visa,Shiraz,200000.0,55
Success,2025-09-17 07:08:00,Master Card,Tehran,100000.0,28
Fail,2025-09-16 13:10:00,Visa,Qom,100000.0,47
Success,2025-09-16 08:59:00,Mastercard,Tabriz,452545.0,9
Fail,2025-09-14 19:19:00,Mastercard,Tehran,1158713.0,2
Fail,2025-09-07 01:01:00,Mastercard,Shiraz,914282.0,67
Fail,2025-09-21 09:00:00,Discover,Shiraz,205000.0,48
Success,2025-09-11 08:08:00,Mastercard,Tehran,1050805.0,69
Success,2025-09-24 21:23:00,Mastercard,Shiraz,452545.0,74
Fail,2025-09-01 13:10:00,American Express,Mashhad,177050.0,28
Fail,2025-09-11 14:02:00,Visa,Tehran,177050.0,79
Success,2025-09-23 07:32:00,Mastercard,Karaj,850000.0,14
Fail,2025-09-21 15:45:00,Mastercard,Qom,100000.0,46
Fail,2025-09-04 06:30:00,Mastercard,Mashhad,1472823.0,88
Fail,2025-09-07 21:23:00,Mastercard,Tehran,0.0,13
Success,2025-09-26 19:19:00,Visa,Shiraz,100.5,16
Fail,2025-09-15 11:11:00,American Express,Karaj,850000.0,95
Fail,2025-09-18 17:07:00,Discover,Tehran,100000.0,40
Fail,2025-09-12 01:51:00,Discover,Karaj,452545.0,72
Success,2025-09-17 23:59:00,Visa,Tabriz,0.0,81
Success,2025-09-01 16:16:00,Mastercard,Tehran,0.0,30
Success,2025-09-11 23:17:00,Discover,Tehran,2020587.5,81
Success,2025-09-28 07:32:00,American Express,Karaj,850000.0,100
Fail,2025-09-01 00:00:00,Nan,Isfahan,1883871.0,65
Fail,2025-09-15 13:13:00,Master Card,Isfahan,1502601.0,58
Success,2025-09-28 11:11:00,Visa,Tehran,471227.0,89
Fail,2025-09-21 02:30:00,Discover,Tehran,1578078.0,48
Success,2025-09-10 04:15:00,Visa,Isfahan,100.5,49
Success,2025-09-07 03:00:00,Mastercard,Tehran,120000.0,90
Fail,2025-09-02 00:00:00,Visa,Isfahan,0.0,2
Success,2025-09-10 23:17:00,Mastercard,Karaj,2020587.5,90
Fail,2025-09-24 12:12:00,Mastercard,Tehran,1.0,14
Fail,2025-09-04 21:21:00,Discover,Tehran,1768588.0,98
Success,2025-09-12 19:29:00,Mastercard,Tehran,63489.0,17
Fail,2025-09-19 21:23:00,American Express,Karaj,452545.0,31
Fail,2025-09-26 07:08:00,Discover,Tehran,452545.0,10
Success,2025-09-11 21:21:00,Visa,Tehran,1472823.0,70
Success,2025-09-08 11:11:00,Mastercard,Karaj,1578078.0,90
Fail,2025-09-18 21:10:00,Discover,Isfahan,471227.0,37
Success,2025-09-11 21:21:00,Visa,Karaj,0.0,64
Success,2025-09-11 21:21:00,American Express,Isfahan,1883871.0,30
Success,2025-09-13 02:30:00,Mastercard,Tehran,452545.0,34
Fail,2025-09-03 06:30:00,Visa,Karaj,452545.0,18
Success,2025-09-12 14:11:00,Discover,Tehran,452545.0,89
Success,2025-09-03 19:19:00,Discover,Tabriz,452545.0,63
Fail,2025-09-10 23:59:00,Discover,Qom,583952.0,49
Fail,2025-09-27 03:27:00,Visa,Tehran,12345.0,56
Fail,2025-09-17 14:00:00,Mastercard,Tehran,585954.0,92
Fail,2025-09-22 15:45:00,Mastercard,Tehran,452545.0,58
Fail,2025-09-02 07:07:00,Visa,Mashhad,2020587.5,27
Success,2025-09-17 02:20:00,American Express,Shiraz,1427657.0,55
Fail,2025-09-16 19:51:00,Visa,Tehran,0.0,85
Fail,2025-09-02 02:30:00,American Express,Shiraz,333333.0,19
Success,2025-09-28 12:34:00,Visa,Shiraz,200000.0,23
Fail,2025-09-22 11:11:00,American Express,Tehran,0.0,47
Success,2025-09-30 08:08:00,Visa,Karaj,850000.0,79
Fail,2025-09-20 07:07:00,Nan,Tehran,0.0,66
Success,2025-09-06 15:45:00,Discover,Tehran,0.0,100
Fail,2025-09-28 22:27:00,Mastercard,Isfahan,585954.0,51
Fail,2025-09-25 08:59:00,Mastercard,Mashhad,100000.0,84
Fail,2025-09-29 00:00:00,Discover,Tabriz,12345.0,28
Fail,2025-09-10 19:29:00,Discover,Mashhad,0.0,57
Fail,2025-09-28 01:01:00,Nan,Tehran,100.5,58
Fail,2025-09-10 11:11:00,Nan,Shiraz,250000.0,15
Fail,2025-09-08 23:59:00,Mastercard,Tehran,914465.0,16
Fail,2025-09-01 23:59:00,Discover,Tabriz,914465.0,98
Success,2025-09-13 11:11:00,Visa,Tabriz,555555.0,47
Fail,2025-09-24 23:59:00,Visa,Tehran,545116.0,63
Success,2025-09-09 06:30:00,Mastercard,Tehran,1578078.0,12
Success,2025-09-22 23:17:00,Discover,Tehran,471227.0,43
Success,2025-09-10 18:00:00,Visa,Tehran,555555.0,84
Fail,2025-09-15 07:32:00,Mastercard,Shiraz,200000.0,29
Success,2025-09-05 12:12:00,Mastercard,Tabriz,1578078.0,49
Fail,2025-09-22 21:23:00,Mastercard,Tabriz,850000.0,3
Success,2025-09-16 10:48:00,American Express,Unknown,1578078.0,69
Success,2025-09-13 19:40:00,Mastercard,Tabriz,452545.0,60
Fail,2025-09-22 03:00:00,Discover,Tabriz,177050.0,66
Fail,2025-09-25 16:16:00,Mastercard,Qom,1387769.0,88
Fail,2025-09-20 17:17:00,Mastercard,Karaj,452545.0,91
Fail,2025-09-18 23:17:00,Mastercard,Tehran,0.0,26
Fail,2025-09-11 19:51:00,Mastercard,Karaj,1463119.0,71
Fail,2025-09-27 12:12:00,Mastercard,Qom,976246.0,74
Fail,2025-09-09 13:13:00,Nan,Isfahan,63489.0,69
Success,2025-09-16 06:06:00,American Express,Qom,100.5,47
Success,2025-09-02 02:30:00,American Express,Qom,1.0,76
Success,2025-09-26 19:40:00,Visa,Tabriz,545116.0,97
Success,2025-09-25 03:00:00,Visa,Shiraz,0.0,42
Fail,2025-09-02 14:02:00,Mastercard,Tabriz,1463119.0,31
Fail,2025-09-12 15:45:00,Master Card,Mashhad,1463119.0,22
Success,2025-09-08 12:34:00,Discover,Tabriz,2020587.5,17
Fail,2025-09-09 19:51:00,Discover,Tabriz,452545.0,84
Success,2025-09-12 18:12:00,American Express,Shiraz,100000.0,20
Fail,2025-09-26 14:11:00,Visa,Tehran,452545.0,8
Success,2025-09-09 02:54:00,American Express,Tehran,200000.0,99
Fail,2025-09-10 07:08:00,Visa,Tehran,914282.0,49
Fail,2025-09-25 12:44:00,American Express,Tehran,452545.0,88
Success,2025-09-02 23:17:00,American Express,Tehran,100000.0,38
Fail,2025-09-16 02:20:00,Mastercard,Ahvaz,1782689.0,53
Fail,2025-09-20 02:20:00,Discover,Mashhad,100.5,28
Success,2025-09-07 14:30:00,Discover,Mashhad,471227.0,77
Fail,2025-09-28 16:40:00,Discover,Shiraz,2020587.5,29
Success,2025-09-02 03:27:00,Mastercard,Karaj,452545.0,72
Success,2025-09-01 13:13:00,Discover,Tehran,452545.0,11
Fail,2025-09-19 10:05:00,Visa,Tehran,976246.0,47
Fail,2025-09-28 14:11:00,Mastercard,Tehran,123456.0,45
Fail,2025-09-04 12:12:00,Discover,Tehran,774681.0,18
Fail,2025-09-24 00:00:00,Visa,Shiraz,850000.0,50
Success,2025-09-22 11:11:00,Visa,Tehran,343679.0,90
Fail,2025-09-27 21:21:00,American Express,Tehran,0.0,49
Fail,2025-09-02 02:24:00,Visa,Tabriz,250000.0,22
Fail,2025-09-25 02:20:00,Visa,Karaj,1578078.0,45
Fail,2025-09-14 02:24:00,Discover,Shiraz,100.5,61
Fail,2025-09-02 14:02:00,Visa,Mashhad,0.0,100
Fail,2025-09-29 14:11:00,Mastercard,Isfahan,100.5,94
Success,2025-09-15 14:11:00,Mastercard,Mashhad,343679.0,21
Success,2025-09-12 10:05:00,Visa,Tabriz,1.0,71
Success,2025-09-05 19:51:00,Visa,Tehran,471227.0,61
Success,2025-09-28 19:51:00,Visa,Qom,1463119.0,76
Success,2025-09-20 08:08:00,Master Card,Mashhad,343679.0,36
Success,2025-09-29 14:00:00,Discover,Mashhad,1768588.0,24
Success,2025-09-07 08:59:00,Mastercard,Tehran,452545.0,32
Fail,2025-09-24 23:59:00,Mastercard,Karaj,100.5,92
Fail,2025-09-21 11:11:00,Mastercard,Tehran,585954.0,97
Fail,2025-09-10 19:40:00,Discover,Isfahan,2020587.5,59
Fail,2025-09-14 11:11:00,Mastercard,Tabriz,50200.0,97
Success,2025-09-14 13:10:00,Visa,Tehran,1387769.0,97
Fail,2025-09-05 09:00:00,Mastercard,Isfahan,914282.0,91
Success,2025-09-18 07:08:00,American Express,Tehran,99999.0,75
Fail,2025-09-24 03:00:00,Mastercard,Isfahan,471227.0,82
Fail,2025-09-14 14:30:00,Visa,Tabriz,99999.0,5
Fail,2025-09-02 04:04:00,Discover,Qom,976246.0,16
Success,2025-09-26 21:23:00,Visa,Tabriz,452545.0,11
Success,2025-09-12 18:00:00,Mastercard,Tehran,850000.0,35
Fail,2025-09-22 09:45:00,Mastercard,Tehran,0.0,75
Success,2025-09-24 14:55:00,Nan,Tabriz,774681.0,42
Success,2025-09-06 18:12:00,American Express,Isfahan,1578078.0,88
Success,2025-09-04 16:16:00,American Express,Karaj,1427657.0,99
Fail,2025-09-13 07:08:00,Visa,Tabriz,1768588.0,81
Fail,2025-09-04 19:40:00,Mastercard,Tehran,471227.0,10
Fail,2025-09-22 11:11:00,Mastercard,Ahvaz,0.0,82
Success,2025-09-14 17:17:00,American Express,Tehran,343679.0,8
Fail,2025-09-16 03:27:00,Discover,Mashhad,976246.0,26
Fail,2025-09-29 11:11:00,Master Card,Tabriz,1472823.0,3
Success,2025-09-04 02:37:00,Discover,Ahvaz,914282.0,59
Fail,2025-09-24 02:20:00,Visa,Tehran,200000.0,89
Success,2025-09-25 18:45:00,Visa,Tehran,177050.0,3
Success,2025-09-01 04:04:00,Mastercard,Tehran,200000.0,38
Fail,2025-09-13 16:40:00,Mastercard,Qom,0.0,2
Fail,2025-09-04 19:51:00,Nan,Tabriz,850000.0,100
Fail,2025-09-20 19:29:00,Visa,Tehran,583952.0,17
Fail,2025-09-18 21:23:00,Visa,Unknown,450000.0,73
Success,2025-09-06 21:23:00,Mastercard,Ahvaz,177050.0,36
Fail,2025-09-03 05:23:00,Visa,Isfahan,0.0,87
Fail,2025-09-23 06:30:00,Nan,Tehran,100.5,96
Fail,2025-09-13 21:23:00,Visa,Shiraz,2020587.5,99
Fail,2025-09-27 14:11:00,Discover,Tehran,333333.0,89
Fail,2025-09-16 08:08:00,Mastercard,Karaj,343679.0,73
Fail,2025-09-27 02:30:00,Visa,Tehran,200000.0,2
Success,2025-09-05 16:40:00,American Express,Isfahan,200000.0,85
Success,2025-09-04 03:27:00,Nan,Tehran,1502601.0,34
Success,2025-09-21 11:11:00,Mastercard,Tehran,1305967.0,27
Success,2025-09-08 07:07:00,Discover,Tabriz,177050.0,37
Fail,2025-09-19 08:59:00,Visa,Karaj,585954.0,71
Success,2025-09-14 12:34:00,Visa,Tehran,471227.0,22
Fail,2025-09-07 23:17:00,Mastercard,Tehran,1050805.0,68
Success,2025-09-14 12:34:00,American Express,Karaj,250000.0,14
Fail,2025-09-06 11:11:00,Visa,Karaj,850000.0,99
Fail,2025-09-12 23:59:00,Mastercard,Tehran,300000.0,23
Fail,2025-09-16 13:10:00,Visa,Isfahan,1578078.0,44
Fail,2025-09-17 02:24:00,Mastercard,Shiraz,452545.0,90
Fail,2025-09-13 11:11:00,Visa,Ahvaz,50200.0,65
Fail,2025-09-23 13:13:00,Master Card,Shiraz,0.0,79
Success,2025-09-14 00:00:00,Discover,Tehran,0.0,97
Fail,2025-09-29 08:59:00,Visa,Qom,0.0,78
Fail,2025-09-07 16:16:00,Visa,Tehran,200000.0,61
Fail,2025-09-14 14:11:00,Mastercard,Tehran,452545.0,85
Fail,2025-09-15 10:05:00,Mastercard,Qom,976246.0,55
Fail,2025-09-12 13:13:00,Mastercard,Unknown,100.5,71
Fail,2025-09-17 08:59:00,Mastercard,Tehran,1050805.0,85
Success,2025-09-09 02:30:00,Visa,Mashhad,99999.0,50
Fail,2025-09-22 23:59:00,Mastercard,Ahvaz,419089.0,12
Success,2025-09-15 23:17:00,Mastercard,Tehran,1050805.0,79
Success,2025-09-12 17:07:00,Visa,Tehran,0.0,15
Success,2025-09-02 13:10:00,Visa,Isfahan,1158713.0,17
Fail,2025-09-05 08:08:00,Mastercard,Isfahan,0.0,34
Success,2025-09-13 09:45:00,Mastercard,Tabriz,471227.0,35
Success,2025-09-27 05:56:00,Mastercard,Tabriz,1578078.0,39
Fail,2025-09-20 04:40:00,Visa,Qom,914282.0,78
Fail,2025-09-23 19:29:00,American Express,Isfahan,900000.0,55
Success,2025-09-08 01:51:00,Visa,Tehran,1387769.0,59
Fail,2025-09-27 08:08:00,Visa,Karaj,452545.0,5
Success,2025-09-14 11:11:00,Mastercard,Tehran,1000.0,30
Fail,2025-09-15 13:13:00,Mastercard,Karaj,452545.0,4
Fail,2025-09-11 14:30:00,Visa,Tabriz,443463.0,15
Fail,2025-09-01 18:45:00,Discover,Mashhad,1.0,35
Fail,2025-09-21 19:51:00,Visa,Isfahan,1427657.0,74
Success,2025-09-03 08:59:00,Mastercard,Qom,452545.0,55
Success,2025-09-17 05:23:00,Discover,Ahvaz,0.0,66
Success,2025-09-28 11:11:00,American Express,Tehran,177050.0,60
Success,2025-09-19 00:00:00,Discover,Tabriz,452545.0,24
Fail,2025-09-14 08:08:00,American Express,Qom,1502601.0,93
Success,2025-09-22 07:08:00,Mastercard,Mashhad,1463119.0,22
Success,2025-09-30 02:37:00,American Express,Unknown,0.0,44
Success,2025-09-23 12:12:00,Mastercard,Karaj,976246.0,32
Success,2025-09-08 05:56:00,Mastercard,Isfahan,412308.0,96
Success,2025-09-13 00:00:00,Mastercard,Mashhad,545116.0,83
Fail,2025-09-27 14:11:00,Mastercard,Tabriz,100.5,51
Success,2025-09-20 19:51:00,Visa,Ahvaz,177050.0,85
Fail,2025-09-03 07:32:00,American Express,Karaj,452545.0,3
Success,2025-09-05 02:20:00,Visa,Tehran,200000.0,70
Fail,2025-09-09 23:17:00,Visa,Qom,0.0,32
Fail,2025-09-29 02:24:00,Visa,Shiraz,545116.0,2
Success,2025-09-06 02:30:00,Visa,Mashhad,583952.0,89
Success,2025-09-25 14:55:00,Discover,Shiraz,2020587.5,59
Fail,2025-09-22 22:27:00,Mastercard,Isfahan,419089.0,92
Fail,2025-09-02 19:40:00,American Express,Karaj,452545.0,73
Success,2025-09-13 16:16:00,Mastercard,Tehran,1305967.0,77
Fail,2025-09-05 15:45:00,Visa,Tehran,123456.0,14
Fail,2025-09-28 03:00:00,Visa,Karaj,450000.0,51
Success,2025-09-27 02:37:00,Visa,Tehran,50200.0,11
Success,2025-09-25 07:32:00,Mastercard,Shiraz,1305967.0,78
Success,2025-09-08 14:11:00,Visa,Karaj,774681.0,80
Fail,2025-09-23 23:59:00,Visa,Karaj,1.0,10
Fail,2025-09-01 12:44:00,Discover,Isfahan,1782689.0,84
Success,2025-09-20 23:17:00,Mastercard,Tehran,450000.0,80
Success,2025-09-12 03:27:00,American Express,Tehran,976246.0,58
Success,2025-09-23 14:11:00,Master Card,Tehran,2020587.5,34
Success,2025-09-11 08:08:00,Visa,Isfahan,0.0,80
Success,2025-09-07 04:40:00,Mastercard,Tabriz,343679.0,78
Success,2025-09-15 13:10:00,Discover,Tehran,1387769.0,53
Fail,2025-09-22 12:12:00,Discover,Karaj,1578078.0,28
Fail,2025-09-24 09:09:00,Mastercard,Tehran,50200.0,18
Success,2025-09-11 05:23:00,Visa,Tehran,583952.0,26
Success,2025-09-29 20:20:00,Discover,Tehran,250000.0,7
Success,2025-09-22 07:08:00,Discover,Tehran,100.5,45
Fail,2025-09-26 20:33:00,Visa,Tabriz,976246.0,99
Fail,2025-09-16 19:19:00,Mastercard,Qom,1.0,45
Fail,2025-09-03 01:51:00,Discover,Tehran,100.5,71
Fail,2025-09-20 15:45:00,Visa,Tabriz,200000.0,98
Fail,2025-09-14 00:00:00,Mastercard,Isfahan,1883871.0,35
Fail,2025-09-03 00:00:00,Visa,Tabriz,2020587.5,52
Success,2025-09-01 11:11:00,Mastercard,Ahvaz,99999.0,21
Success,2025-09-26 09:00:00,American Express,Mashhad,100000.0,28
Success,2025-09-21 08:08:00,Visa,Tabriz,452545.0,97
Fail,2025-09-15 06:30:00,Mastercard,Tabriz,914465.0,44
Success,2025-09-01 12:12:00,American Express,Tehran,452545.0,80
Success,2025-09-17 19:51:00,Visa,Tehran,452545.0,56
Fail,2025-09-02 18:45:00,Mastercard,Karaj,205000.0,10
Fail,2025-09-29 11:11:00,Mastercard,Tehran,555555.0,23
Fail,2025-09-20 02:30:00,Mastercard,Mashhad,1502601.0,48
Success,2025-09-06 13:13:00,Mastercard,Karaj,177050.0,52
Success,2025-09-08 13:13:00,Mastercard,Isfahan,1768588.0,15
Fail,2025-09-29 02:37:00,Visa,Isfahan,1463119.0,55
Fail,2025-09-16 02:30:00,Visa,Tehran,205000.0,43
Success,2025-09-19 05:56:00,Nan,Tehran,452545.0,50
Fail,2025-09-01 20:33:00,Visa,Tehran,100000.0,6
Fail,2025-09-03 03:27:00,Visa,Qom,452545.0,33
Success,2025-09-28 02:37:00,Mastercard,Tehran,583952.0,62
Fail,2025-09-03 07:08:00,Mastercard,Karaj,100000.0,55
Fail,2025-09-05 12:12:00,Discover,Isfahan,1883871.0,39
Fail,2025-09-27 14:55:00,Visa,Shiraz,1427657.0,12
Fail,2025-09-12 21:23:00,Mastercard,Tehran,650000.0,31
Fail,2025-09-12 06:30:00,Discover,Qom,0.0,74
Fail,2025-09-20 18:00:00,Discover,Tabriz,583952.0,53
Success,2025-09-13 03:00:00,American Express,Tabriz,0.0,34
Fail,2025-09-20 20:33:00,Mastercard,Tehran,452545.0,41
Success,2025-09-09 18:45:00,American Express,Isfahan,1427657.0,10
Fail,2025-09-07 06:30:00,Mastercard,Mashhad,0.0,52
Success,2025-09-04 11:11:00,American Express,Qom,0.0,75
Fail,2025-09-19 04:04:00,American Express,Tabriz,583952.0,57
Success,2025-09-22 09:45:00,Discover,Ahvaz,100000.0,78
Fail,2025-09-19 01:01:00,Discover,Mashhad,1768588.0,3
Fail,2025-09-06 04:40:00,Discover,Shiraz,914465.0,57
Fail,2025-09-27 14:11:00,Nan,Tabriz,177050.0,33
Success,2025-09-13 14:11:00,Visa,Karaj,2020587.5,7
Fail,2025-09-11 12:44:00,American Express,Shiraz,452545.0,4
Success,2025-09-13 19:51:00,Nan,Tehran,900000.0,39
Fail,2025-09-13 08:08:00,Mastercard,Tehran,1502601.0,48
Fail,2025-09-28 14:00:00,Nan,Isfahan,450000.0,74
Fail,2025-09-25 04:04:00,Visa,Tehran,0.0,79
Fail,2025-09-22 18:45:00,Mastercard,Tabriz,545116.0,16
Success,2025-09-28 23:59:00,American Express,Isfahan,583952.0,38
Fail,2025-09-20 02:30:00,Mastercard,Tehran,0.0,4
Success,2025-09-15 03:27:00,Discover,Qom,1305967.0,4
Fail,2025-09-21 00:00:00,Mastercard,Tabriz,1050805.0,27
Fail,2025-09-13 04:04:00,Mastercard,Karaj,177050.0,87
Success,2025-09-22 14:11:00,Visa,Tehran,471227.0,87
Success,2025-09-11 02:30:00,Visa,Isfahan,1463119.0,17
Fail,2025-09-19 13:13:00,Visa,Qom,1463119.0,99
Fail,2025-09-08 08:08:00,Visa,Qom,343679.0,97
Success,2025-09-20 02:20:00,Mastercard,Shiraz,1000.0,70
Fail,2025-09-08 23:59:00,American Express,Tabriz,99999.0,54
Fail,2025-09-10 21:10:00,American Express,Isfahan,452545.0,98
Fail,2025-09-26 02:24:00,Mastercard,Tehran,250000.0,8
Fail,2025-09-16 08:59:00,Mastercard,Tehran,177050.0,53
Fail,2025-09-19 01:01:00,Discover,Tabriz,0.0,5
Fail,2025-09-26 19:29:00,American Express,Shiraz,914465.0,69
Success,2025-09-23 19:19:00,Visa,Tabriz,585954.0,47
Fail,2025-09-11 04:15:00,Mastercard,Isfahan,300000.0,74
Success,2025-09-13 06:06:00,Discover,Ahvaz,452545.0,40
Success,2025-09-28 05:56:00,Visa,Mashhad,200000.0,7
Success,2025-09-09 14:00:00,Discover,Tehran,914465.0,12
Fail,2025-09-20 14:11:00,Master Card,Shiraz,900000.0,95
Success,2025-09-24 04:04:00,Mastercard,Shiraz,5000.0,25
Fail,2025-09-19 10:48:00,Mastercard,Tehran,100000.0,28
Success,2025-09-16 07:07:00,Visa,Ahvaz,1578078.0,43
Success,2025-09-07 14:02:00,Visa,Tehran,976246.0,77
Fail,2025-09-19 00:00:00,Mastercard,Mashhad,850000.0,47
Fail,2025-09-12 19:29:00,American Express,Tehran,583952.0,49
Fail,2025-09-15 16:16:00,American Express,Tehran,583952.0,87
Success,2025-09-23 17:17:00,Visa,Tabriz,450000.0,54
Fail,2025-09-14 02:30:00,Discover,Isfahan,0.0,18
Fail,2025-09-11 18:45:00,Visa,Tehran,177050.0,27
Success,2025-09-26 19:51:00,Visa,Tehran,412308.0,72
Fail,2025-09-10 11:11:00,Mastercard,Tabriz,452545.0,6
Success,2025-09-27 19:51:00,Visa,Qom,585954.0,75
Success,2025-09-11 12:12:00,Visa,Qom,120000.0,94
Success,2025-09-06 14:55:00,Mastercard,Shiraz,452545.0,69
Success,2025-09-02 07:08:00,Master Card,Qom,100.5,71
Success,2025-09-11 20:33:00,Discover,Mashhad,100000.0,22
Fail,2025-09-19 03:27:00,American Express,Ahvaz,1387769.0,59
Success,2025-09-06 05:23:00,American Express,Tehran,0.0,47
Success,2025-09-14 22:27:00,Visa,Tabriz,50200.0,68
Success,2025-09-20 10:48:00,Discover,Tehran,452545.0,32
Fail,2025-09-06 05:56:00,Nan,Isfahan,471227.0,83
Fail,2025-09-17 19:29:00,Visa,Tehran,0.0,98
Fail,2025-09-10 19:40:00,Mastercard,Tehran,452545.0,1
Fail,2025-09-28 16:40:00,Visa,Tabriz,419089.0,54
Fail,2025-09-01 11:11:00,Visa,Qom,250000.0,46
Fail,2025-09-03 02:20:00,Mastercard,Tehran,177050.0,41
Success,2025-09-08 01:51:00,Visa,Qom,5000.0,41
Fail,2025-09-08 00:00:00,Visa,Tehran,177050.0,8
Success,2025-09-27 14:00:00,Visa,Ahvaz,12345.0,32
Fail,2025-09-20 12:12:00,American Express,Tehran,471227.0,30
Success,2025-09-22 01:01:00,Mastercard,Tabriz,1387769.0,46
Success,2025-09-15 10:48:00,Mastercard,Tabriz,2020587.5,93
Fail,2025-09-24 05:23:00,Nan,Mashhad,63489.0,52
Fail,2025-09-07 02:24:00,Visa,Shiraz,452545.0,97
Success,2025-09-11 02:37:00,Discover,Tehran,650000.0,90
Success,2025-09-07 09:09:00,Discover,Ahvaz,976246.0,99
Fail,2025-09-29 13:13:00,Visa,Tehran,0.0,61
Success,2025-09-04 01:01:00,Visa,Tehran,452545.0,98
Fail,2025-09-25 09:09:00,Mastercard,Mashhad,12345.0,13
Fail,2025-09-12 14:11:00,Visa,Tehran,976246.0,90
Success,2025-09-26 10:48:00,Master Card,Karaj,100000.0,40
Fail,2025-09-06 02:30:00,Visa,Tehran,914282.0,61
Fail,2025-09-14 01:51:00,Visa,Karaj,2020587.5,44
Fail,2025-09-12 19:51:00,Visa,Mashhad,452545.0,62
Success,2025-09-11 02:24:00,Discover,Qom,0.0,44
Fail,2025-09-19 19:51:00,Visa,Tehran,452545.0,48
Success,2025-09-21 14:11:00,Visa,Tehran,900000.0,74
Fail,2025-09-05 06:30:00,American Express,Shiraz,0.0,59
Fail,2025-09-14 12:34:00,Visa,Tabriz,2020587.5,57
Success,2025-09-21 19:51:00,Mastercard,Isfahan,2020587.5,96
Success,2025-09-24 20:33:00,Mastercard,Mashhad,443463.0,11
Fail,2025-09-16 19:51:00,Discover,Tabriz,100.5,25
Fail,2025-09-25 08:08:00,Visa,Ahvaz,1578078.0,61
Success,2025-09-13 14:11:00,Discover,Tehran,0.0,46
Fail,2025-09-25 08:59:00,Visa,Isfahan,205000.0,54
Fail,2025-09-29 19:51:00,Mastercard,Tehran,63489.0,34
Fail,2025-09-22 19:51:00,Discover,Tehran,900000.0,84
Success,2025-09-22 19:29:00,Discover,Tehran,1463119.0,7
Fail,2025-09-25 13:10:00,American Express,Tehran,333333.0,98
Success,2025-09-20 10:05:00,Discover,Mashhad,976246.0,62
Success,2025-09-22 05:56:00,Mastercard,Mashhad,583952.0,57
Fail,2025-09-04 21:21:00,Visa,Isfahan,1387769.0,100
Fail,2025-09-11 12:12:00,American Express,Tabriz,177050.0,94
Fail,2025-09-17 16:40:00,Visa,Isfahan,300000.0,76
Fail,2025-09-07 04:40:00,Visa,Karaj,0.0,5
Fail,2025-09-14 16:40:00,Mastercard,Tehran,585954.0,76
Fail,2025-09-26 01:01:00,Discover,Karaj,471227.0,94
Success,2025-09-11 12:44:00,Visa,Tehran,914465.0,35
Fail,2025-09-28 14:11:00,American Express,Ahvaz,850000.0,84
Success,2025-09-22 15:45:00,Visa,Tehran,200000.0,37
Success,2025-09-09 05:23:00,Discover,Tehran,1578078.0,60
Fail,2025-09-23 22:27:00,American Express,Mashhad,100.5,65
Success,2025-09-13 04:15:00,Mastercard,Tehran,419089.0,16
Success,2025-09-23 12:44:00,Mastercard,Karaj,1305967.0,30
Fail,2025-09-18 00:00:00,Mastercard,Qom,0.0,73
Fail,2025-09-28 17:17:00,Mastercard,Tehran,1578078.0,42
Fail,2025-09-11 07:08:00,Visa,Karaj,450000.0,61
Fail,2025-09-15 16:40:00,Visa,Karaj,1050805.0,74
Fail,2025-09-25 17:17:00,Visa,Tehran,1463119.0,77
Success,2025-09-26 03:27:00,American Express,Shiraz,583952.0,48
Success,2025-09-25 10:05:00,Mastercard,Mashhad,0.0,62
Success,2025-09-22 12:12:00,Mastercard,Shiraz,0.0,84
Fail,2025-09-29 00:00:00,Discover,Tehran,650000.0,94
Fail,2025-09-19 13:10:00,Discover,Shiraz,0.0,64
Fail,2025-09-01 09:45:00,Mastercard,Tabriz,419089.0,57
Fail,2025-09-04 06:06:00,Mastercard,Shiraz,100.5,68
Fail,2025-09-14 16:40:00,American Express,Tehran,1463119.0,46
Fail,2025-09-14 21:23:00,Visa,Qom,452545.0,28
Fail,2025-09-03 13:10:00,Visa,Mashhad,1427657.0,77
Fail,2025-09-30 20:20:00,Visa,Karaj,976246.0,3
Fail,2025-09-28 14:30:00,Mastercard,Shiraz,452545.0,37
Success,2025-09-17 20:20:00,Visa,Tehran,452545.0,48
Fail,2025-09-03 18:00:00,Mastercard,Karaj,850000.0,19
Fail,2025-09-16 09:09:00,American Express,Isfahan,343679.0,93
Success,2025-09-14 07:07:00,Mastercard,Tehran,452545.0,83
Success,2025-09-30 16:40:00,American Express,Tehran,1387769.0,17
Fail,2025-09-20 10:48:00,Discover,Mashhad,419089.0,82
Fail,2025-09-29 02:30:00,Visa,Tehran,123456.0,82
Fail,2025-09-13 09:00:00,American Express,Tabriz,177050.0,88
Fail,2025-09-15 14:11:00,Visa,Karaj,1883871.0,40
Success,2025-09-14 03:00:00,Mastercard,Tehran,1158713.0,50
Success,2025-09-24 00:00:00,Visa,Tehran,452545.0,73
Fail,2025-09-25 10:05:00,Visa,Tehran,1578078.0,29
Fail,2025-09-19 03:27:00,Visa,Tehran,1578078.0,51
Fail,2025-09-06 14:55:00,Visa,Mashhad,452545.0,42
Success,2025-09-10 20:20:00,American Express,Isfahan,1768588.0,29
Fail,2025-09-27 19:51:00,Discover,Mashhad,555555.0,66
Fail,2025-09-15 09:00:00,Mastercard,Tehran,50200.0,17
Fail,2025-09-21 17:07:00,Discover,Tabriz,452545.0,31
Success,2025-09-22 21:10:00,Mastercard,Tabriz,1578078.0,93
Fail,2025-09-20 13:13:00,Discover,Ahvaz,0.0,52
Success,2025-09-26 05:23:00,Visa,Tehran,452545.0,39
Success,2025-09-06 12:44:00,Mastercard,Tehran,1578078.0,60
Success,2025-09-23 14:11:00,Mastercard,Ahvaz,63489.0,95
Fail,2025-09-25 13:13:00,Mastercard,Shiraz,0.0,100
Fail,2025-09-10 13:10:00,Mastercard,Tabriz,200000.0,51
Success,2025-09-07 23:59:00,Discover,Ahvaz,99999.0,84
Success,2025-09-22 03:00:00,Mastercard,Karaj,5000.0,16
Success,2025-09-17 22:27:00,Mastercard,Tehran,850000.0,99
Success,2025-09-18 02:30:00,Mastercard,Mashhad,1463119.0,14
Success,2025-09-17 19:29:00,Visa,Ahvaz,1578078.0,91
Success,2025-09-09 21:23:00,Visa,Tehran,471227.0,84
Success,2025-09-10 10:48:00,Discover,Mashhad,1387769.0,42
Success,2025-09-10 08:59:00,Visa,Tehran,300000.0,51
Fail,2025-09-25 17:17:00,Mastercard,Tabriz,1782689.0,24
Success,2025-09-07 23:59:00,Visa,Tabriz,452545.0,82
Success,2025-09-16 09:00:00,Mastercard,Mashhad,333333.0,43
Success,2025-09-29 02:37:00,Mastercard,Tehran,0.0,73
Success,2025-09-18 17:07:00,Visa,Isfahan,452545.0,19
Success,2025-09-06 21:23:00,Mastercard,Tabriz,100.5,84
Fail,2025-09-27 09:00:00,Visa,Karaj,1578078.0,61
Success,2025-09-20 13:10:00,Discover,Karaj,555555.0,95
Fail,2025-09-01 12:12:00,Mastercard,Tehran,412308.0,63
Fail,2025-09-01 00:00:00,Discover,Tehran,850000.0,26
Fail,2025-09-12 02:20:00,Discover,Karaj,1000.0,96
Fail,2025-09-21 22:27:00,Visa,Shiraz,1050805.0,35
Fail,2025-09-28 19:51:00,Nan,Mashhad,976246.0,67
Success,2025-09-02 04:04:00,Visa,Tehran,300000.0,56
Fail,2025-09-04 12:34:00,Mastercard,Tehran,100.5,40
Fail,2025-09-17 06:30:00,Visa,Tehran,1578078.0,29
Fail,2025-09-04 07:32:00,American Express,Karaj,250000.0,6
Fail,2025-09-11 09:45:00,Discover,Mashhad,343679.0,52
Success,2025-09-22 09:45:00,Visa,Tehran,200000.0,1
Fail,2025-09-26 12:44:00,Visa,Isfahan,1158713.0,52
Success,2025-09-04 19:40:00,Visa,Mashhad,650000.0,24
Fail,2025-09-01 04:40:00,Mastercard,Karaj,583952.0,34
Fail,2025-09-07 08:08:00,Mastercard,Tehran,650000.0,7
Fail,2025-09-30 02:37:00,Visa,Tehran,0.0,75
Success,2025-09-18 03:27:00,Mastercard,Tabriz,0.0,11
Success,2025-09-09 14:30:00,Visa,Tehran,1.0,36
Fail,2025-09-29 10:48:00,American Express,Tehran,452545.0,20
Fail,2025-09-03 19:19:00,Mastercard,Shiraz,452545.0,63
Fail,2025-09-08 23:59:00,Mastercard,Ahvaz,1472823.0,80
Fail,2025-09-29 14:02:00,American Express,Tehran,452545.0,63
Success,2025-09-24 07:08:00,Mastercard,Isfahan,850000.0,69
Fail,2025-09-19 03:27:00,American Express,Tabriz,63489.0,89
Success,2025-09-04 19:40:00,Visa,Tehran,177050.0,30
Success,2025-09-18 04:40:00,Visa,Karaj,99999.0,30
Success,2025-09-20 13:13:00,Visa,Shiraz,2020587.5,98
Fail,2025-09-27 21:10:00,Visa,Tabriz,471227.0,84
Fail,2025-09-11 15:45:00,Visa,Tehran,419089.0,22
Fail,2025-09-27 09:09:00,Mastercard,Tehran,200000.0,61
Success,2025-09-14 02:30:00,Visa,Tehran,583952.0,21
Success,2025-09-25 10:05:00,Mastercard,Ahvaz,1578078.0,37
Success,2025-09-18 21:21:00,Mastercard,Qom,545116.0,27
Success,2025-09-28 21:23:00,American Express,Tabriz,471227.0,35
Fail,2025-09-28 08:59:00,Mastercard,Shiraz,2020587.5,38
Fail,2025-09-29 00:00:00,Discover,Ahvaz,99999.0,60
Success,2025-09-16 04:15:00,Mastercard,Karaj,419089.0,70
Success,2025-09-03 16:40:00,American Express,Tabriz,1782689.0,32
Fail,2025-09-15 14:02:00,Visa,Tehran,976246.0,80
Success,2025-09-27 07:08:00,Visa,Mashhad,177050.0,93
Fail,2025-09-27 14:55:00,Mastercard,Tehran,471227.0,80
Success,2025-09-04 04:15:00,Mastercard,Tabriz,471227.0,27
Success,2025-09-05 11:11:00,American Express,Isfahan,1158713.0,3
Fail,2025-09-17 14:55:00,Visa,Tabriz,0.0,49
Fail,2025-09-07 01:51:00,Mastercard,Tehran,0.0,85
Fail,2025-09-16 14:30:00,Mastercard,Tehran,450000.0,30
Success,2025-09-14 19:51:00,Mastercard,Tehran,177050.0,22
Success,2025-09-26 08:08:00,Mastercard,Ahvaz,12345.0,19
Fail,2025-09-16 16:40:00,Visa,Isfahan,343679.0,31
Fail,2025-09-07 17:17:00,Visa,Tabriz,200000.0,20
Fail,2025-09-09 19:29:00,Visa,Tehran,1158713.0,19
Fail,2025-09-04 23:17:00,Discover,Shiraz,250000.0,2
Fail,2025-09-30 14:55:00,Discover,Karaj,774681.0,40
Fail,2025-09-30 00:00:00,Discover,Ahvaz,100.5,39
Success,2025-09-22 03:27:00,Visa,Isfahan,443463.0,92
Fail,2025-09-11 07:08:00,Mastercard,Qom,1578078.0,72
Success,2025-09-02 17:07:00,Visa,Tabriz,976246.0,54
Fail,2025-09-12 20:33:00,Discover,Karaj,1578078.0,27
Success,2025-09-12 09:45:00,Discover,Qom,177050.0,79
Fail,2025-09-30 19:40:00,Visa,Tabriz,1387769.0,12
Fail,2025-09-04 08:08:00,American Express,Tehran,976246.0,78
Success,2025-09-18 12:44:00,Discover,Qom,1427657.0,71
Fail,2025-09-26 10:05:00,Mastercard,Mashhad,419089.0,17
Success,2025-09-21 07:32:00,Discover,Tehran,583952.0,91
Success,2025-09-07 19:29:00,American Express,Tehran,583952.0,84
Success,2025-09-29 23:17:00,Visa,Tehran,63489.0,10
Success,2025-09-01 19:51:00,Discover,Qom,120000.0,19
Fail,2025-09-26 12:44:00,Nan,Isfahan,1463119.0,82
Success,2025-09-26 01:01:00,Discover,Isfahan,100.5,30
Fail,2025-09-23 09:09:00,Mastercard,Tabriz,419089.0,30
Fail,2025-09-26 19:29:00,Mastercard,Qom,50200.0,25
Success,2025-09-13 21:21:00,Visa,Tehran,1768588.0,89
Fail,2025-09-06 21:10:00,Visa,Tehran,585954.0,74
Success,2025-09-06 13:10:00,American Express,Tehran,0.0,66
Success,2025-09-12 03:27:00,Mastercard,Karaj,1305967.0,97
Success,2025-09-08 16:16:00,Mastercard,Tabriz,100.5,35
Success,2025-09-24 07:32:00,Visa,Tabriz,976246.0,51
Success,2025-09-22 02:37:00,Discover,Qom,2020587.5,71
Fail,2025-09-19 03:27:00,Mastercard,Ahvaz,452545.0,71
Fail,2025-09-05 09:45:00,Mastercard,Karaj,1463119.0,27
Success,2025-09-18 02:30:00,Mastercard,Tabriz,300000.0,10
Fail,2025-09-30 19:29:00,American Express,Tabriz,1502601.0,98
Success,2025-09-05 07:08:00,Visa,Tehran,452545.0,43
Fail,2025-09-30 23:59:00,Mastercard,Karaj,452545.0,55
Fail,2025-09-25 02:30:00,Discover,Karaj,471227.0,71
Fail,2025-09-10 07:08:00,American Express,Tabriz,177050.0,6
Success,2025-09-01 14:30:00,Visa,Ahvaz,419089.0,6
Fail,2025-09-10 23:59:00,Visa,Isfahan,177050.0,77
Success,2025-09-05 04:40:00,Visa,Isfahan,1578078.0,48
Success,2025-09-12 14:11:00,American Express,Tabriz,1050805.0,77
Success,2025-09-22 20:33:00,Visa,Tehran,250000.0,2
Fail,2025-09-30 21:21:00,Discover,Isfahan,1782689.0,83
Fail,2025-09-27 01:51:00,Visa,Tehran,123456.0,51
Success,2025-09-07 00:00:00,Discover,Mashhad,1578078.0,61
Fail,2025-09-09 13:10:00,Mastercard,Karaj,1463119.0,19
Fail,2025-09-22 08:59:00,Mastercard,Tehran,300000.0,2
Success,2025-09-21 04:04:00,Nan,Tehran,976246.0,51
Fail,2025-09-12 02:37:00,Visa,Tabriz,1.0,26
Success,2025-09-23 11:11:00,Discover,Mashhad,50200.0,70
Fail,2025-09-29 19:51:00,Discover,Tehran,850000.0,20
Success,2025-09-01 10:48:00,Discover,Tehran,100.5,23
Fail,2025-09-11 08:08:00,Visa,Mashhad,850000.0,54
Success,2025-09-30 23:59:00,Discover,Qom,774681.0,15
Success,2025-09-21 05:56:00,Master Card,Karaj,2020587.5,6
Fail,2025-09-15 09:09:00,Discover,Unknown,0.0,93
Success,2025-09-02 08:59:00,Visa,Ahvaz,585954.0,35
Fail,2025-09-20 07:08:00,Visa,Tabriz,555555.0,75
Fail,2025-09-07 01:01:00,Mastercard,Ahvaz,850000.0,8
Success,2025-09-21 19:19:00,Visa,Qom,1387769.0,57
Success,2025-09-12 02:37:00,Visa,Mashhad,1768588.0,50
Fail,2025-09-22 12:12:00,Mastercard,Tehran,452545.0,49
Fail,2025-09-18 09:09:00,Discover,Karaj,200000.0,89
Success,2025-09-03 02:30:00,American Express,Karaj,1472823.0,21
Success,2025-09-07 00:00:00,Visa,Tehran,419089.0,36
Fail,2025-09-11 18:45:00,Visa,Tehran,250000.0,71
Fail,2025-09-18 02:54:00,Visa,Ahvaz,1768588.0,69
Fail,2025-09-12 19:51:00,Mastercard,Tabriz,0.0,58
Fail,2025-09-06 08:59:00,Mastercard,Tabriz,99999.0,63
Success,2025-09-05 08:59:00,Visa,Tehran,200000.0,94
Success,2025-09-26 12:34:00,Visa,Tehran,1387769.0,16
Fail,2025-09-01 08:08:00,Discover,Shiraz,177050.0,6
Success,2025-09-12 12:12:00,Mastercard,Tehran,452545.0,78
Fail,2025-09-27 02:20:00,Mastercard,Tehran,471227.0,52
Fail,2025-09-26 10:48:00,Mastercard,Karaj,583952.0,2
Success,2025-09-11 15:45:00,Visa,Isfahan,452545.0,90
Fail,2025-09-04 10:48:00,Visa,Isfahan,452545.0,96
Fail,2025-09-27 18:00:00,Visa,Tabriz,545116.0,77
Success,2025-09-18 02:30:00,Visa,Tehran,471227.0,18
Success,2025-09-04 19:40:00,Visa,Tehran,976246.0,81
Success,2025-09-17 09:45:00,Mastercard,Mashhad,0.0,93
Fail,2025-09-02 07:08:00,Visa,Tehran,0.0,76
Success,2025-09-29 13:13:00,Visa,Tehran,443463.0,35
Success,2025-09-24 13:13:00,Mastercard,Karaj,0.0,87
Success,2025-09-22 09:09:00,Mastercard,Shiraz,343679.0,39
Success,2025-09-02 21:21:00,Mastercard,Tehran,650000.0,1
Fail,2025-09-12 03:27:00,Visa,Mashhad,452545.0,37
Fail,2025-09-06 19:51:00,American Express,Tehran,0.0,21
Fail,2025-09-10 10:05:00,Mastercard,Karaj,443463.0,1
Success,2025-09-25 12:44:00,Discover,Tehran,177050.0,4
Fail,2025-09-23 03:00:00,Mastercard,Tehran,1463119.0,97
Fail,2025-09-25 09:00:00,Discover,Tabriz,177050.0,58
Success,2025-09-21 16:40:00,Visa,Tabriz,585954.0,1
Fail,2025-09-23 21:23:00,Visa,Tehran,1387769.0,13
Fail,2025-09-27 03:27:00,Nan,Tabriz,50200.0,46
Success,2025-09-16 02:37:00,Mastercard,Isfahan,1782689.0,47
Fail,2025-09-14 12:12:00,Visa,Tehran,0.0,81
Success,2025-09-07 09:45:00,Mastercard,Tehran,250000.0,76
Fail,2025-09-28 23:59:00,Discover,Tehran,12345.0,7
Success,2025-09-28 09:00:00,Visa,Tehran,583952.0,51
Success,2025-09-19 19:40:00,Discover,Tehran,850000.0,3
Fail,2025-09-23 18:45:00,Mastercard,Tehran,0.0,50
Success,2025-09-17 21:23:00,Visa,Tehran,1578078.0,26
Fail,2025-09-09 19:40:00,American Express,Tehran,452545.0,31
Success,2025-09-26 04:40:00,Visa,Qom,200000.0,62
Success,2025-09-13 19:51:00,Mastercard,Tabriz,200000.0,26
Success,2025-09-22 22:27:00,Nan,Tehran,0.0,67
Success,2025-09-05 14:00:00,Mastercard,Tehran,123456.0,55
Fail,2025-09-23 11:11:00,Mastercard,Karaj,1387769.0,28
Fail,2025-09-05 14:30:00,Discover,Tehran,452545.0,44
Success,2025-09-10 10:48:00,Mastercard,Tabriz,205000.0,81
Fail,2025-09-21 16:16:00,Nan,Isfahan,1.0,38
Success,2025-09-27 14:00:00,Visa,Shiraz,452545.0,30
Fail,2025-09-10 13:10:00,Mastercard,Mashhad,1050805.0,66
Success,2025-09-27 18:12:00,Discover,Tehran,452545.0,8
Fail,2025-09-07 23:59:00,Discover,Isfahan,452545.0,14
Success,2025-09-26 10:48:00,Mastercard,Tehran,452545.0,100
Success,2025-09-15 08:08:00,Master Card,Qom,452545.0,62
Success,2025-09-07 14:30:00,Discover,Mashhad,452545.0,75
Fail,2025-09-29 20:33:00,Mastercard,Ahvaz,452545.0,63
Fail,2025-09-27 13:10:00,Master Card,Tehran,452545.0,79
Fail,2025-09-15 18:12:00,Mastercard,Karaj,976246.0,66
Fail,2025-09-03 19:51:00,Mastercard,Isfahan,1782689.0,97
Fail,2025-09-19 19:19:00,Visa,Tabriz,1050805.0,40
Success,2025-09-10 06:30:00,Master Card,Tehran,471227.0,13
Fail,2025-09-28 03:27:00,Visa,Isfahan,976246.0,17
Fail,2025-09-29 19:51:00,Visa,Ahvaz,1387769.0,15
Fail,2025-09-15 12:12:00,Visa,Tehran,0.0,33
Fail,2025-09-03 18:00:00,Mastercard,Qom,250000.0,16
Fail,2025-09-06 00:00:00,Discover,Mashhad,1.0,13
Success,2025-09-12 02:37:00,Mastercard,Karaj,63489.0,87
Success,2025-09-15 19:51:00,Discover,Tehran,100.5,23
Fail,2025-09-06 04:40:00,Visa,Mashhad,585954.0,36
Fail,2025-09-13 15:45:00,Discover,Tabriz,452545.0,43
Success,2025-09-29 03:27:00,American Express,Tehran,0.0,50
Success,2025-09-19 20:33:00,Visa,Shiraz,5000.0,74
Success,2025-09-03 11:11:00,Visa,Qom,1000.0,81
Fail,2025-09-08 21:21:00,Mastercard,Ahvaz,914282.0,95
Success,2025-09-08 06:30:00,Visa,Tehran,419089.0,13
Success,2025-09-23 06:06:00,Mastercard,Tabriz,2020587.5,30
Fail,2025-09-26 08:08:00,Visa,Ahvaz,1883871.0,57
Success,2025-09-20 07:07:00,Discover,Isfahan,1883871.0,30
Fail,2025-09-15 05:56:00,Mastercard,Shiraz,1768588.0,71
Fail,2025-09-04 02:30:00,American Express,Tehran,452545.0,10
Success,2025-09-19 09:09:00,Visa,Tabriz,452545.0,100
Fail,2025-09-21 13:13:00,Visa,Qom,177050.0,66
Fail,2025-09-03 02:30:00,American Express,Mashhad,12345.0,95
Success,2025-09-13 14:55:00,Nan,Ahvaz,452545.0,83
Success,2025-09-08 10:48:00,Visa,Karaj,452545.0,39
Fail,2025-09-23 07:32:00,Visa,Ahvaz,914465.0,37
Success,2025-09-16 17:17:00,Mastercard,Tabriz,250000.0,3
Success,2025-09-13 02:37:00,Discover,Karaj,452545.0,90
Fail,2025-09-03 06:30:00,American Express,Qom,0.0,34
Success,2025-09-16 03:27:00,Mastercard,Mashhad,1502601.0,87
Success,2025-09-09 02:37:00,Visa,Isfahan,583952.0,38
Fail,2025-09-28 14:02:00,Mastercard,Tabriz,914465.0,14
Success,2025-09-14 02:30:00,Mastercard,Tehran,914465.0,64
Success,2025-09-13 23:17:00,Discover,Tehran,774681.0,39
Fail,2025-09-21 13:13:00,Discover,Tehran,1578078.0,54
Fail,2025-09-25 22:27:00,Mastercard,Karaj,452545.0,2
Fail,2025-09-07 02:30:00,American Express,Tehran,452545.0,97
Fail,2025-09-15 04:04:00,Visa,Karaj,2020587.5,43
Fail,2025-09-07 02:20:00,Mastercard,Karaj,177050.0,53
Fail,2025-09-06 03:27:00,Visa,Tabriz,100.5,3
Fail,2025-09-02 13:10:00,Discover,Mashhad,0.0,41
Success,2025-09-09 05:23:00,Visa,Tehran,200000.0,8
Fail,2025-09-22 19:19:00,Visa,Ahvaz,412308.0,91
Fail,2025-09-24 18:00:00,Mastercard,Tehran,0.0,97
Fail,2025-09-17 01:01:00,Visa,Mashhad,450000.0,75
Fail,2025-09-05 08:59:00,American Express,Tehran,2020587.5,63
Success,2025-09-12 17:17:00,Mastercard,Tabriz,1768588.0,65
Success,2025-09-01 04:04:00,Mastercard,Isfahan,452545.0,79
Success,2025-09-10 12:12:00,Mastercard,Tehran,1578078.0,4
Success,2025-09-11 17:07:00,Discover,Shiraz,200000.0,68
Success,2025-09-16 21:23:00,Mastercard,Isfahan,914465.0,93
Fail,2025-09-14 18:45:00,Mastercard,Mashhad,452545.0,10
Fail,2025-09-08 10:48:00,Mastercard,Karaj,1387769.0,75
Success,2025-09-24 09:45:00,Visa,Tabriz,177050.0,50
Success,2025-09-17 14:11:00,Visa,Shiraz,200000.0,23
Success,2025-09-25 13:13:00,Visa,Tabriz,583952.0,61
Fail,2025-09-18 18:12:00,Mastercard,Mashhad,452545.0,47
Fail,2025-09-12 19:19:00,Visa,Tehran,452545.0,3
Fail,2025-09-25 04:04:00,Visa,Tehran,412308.0,17
Fail,2025-09-17 02:37:00,Visa,Tehran,452545.0,22
Fail,2025-09-28 07:08:00,Visa,Tabriz,452545.0,92
Fail,2025-09-26 09:00:00,Visa,Isfahan,250000.0,16
Fail,2025-09-14 05:56:00,Mastercard,Shiraz,585954.0,80
Success,2025-09-16 21:23:00,Visa,Karaj,343679.0,3
Success,2025-09-14 01:01:00,Mastercard,Tehran,1472823.0,52
Success,2025-09-09 04:40:00,Mastercard,Tehran,343679.0,33
Fail,2025-09-04 01:51:00,Mastercard,Ahvaz,5000.0,42
Fail,2025-09-25 21:21:00,Master Card,Karaj,1768588.0,2
Success,2025-09-23 19:51:00,Visa,Karaj,123456.0,39
Fail,2025-09-11 02:24:00,Mastercard,Shiraz,100000.0,46
Success,2025-09-06 20:20:00,Discover,Ahvaz,914282.0,48
Success,2025-09-15 14:02:00,Mastercard,Isfahan,120000.0,27
Fail,2025-09-05 15:45:00,American Express,Qom,650000.0,15
Fail,2025-09-11 10:05:00,Visa,Ahvaz,452545.0,7
Success,2025-09-25 08:59:00,Discover,Tehran,343679.0,57
Fail,2025-09-18 19:51:00,Mastercard,Isfahan,774681.0,42
Success,2025-09-30 00:00:00,Visa,Karaj,452545.0,9
Success,2025-09-13 18:45:00,American Express,Mashhad,452545.0,6
Success,2025-09-11 08:08:00,Discover,Karaj,412308.0,57
Success,2025-09-14 11:11:00,Mastercard,Tabriz,0.0,76
Fail,2025-09-28 22:27:00,Visa,Tehran,1578078.0,30
Success,2025-09-18 21:10:00,Master Card,Tehran,1305967.0,55
Success,2025-09-27 19:29:00,Mastercard,Tehran,914465.0,84
Fail,2025-09-28 19:51:00,Visa,Tehran,585954.0,84
Fail,2025-09-25 13:10:00,Visa,Tabriz,914465.0,54
Fail,2025-09-28 07:32:00,American Express,Tehran,333333.0,27
Success,2025-09-19 21:21:00,Discover,Tehran,452545.0,84
Success,2025-09-24 14:30:00,Nan,Tabriz,452545.0,59
Fail,2025-09-27 21:23:00,Mastercard,Isfahan,2020587.5,7
Fail,2025-09-15 21:21:00,Discover,Tabriz,1427657.0,40
Success,2025-09-09 02:37:00,Visa,Ahvaz,0.0,95
Fail,2025-09-08 02:20:00,Visa,Ahvaz,452545.0,72
Success,2025-09-20 12:34:00,Mastercard,Tehran,452545.0,2
Fail,2025-09-28 07:08:00,American Express,Karaj,583952.0,14
Fail,2025-09-01 06:30:00,Discover,Mashhad,123456.0,10
Success,2025-09-04 23:59:00,Visa,Tehran,1.0,50
Fail,2025-09-14 02:24:00,Mastercard,Karaj,774681.0,18
Success,2025-09-25 07:07:00,Mastercard,Tehran,452545.0,18
Success,2025-09-02 23:17:00,Discover,Tehran,850000.0,16
Success,2025-09-16 08:08:00,Visa,Tehran,100.5,52
Success,2025-09-03 01:51:00,American Express,Tehran,976246.0,69
Fail,2025-09-26 00:00:00,Mastercard,Karaj,850000.0,52
Success,2025-09-08 16:40:00,Discover,Isfahan,100000.0,31
Fail,2025-09-06 21:23:00,Mastercard,Karaj,1050805.0,84
Success,2025-09-16 18:00:00,Visa,Tabriz,100.5,23
Fail,2025-09-24 11:11:00,Discover,Tehran,0.0,97
Fail,2025-09-16 04:40:00,Mastercard,Karaj,1883871.0,42
Fail,2025-09-07 19:40:00,American Express,Qom,1502601.0,81
Fail,2025-09-30 01:51:00,Discover,Ahvaz,0.0,62
Fail,2025-09-13 02:37:00,Visa,Shiraz,452545.0,77
Fail,2025-09-13 23:17:00,Visa,Tehran,452545.0,50
Fail,2025-09-05 02:37:00,Visa,Karaj,100.5,77
Fail,2025-09-25 18:00:00,Visa,Tehran,583952.0,81
Success,2025-09-20 18:45:00,Visa,Tabriz,1158713.0,15
Fail,2025-09-22 02:20:00,Discover,Tehran,100.5,91
Fail,2025-09-18 01:01:00,Mastercard,Tabriz,2020587.5,44
Success,2025-09-15 01:01:00,Visa,Isfahan,452545.0,93
Fail,2025-09-18 07:08:00,Discover,Tehran,1883871.0,42
Fail,2025-09-02 19:51:00,Mastercard,Tabriz,650000.0,45
Success,2025-09-10 21:23:00,Visa,Ahvaz,333333.0,95
Fail,2025-09-23 23:59:00,Mastercard,Karaj,250000.0,35
Fail,2025-09-13 14:30:00,Visa,Tehran,452545.0,22
Success,2025-09-18 21:23:00,Visa,Tehran,585954.0,74
Success,2025-09-15 11:11:00,Discover,Tehran,1578078.0,75
Success,2025-09-12 14:11:00,Mastercard,Tehran,914282.0,38
Success,2025-09-15 12:12:00,Mastercard,Mashhad,1578078.0,98
Success,2025-09-13 11:11:00,Mastercard,Tehran,452545.0,70
Success,2025-09-18 11:11:00,Visa,Tehran,123456.0,64
Fail,2025-09-15 04:40:00,Discover,Tehran,1158713.0,7
Success,2025-09-25 23:17:00,Mastercard,Tehran,1158713.0,44
Fail,2025-09-23 23:59:00,Mastercard,Mashhad,300000.0,76
Success,2025-09-11 10:05:00,Visa,Unknown,63489.0,7
Success,2025-09-19 19:19:00,American Express,Tehran,1578078.0,66
Success,2025-09-03 14:55:00,Discover,Qom,100.5,60
Success,2025-09-07 06:30:00,Mastercard,Isfahan,5000.0,1
Success,2025-09-21 00:00:00,Discover,Isfahan,300000.0,62
Fail,2025-09-26 10:05:00,American Express,Tehran,1768588.0,88
Fail,2025-09-14 04:04:00,Discover,Qom,850000.0,90
Fail,2025-09-14 12:12:00,Discover,Ahvaz,100.5,18
Success,2025-09-22 09:00:00,Visa,Shiraz,452545.0,7
Success,2025-09-13 17:17:00,Mastercard,Mashhad,914465.0,54
Success,2025-09-12 14:11:00,American Express,Ahvaz,452545.0,67
Success,2025-09-24 03:27:00,Visa,Tehran,452545.0,94
Fail,2025-09-09 17:17:00,Visa,Tehran,0.0,10
Success,2025-09-01 01:01:00,Visa,Ahvaz,914465.0,61
Success,2025-09-19 18:00:00,Visa,Mashhad,452545.0,59
Success,2025-09-11 23:59:00,Mastercard,Tehran,585954.0,59
Fail,2025-09-23 04:15:00,Mastercard,Tehran,1463119.0,69
Success,2025-09-22 07:08:00,Visa,Tabriz,0.0,63
Success,2025-09-23 18:12:00,Discover,Isfahan,1050805.0,99
Fail,2025-09-24 23:59:00,Visa,Tehran,452545.0,8
Success,2025-09-22 14:55:00,Discover,Tabriz,412308.0,78
Fail,2025-09-19 23:17:00,Visa,Tehran,250000.0,55
Success,2025-09-18 23:59:00,Mastercard,Mashhad,50200.0,6
Success,2025-09-12 22:27:00,Mastercard,Tehran,452545.0,1
Fail,2025-09-23 17:17:00,Mastercard,Karaj,1000.0,56
Success,2025-09-28 20:33:00,Visa,Tabriz,976246.0,98
Success,2025-09-28 11:11:00,Discover,Shiraz,50200.0,75
Success,2025-09-28 07:07:00,Mastercard,Tehran,452545.0,89
Success,2025-09-27 08:08:00,Visa,Tehran,200000.0,10
Success,2025-09-01 07:32:00,Visa,Tehran,0.0,23
Success,2025-09-19 19:51:00,Mastercard,Shiraz,555555.0,16
Fail,2025-09-28 18:00:00,American Express,Tehran,1427657.0,16
Fail,2025-09-27 05:56:00,Visa,Tabriz,976246.0,56
Success,2025-09-20 11:11:00,Visa,Tehran,585954.0,96
Success,2025-09-29 21:23:00,Discover,Qom,850000.0,6
Fail,2025-09-30 13:13:00,Discover,Tabriz,50200.0,30
Fail,2025-09-17 05:56:00,Mastercard,Tehran,123456.0,63
Success,2025-09-05 17:17:00,Discover,Ahvaz,300000.0,1
Fail,2025-09-26 11:11:00,Discover,Karaj,900000.0,51
Success,2025-09-03 00:00:00,Visa,Tehran,1427657.0,90
Success,2025-09-02 08:08:00,Visa,Ahvaz,123456.0,46
Success,2025-09-03 22:27:00,Discover,Tabriz,976246.0,21
Fail,2025-09-08 15:45:00,Visa,Qom,1158713.0,100
Success,2025-09-16 09:00:00,Mastercard,Karaj,1000.0,38
Success,2025-09-06 08:08:00,Discover,Tehran,1472823.0,69
Fail,2025-09-13 02:30:00,Visa,Tehran,1578078.0,63
Fail,2025-09-30 08:08:00,Visa,Tehran,452545.0,50
Fail,2025-09-23 02:20:00,Mastercard,Tehran,1502601.0,12
Fail,2025-09-28 20:20:00,Visa,Tehran,0.0,69
Fail,2025-09-22 11:11:00,Visa,Karaj,12345.0,73
Fail,2025-09-22 13:10:00,Discover,Karaj,250000.0,44
Success,2025-09-16 10:05:00,Master Card,Tehran,100.5,52
Success,2025-09-28 01:51:00,Visa,Karaj,2020587.5,9
Fail,2025-09-16 00:00:00,Visa,Shiraz,1427657.0,100
Success,2025-09-03 21:21:00,Mastercard,Tabriz,1782689.0,65
Success,2025-09-28 14:30:00,Discover,Tabriz,650000.0,10
Success,2025-09-13 23:59:00,Discover,Tabriz,100000.0,46
Fail,2025-09-14 19:51:00,Mastercard,Karaj,123456.0,58
Success,2025-09-08 05:56:00,Mastercard,Tabriz,452545.0,37
Success,2025-09-12 13:13:00,Visa,Tabriz,419089.0,52
Fail,2025-09-23 13:10:00,Visa,Tehran,12345.0,100
Fail,2025-09-23 03:27:00,Discover,Tehran,0.0,81
Success,2025-09-22 02:37:00,Mastercard,Ahvaz,1050805.0,13
Success,2025-09-21 13:13:00,Visa,Mashhad,452545.0,6
Success,2025-09-26 19:51:00,Mastercard,Tehran,120000.0,58
Success,2025-09-08 18:45:00,American Express,Tabriz,443463.0,48
Fail,2025-09-21 04:15:00,Visa,Shiraz,177050.0,32
Success,2025-09-25 20:20:00,Visa,Tabriz,1768588.0,11
Fail,2025-09-09 18:45:00,Visa,Tabriz,205000.0,81
Fail,2025-09-01 23:59:00,Mastercard,Karaj,205000.0,5
Success,2025-09-06 23:59:00,Mastercard,Ahvaz,0.0,6
Fail,2025-09-23 12:12:00,Mastercard,Tabriz,419089.0,74
Fail,2025-09-19 13:13:00,Mastercard,Tehran,419089.0,98
Success,2025-09-23 20:20:00,Visa,Isfahan,177050.0,95
Success,2025-09-11 02:54:00,Visa,Ahvaz,200000.0,21
Fail,2025-09-11 02:24:00,Discover,Tehran,555555.0,42
Success,2025-09-23 10:48:00,Discover,Shiraz,1050805.0,81
Fail,2025-09-30 18:45:00,American Express,Tehran,471227.0,27
Fail,2025-09-13 21:23:00,Mastercard,Tehran,0.0,3
Success,2025-09-11 02:30:00,Mastercard,Tehran,1050805.0,60
Fail,2025-09-18 02:30:00,Mastercard,Tehran,419089.0,94
Success,2025-09-23 05:56:00,Visa,Shiraz,0.0,66
Fail,2025-09-15 12:12:00,Visa,Ahvaz,850000.0,94
Success,2025-09-01 03:00:00,Visa,Mashhad,452545.0,49
Fail,2025-09-21 15:45:00,Mastercard,Tabriz,471227.0,34
Success,2025-09-25 02:37:00,Mastercard,Tehran,650000.0,37
Success,2025-09-07 02:20:00,Visa,Tehran,2020587.5,42
Fail,2025-09-23 20:20:00,American Express,Qom,2020587.5,65
Success,2025-09-27 14:00:00,Mastercard,Isfahan,452545.0,60
Fail,2025-09-13 02:24:00,Visa,Mashhad,850000.0,91
Success,2025-09-12 06:30:00,American Express,Qom,471227.0,1
Fail,2025-09-18 20:33:00,Mastercard,Mashhad,1768588.0,59
Success,2025-09-24 06:06:00,Discover,Tabriz,914465.0,4
Success,2025-09-19 06:30:00,Mastercard,Karaj,1305967.0,14
Fail,2025-09-15 03:00:00,Visa,Tehran,914465.0,18
Fail,2025-09-08 19:51:00,Mastercard,Tehran,443463.0,34
Fail,2025-09-19 07:08:00,Nan,Mashhad,100.5,1
Fail,2025-09-10 08:08:00,Mastercard,Qom,583952.0,53
Fail,2025-09-07 23:59:00,Discover,Tabriz,333333.0,22
Success,2025-09-18 09:09:00,Mastercard,Qom,774681.0,80
Fail,2025-09-16 15:45:00,Discover,Mashhad,555555.0,61
Fail,2025-09-20 02:20:00,Visa,Isfahan,12345.0,22
Success,2025-09-27 14:11:00,American Express,Shiraz,555555.0,50
Fail,2025-09-06 05:56:00,Visa,Tehran,1472823.0,16
Success,2025-09-27 13:13:00,Visa,Mashhad,471227.0,28
Success,2025-09-09 19:19:00,Mastercard,Ahvaz,300000.0,93
Fail,2025-09-21 13:13:00,American Express,Tabriz,12345.0,87
Fail,2025-09-13 19:40:00,Visa,Ahvaz,100.5,70
Fail,2025-09-25 13:13:00,American Express,Shiraz,1883871.0,90
Fail,2025-09-21 12:44:00,Nan,Shiraz,452545.0,42
Fail,2025-09-26 07:32:00,Visa,Tehran,63489.0,66
Success,2025-09-08 03:27:00,Mastercard,Tabriz,205000.0,71
Fail,2025-09-16 15:45:00,Mastercard,Isfahan,205000.0,81
Fail,2025-09-13 11:11:00,Mastercard,Tehran,555555.0,35
Success,2025-09-13 09:00:00,Visa,Karaj,5000.0,20
Fail,2025-09-17 10:48:00,Visa,Karaj,177050.0,2
Success,2025-09-23 12:12:00,Visa,Isfahan,452545.0,7
Success,2025-09-20 04:40:00,Master Card,Isfahan,1782689.0,97
Fail,2025-09-05 20:33:00,Mastercard,Shiraz,452545.0,49
Fail,2025-09-22 02:54:00,Visa,Tehran,545116.0,83
Success,2025-09-21 19:40:00,American Express,Tabriz,1768588.0,76
Success,2025-09-28 02:30:00,Nan,Isfahan,177050.0,9
Success,2025-09-17 13:13:00,Mastercard,Mashhad,1305967.0,27
Fail,2025-09-28 07:32:00,Mastercard,Mashhad,914282.0,78
Fail,2025-09-09 08:08:00,Visa,Tabriz,1387769.0,2
Success,2025-09-02 18:45:00,Visa,Qom,200000.0,85
Fail,2025-09-25 10:05:00,Visa,Tehran,100.5,68
Success,2025-09-26 01:51:00,Visa,Tehran,585954.0,60
Fail,2025-09-18 10:05:00,Mastercard,Karaj,1782689.0,85
Fail,2025-09-09 02:54:00,Discover,Shiraz,1158713.0,87
Fail,2025-09-06 18:45:00,Visa,Tehran,63489.0,49
Fail,2025-09-11 14:11:00,Visa,Shiraz,452545.0,2
Fail,2025-09-25 01:01:00,American Express,Shiraz,2020587.5,17
Success,2025-09-29 12:12:00,Mastercard,Ahvaz,0.0,83
Fail,2025-09-06 20:33:00,Visa,Tabriz,1463119.0,89
Success,2025-09-06 18:12:00,Discover,Qom,585954.0,20
Success,2025-09-13 17:17:00,Discover,Mashhad,976246.0,76
Fail,2025-09-11 19:51:00,Visa,Isfahan,452545.0,90
Fail,2025-09-14 08:08:00,Mastercard,Tehran,452545.0,88
Success,2025-09-02 04:15:00,American Express,Tabriz,583952.0,99
Success,2025-09-08 09:45:00,Mastercard,Tabriz,914465.0,32
Fail,2025-09-03 02:30:00,Discover,Karaj,471227.0,51
Success,2025-09-23 07:08:00,Visa,Tehran,914465.0,89
Success,2025-09-21 00:00:00,Mastercard,Tabriz,1782689.0,42
Success,2025-09-03 21:23:00,Visa,Tehran,63489.0,63
Fail,2025-09-01 22:27:00,Mastercard,Unknown,914282.0,90
Fail,2025-09-24 19:51:00,Visa,Karaj,343679.0,61
Fail,2025-09-19 21:10:00,Discover,Tehran,300000.0,62
Fail,2025-09-18 09:00:00,Visa,Tehran,452545.0,3
Success,2025-09-17 05:56:00,Visa,Ahvaz,1883871.0,90
Fail,2025-09-20 12:34:00,Discover,Karaj,914465.0,93
Success,2025-09-29 02:30:00,Visa,Tehran,5000.0,76
Fail,2025-09-24 21:10:00,Mastercard,Tehran,0.0,26
Fail,2025-09-13 06:06:00,Nan,Tabriz,177050.0,48
Fail,2025-09-03 23:17:00,Mastercard,Tabriz,100.5,8
Success,2025-09-30 11:11:00,Discover,Tehran,585954.0,5
Fail,2025-09-01 11:11:00,Mastercard,Isfahan,774681.0,11
Fail,2025-09-04 10:48:00,Visa,Ahvaz,177050.0,42
Success,2025-09-25 15:45:00,Visa,Ahvaz,0.0,100
Success,2025-09-13 10:48:00,Mastercard,Isfahan,774681.0,92
Success,2025-09-17 10:48:00,Visa,Karaj,914465.0,41
Success,2025-09-28 09:09:00,Visa,Tehran,0.0,19
Success,2025-09-30 23:59:00,Nan,Isfahan,0.0,48
Fail,2025-09-11 08:59:00,Visa,Tehran,452545.0,53
Fail,2025-09-02 14:30:00,Discover,Tehran,100.5,55
Success,2025-09-25 07:08:00,Mastercard,Isfahan,1578078.0,61
Fail,2025-09-16 02:30:00,American Express,Ahvaz,200000.0,32
Success,2025-09-02 08:08:00,Nan,Shiraz,452545.0,46
Success,2025-09-29 12:12:00,Mastercard,Shiraz,250000.0,93
Fail,2025-09-19 03:27:00,American Express,Tehran,120000.0,36
Success,2025-09-23 12:12:00,Discover,Tehran,1427657.0,18
Success,2025-09-19 02:24:00,Visa,Ahvaz,177050.0,74
Fail,2025-09-25 05:56:00,Visa,Tehran,452545.0,97
Success,2025-09-16 10:48:00,Visa,Tehran,452545.0,18
Success,2025-09-22 01:01:00,Visa,Qom,120000.0,12
Success,2025-09-19 18:00:00,American Express,Isfahan,914465.0,72
Success,2025-09-09 09:45:00,Visa,Tehran,177050.0,98
Fail,2025-09-01 14:02:00,Mastercard,Isfahan,914282.0,46
Fail,2025-09-10 23:17:00,American Express,Shiraz,585954.0,55
Fail,2025-09-19 14:00:00,Mastercard,Tehran,585954.0,38
Success,2025-09-01 14:30:00,Visa,Shiraz,900000.0,78
Fail,2025-09-02 19:51:00,American Express,Tehran,300000.0,2
Fail,2025-09-16 00:00:00,Discover,Tehran,100000.0,9
Success,2025-09-12 23:17:00,Mastercard,Tabriz,1305967.0,5
Fail,2025-09-08 22:27:00,Visa,Tehran,100.5,99
Fail,2025-09-23 10:48:00,Visa,Tehran,200000.0,19
Success,2025-09-18 02:20:00,Visa,Tabriz,1578078.0,71
Fail,2025-09-02 07:07:00,Visa,Shiraz,976246.0,39
Success,2025-09-25 10:05:00,American Express,Isfahan,412308.0,42
Fail,2025-09-29 13:13:00,Discover,Mashhad,471227.0,17
Fail,2025-09-13 02:24:00,American Express,Tehran,0.0,63
Fail,2025-09-06 19:29:00,Discover,Karaj,976246.0,91
Fail,2025-09-21 10:05:00,Mastercard,Tabriz,419089.0,46
Fail,2025-09-26 03:00:00,Mastercard,Tabriz,1463119.0,92
Fail,2025-09-06 14:11:00,Nan,Tabriz,585954.0,93
Success,2025-09-09 22:27:00,American Express,Ahvaz,650000.0,20
Success,2025-09-16 09:45:00,Visa,Mashhad,1463119.0,70
Success,2025-09-11 02:30:00,Mastercard,Tehran,100.5,8
Success,2025-09-07 11:11:00,Discover,Karaj,850000.0,97
Success,2025-09-10 15:45:00,Discover,Tabriz,900000.0,19
Fail,2025-09-10 06:30:00,Discover,Ahvaz,1463119.0,32
Fail,2025-09-30 04:04:00,Visa,Mashhad,250000.0,19
Success,2025-09-25 19:19:00,Visa,Tabriz,583952.0,24
Fail,2025-09-20 01:51:00,Mastercard,Isfahan,0.0,24
Fail,2025-09-18 07:07:00,Visa,Tehran,452545.0,56
Fail,2025-09-28 11:11:00,Discover,Mashhad,1000.0,81
Fail,2025-09-24 10:48:00,Mastercard,Karaj,1768588.0,18
Success,2025-09-20 23:59:00,American Express,Mashhad,914282.0,12
Fail,2025-09-29 13:13:00,Mastercard,Isfahan,914465.0,41
Fail,2025-09-09 20:33:00,Visa,Ahvaz,200000.0,88
Fail,2025-09-15 20:20:00,Mastercard,Karaj,50200.0,48
Fail,2025-09-04 17:17:00,American Express,Tehran,2020587.5,82
Success,2025-09-08 03:00:00,Visa,Tabriz,5000.0,64
Fail,2025-09-09 09:00:00,Discover,Mashhad,99999.0,16
Fail,2025-09-13 19:29:00,Mastercard,Tabriz,900000.0,80
Success,2025-09-09 09:09:00,Mastercard,Ahvaz,774681.0,23
Fail,2025-09-26 12:44:00,Mastercard,Tehran,1578078.0,87
Fail,2025-09-04 04:15:00,Mastercard,Ahvaz,250000.0,39
Success,2025-09-17 21:10:00,Mastercard,Shiraz,452545.0,33
Success,2025-09-16 03:27:00,American Express,Tabriz,1463119.0,24
Fail,2025-09-15 12:34:00,Discover,Isfahan,1387769.0,61
Success,2025-09-03 10:05:00,American Express,Tehran,583952.0,55
Fail,2025-09-25 10:05:00,Discover,Tabriz,1883871.0,61
Fail,2025-09-20 07:07:00,Discover,Karaj,1158713.0,84
Fail,2025-09-05 07:08:00,Visa,Isfahan,585954.0,98
Fail,2025-09-23 02:37:00,Visa,Karaj,333333.0,96
Fail,2025-09-05 18:45:00,Visa,Mashhad,1883871.0,40
Fail,2025-09-20 18:45:00,Visa,Tehran,0.0,58
Fail,2025-09-15 20:20:00,Discover,Mashhad,0.0,72
Success,2025-09-18 10:48:00,Mastercard,Ahvaz,343679.0,74
Fail,2025-09-15 08:59:00,Visa,Tabriz,2020587.5,1
Fail,2025-09-02 04:04:00,American Express,Shiraz,0.0,85
Fail,2025-09-29 22:27:00,American Express,Tehran,0.0,25
Fail,2025-09-13 00:00:00,Mastercard,Tehran,0.0,97
Success,2025-09-04 10:48:00,Visa,Isfahan,976246.0,53
Success,2025-09-10 16:16:00,American Express,Isfahan,1050805.0,61
Fail,2025-09-13 17:17:00,Visa,Ahvaz,450000.0,46
Fail,2025-09-10 08:08:00,Visa,Mashhad,5000.0,74
Fail,2025-09-29 04:40:00,Visa,Tehran,914465.0,60
Success,2025-09-09 07:08:00,American Express,Shiraz,0.0,51
Success,2025-09-08 10:48:00,Visa,Mashhad,1472823.0,73
Success,2025-09-03 13:13:00,Discover,Tabriz,471227.0,84
Fail,2025-09-16 11:11:00,Mastercard,Ahvaz,914282.0,48
Fail,2025-09-14 21:23:00,American Express,Tehran,177050.0,84
Success,2025-09-09 21:21:00,American Express,Tehran,1502601.0,40
Fail,2025-09-30 07:08:00,Visa,Isfahan,1427657.0,7
Success,2025-09-21 13:13:00,American Express,Mashhad,774681.0,75
Fail,2025-09-11 09:45:00,Visa,Tehran,452545.0,85
Fail,2025-09-03 12:12:00,Mastercard,Ahvaz,900000.0,19
Success,2025-09-05 11:11:00,Mastercard,Tehran,1782689.0,15
Fail,2025-09-29 14:02:00,American Express,Qom,1578078.0,70
Fail,2025-09-10 18:00:00,Mastercard,Tabriz,300000.0,61
Fail,2025-09-13 12:12:00,Mastercard,Mashhad,0.0,56
Success,2025-09-04 02:54:00,Visa,Karaj,1472823.0,10
Fail,2025-09-24 07:08:00,Mastercard,Mashhad,0.0,46
Success,2025-09-13 03:27:00,Mastercard,Tehran,0.0,80
Success,2025-09-12 10:48:00,American Express,Mashhad,585954.0,75
Success,2025-09-05 02:24:00,Visa,Tehran,1472823.0,57
Success,2025-09-10 16:16:00,Visa,Isfahan,443463.0,35
Success,2025-09-28 07:08:00,American Express,Mashhad,1578078.0,72
Fail,2025-09-24 10:05:00,Visa,Shiraz,545116.0,93
Fail,2025-09-09 07:08:00,Mastercard,Mashhad,300000.0,3
Fail,2025-09-20 19:19:00,Nan,Tehran,471227.0,66
Fail,2025-09-07 06:30:00,Discover,Tehran,914465.0,53
Fail,2025-09-02 23:17:00,Visa,Shiraz,2020587.5,78
Fail,2025-09-22 02:24:00,Visa,Tabriz,914282.0,52
Success,2025-09-24 12:34:00,American Express,Tehran,452545.0,94
Fail,2025-09-28 02:30:00,Mastercard,Tehran,452545.0,53
Fail,2025-09-23 10:05:00,Discover,Tehran,63489.0,54
Success,2025-09-07 10:05:00,Master Card,Shiraz,452545.0,47
Fail,2025-09-08 03:27:00,American Express,Qom,1387769.0,3
Success,2025-09-07 00:00:00,Visa,Tehran,0.0,65
Fail,2025-09-21 12:44:00,Discover,Tabriz,0.0,15
Success,2025-09-23 11:11:00,Mastercard,Qom,250000.0,84
Fail,2025-09-29 06:06:00,Discover,Tabriz,1158713.0,87
Fail,2025-09-14 16:40:00,Mastercard,Karaj,1050805.0,34
Success,2025-09-26 18:45:00,Visa,Tehran,12345.0,50
Fail,2025-09-19 11:11:00,Discover,Tehran,450000.0,33
Fail,2025-09-05 04:15:00,Visa,Karaj,1387769.0,73
Success,2025-09-23 23:59:00,Visa,Karaj,343679.0,3
Fail,2025-09-25 19:51:00,Discover,Tabriz,0.0,2
Fail,2025-09-18 22:27:00,Visa,Karaj,1.0,4
Fail,2025-09-20 19:40:00,Visa,Isfahan,12345.0,16
Fail,2025-09-12 03:27:00,Visa,Shiraz,1768588.0,54
Fail,2025-09-23 12:44:00,Discover,Tabriz,412308.0,33
Success,2025-09-17 22:27:00,American Express,Karaj,177050.0,9
Fail,2025-09-13 21:21:00,Mastercard,Tehran,0.0,57
Success,2025-09-02 19:51:00,Mastercard,Karaj,100.5,40
Fail,2025-09-25 04:40:00,Visa,Karaj,1578078.0,52
Fail,2025-09-13 07:32:00,American Express,Shiraz,205000.0,82
Success,2025-09-26 21:23:00,American Express,Tehran,12345.0,16
Success,2025-09-07 11:11:00,Mastercard,Tabriz,177050.0,8
Success,2025-09-28 20:33:00,Discover,Mashhad,1463119.0,88
Fail,2025-09-10 01:01:00,Visa,Tabriz,100000.0,60
Fail,2025-09-23 03:00:00,Discover,Tehran,100.5,36
Success,2025-09-06 10:05:00,Visa,Tehran,452545.0,3
Success,2025-09-03 23:59:00,Discover,Ahvaz,650000.0,15
Success,2025-09-26 14:30:00,Mastercard,Tehran,450000.0,98
Fail,2025-09-03 12:34:00,Visa,Tehran,1768588.0,82
Success,2025-09-18 03:27:00,American Express,Isfahan,250000.0,23
Fail,2025-09-11 11:11:00,Mastercard,Ahvaz,343679.0,3
Fail,2025-09-22 19:40:00,American Express,Tehran,850000.0,30
Fail,2025-09-20 14:55:00,Mastercard,Tehran,0.0,45
Success,2025-09-05 07:32:00,Visa,Tehran,1387769.0,17
Success,2025-09-19 20:33:00,Mastercard,Tehran,0.0,58
Fail,2025-09-22 00:00:00,Discover,Tehran,585954.0,58
Fail,2025-09-27 02:37:00,American Express,Tehran,1387769.0,97
Fail,2025-09-28 05:56:00,Mastercard,Mashhad,1427657.0,57
Fail,2025-09-19 02:30:00,Discover,Ahvaz,976246.0,7
Fail,2025-09-30 22:27:00,Discover,Tabriz,1782689.0,39
Fail,2025-09-15 03:27:00,Visa,Karaj,585954.0,78
Success,2025-09-30 06:30:00,Visa,Ahvaz,177050.0,58
Success,2025-09-16 18:00:00,Visa,Tehran,452545.0,56
Fail,2025-09-24 14:30:00,Visa,Tehran,555555.0,15
Fail,2025-09-09 05:23:00,Mastercard,Tehran,200000.0,44
Fail,2025-09-04 02:20:00,Mastercard,Tehran,1463119.0,12
Success,2025-09-15 02:37:00,Discover,Isfahan,545116.0,8
Fail,2025-09-25 06:06:00,Visa,Mashhad,200000.0,80
Success,2025-09-12 02:24:00,Mastercard,Mashhad,452545.0,41
Success,2025-09-23 02:20:00,American Express,Tabriz,250000.0,34
Fail,2025-09-03 21:23:00,Visa,Shiraz,0.0,46
Fail,2025-09-23 10:05:00,Visa,Isfahan,452545.0,89
Fail,2025-09-14 18:45:00,Nan,Isfahan,914465.0,29
Fail,2025-09-17 21:10:00,Visa,Tehran,471227.0,16
Fail,2025-09-19 04:15:00,Nan,Qom,976246.0,5
Success,2025-09-06 01:51:00,Visa,Shiraz,0.0,5
Success,2025-09-04 03:27:00,Mastercard,Ahvaz,412308.0,30
Success,2025-09-07 23:59:00,Visa,Tehran,1883871.0,50
Success,2025-09-30 09:00:00,Discover,Ahvaz,1883871.0,5
Fail,2025-09-19 19:19:00,Discover,Tabriz,774681.0,13
Fail,2025-09-17 11:11:00,Visa,Tabriz,452545.0,100
Success,2025-09-25 20:33:00,Mastercard,Tehran,0.0,49
Fail,2025-09-16 18:00:00,Visa,Ahvaz,120000.0,90
Success,2025-09-15 19:29:00,Visa,Ahvaz,1463119.0,50
Fail,2025-09-22 10:05:00,Visa,Karaj,585954.0,14
Fail,2025-09-08 08:59:00,Mastercard,Tabriz,0.0,46
Fail,2025-09-19 14:30:00,Mastercard,Karaj,452545.0,91
Success,2025-09-08 14:30:00,Visa,Tehran,12345.0,82
Fail,2025-09-18 16:40:00,American Express,Isfahan,0.0,84
Fail,2025-09-28 02:30:00,Mastercard,Isfahan,120000.0,34
Success,2025-09-16 15:45:00,Mastercard,Qom,452545.0,71
Success,2025-09-20 00:00:00,Visa,Mashhad,100.5,47
Success,2025-09-19 10:48:00,Visa,Mashhad,1883871.0,60
Success,2025-09-10 20:33:00,Visa,Qom,452545.0,74
Success,2025-09-17 11:11:00,American Express,Isfahan,250000.0,79
Fail,2025-09-13 03:00:00,American Express,Tabriz,1463119.0,81
Success,2025-09-13 19:40:00,Mastercard,Shiraz,0.0,11
Fail,2025-09-07 19:40:00,Visa,Ahvaz,583952.0,99
Fail,2025-09-27 19:51:00,Mastercard,Mashhad,471227.0,92
Success,2025-09-10 02:37:00,Visa,Shiraz,205000.0,85
Success,2025-09-02 05:56:00,Visa,Qom,177050.0,96
Success,2025-09-04 09:09:00,Visa,Tehran,1463119.0,50
Success,2025-09-25 06:06:00,Visa,Isfahan,450000.0,4
Fail,2025-09-06 05:23:00,Discover,Tehran,452545.0,41
Success,2025-09-24 14:02:00,Mastercard,Shiraz,443463.0,59
Success,2025-09-18 10:05:00,Mastercard,Mashhad,0.0,60
Success,2025-09-23 23:17:00,Mastercard,Tehran,452545.0,81
Fail,2025-09-06 18:12:00,Mastercard,Qom,50200.0,62
Fail,2025-09-29 04:04:00,American Express,Tehran,583952.0,84
Success,2025-09-30 21:10:00,Visa,Isfahan,471227.0,25
Fail,2025-09-25 17:07:00,Visa,Tehran,1463119.0,88
Success,2025-09-23 00:00:00,Mastercard,Tehran,1502601.0,79
Success,2025-09-17 14:02:00,Discover,Ahvaz,1050805.0,33
Fail,2025-09-14 17:17:00,Discover,Karaj,100.5,19
Fail,2025-09-24 23:59:00,Visa,Isfahan,545116.0,57
Fail,2025-09-11 02:30:00,Visa,Isfahan,1158713.0,15
Success,2025-09-26 13:13:00,Mastercard,Tehran,1000.0,41
Fail,2025-09-19 05:23:00,American Express,Isfahan,100.5,69
Fail,2025-09-30 22:27:00,Discover,Tehran,452545.0,80
Success,2025-09-02 14:55:00,Visa,Tehran,1883871.0,60
Fail,2025-09-28 07:08:00,Visa,Karaj,914282.0,97
Fail,2025-09-03 21:10:00,Visa,Isfahan,1883871.0,22
Success,2025-09-11 13:13:00,Visa,Tehran,0.0,43
Fail,2025-09-06 08:08:00,Visa,Karaj,419089.0,32
Success,2025-09-29 10:05:00,American Express,Mashhad,1387769.0,13
Fail,2025-09-14 14:02:00,Discover,Qom,1578078.0,38
Success,2025-09-19 09:00:00,Mastercard,Tehran,177050.0,26
Fail,2025-09-26 12:44:00,American Express,Tehran,0.0,81
Success,2025-09-16 19:19:00,American Express,Tehran,450000.0,5
Success,2025-09-21 04:04:00,American Express,Mashhad,452545.0,49
Fail,2025-09-22 02:54:00,Discover,Ahvaz,850000.0,98
Fail,2025-09-24 12:12:00,Visa,Karaj,452545.0,92
Success,2025-09-07 07:08:00,Nan,Tabriz,177050.0,5
Fail,2025-09-30 23:59:00,Discover,Tehran,0.0,71
Fail,2025-09-27 19:19:00,Visa,Tehran,2020587.5,48
Fail,2025-09-08 03:00:00,Mastercard,Tehran,0.0,18
Fail,2025-09-19 12:44:00,Nan,Tehran,5000.0,96
Success,2025-09-20 10:48:00,Visa,Tabriz,2020587.5,6
Success,2025-09-16 07:07:00,Visa,Karaj,0.0,66
Success,2025-09-22 12:44:00,Visa,Tehran,0.0,77
Success,2025-09-27 05:56:00,Discover,Tehran,914282.0,42
Success,2025-09-07 14:30:00,Nan,Shiraz,914465.0,52
Success,2025-09-09 04:40:00,Visa,Tehran,1502601.0,11
Success,2025-09-13 03:27:00,Mastercard,Tehran,100.5,26
Fail,2025-09-01 18:00:00,Visa,Mashhad,200000.0,21
Success,2025-09-29 17:07:00,Discover,Tabriz,419089.0,66
Success,2025-09-08 04:15:00,Visa,Ahvaz,123456.0,40
Success,2025-09-24 04:04:00,Visa,Karaj,1472823.0,56
Success,2025-09-22 22:27:00,Visa,Shiraz,177050.0,51
Fail,2025-09-04 10:05:00,Mastercard,Tabriz,914282.0,20
Success,2025-09-03 08:08:00,Visa,Mashhad,1578078.0,81
Fail,2025-09-27 18:00:00,Visa,Karaj,1768588.0,80
Fail,2025-09-03 19:40:00,Discover,Tehran,0.0,57
Success,2025-09-22 08:08:00,American Express,Tabriz,12345.0,5
Fail,2025-09-13 07:07:00,Mastercard,Karaj,443463.0,14
Fail,2025-09-08 12:34:00,Mastercard,Isfahan,0.0,24
Success,2025-09-07 06:06:00,Mastercard,Shiraz,12345.0,68
Fail,2025-09-27 05:56:00,Discover,Tehran,0.0,52
Success,2025-09-01 18:00:00,Discover,Ahvaz,585954.0,48
Success,2025-09-27 20:20:00,Visa,Tehran,452545.0,89
Success,2025-09-16 10:48:00,Mastercard,Tehran,585954.0,47
Success,2025-09-06 07:08:00,Mastercard,Tehran,0.0,60
Success,2025-09-07 19:29:00,Visa,Tehran,1000.0,73
Success,2025-09-12 10:48:00,Discover,Isfahan,0.0,3
Success,2025-09-23 09:45:00,Mastercard,Shiraz,0.0,9
Fail,2025-09-09 13:13:00,American Express,Karaj,583952.0,82
Fail,2025-09-27 09:45:00,Visa,Tehran,0.0,83
Fail,2025-09-11 02:37:00,Visa,Tabriz,0.0,24
Success,2025-09-10 02:30:00,Mastercard,Tehran,2020587.5,4
Success,2025-09-21 08:59:00,Mastercard,Isfahan,2020587.5,9
Success,2025-09-01 12:44:00,American Express,Karaj,1387769.0,98
Success,2025-09-18 04:04:00,American Express,Tehran,1000.0,1
Fail,2025-09-04 21:10:00,Mastercard,Karaj,900000.0,35
Success,2025-09-05 13:13:00,Visa,Tehran,850000.0,74
Fail,2025-09-09 17:17:00,American Express,Karaj,2020587.5,12
Success,2025-09-27 19:51:00,Mastercard,Tabriz,1387769.0,18
Success,2025-09-17 10:48:00,Mastercard,Mashhad,1578078.0,78
Success,2025-09-03 07:32:00,Mastercard,Tehran,250000.0,10
Success,2025-09-16 08:08:00,Master Card,Shiraz,50200.0,74
Success,2025-09-05 15:45:00,Discover,Isfahan,914465.0,18
Success,2025-09-16 05:23:00,Visa,Isfahan,1502601.0,24
Fail,2025-09-03 00:00:00,Mastercard,Shiraz,452545.0,1
Success,2025-09-20 23:59:00,American Express,Tehran,177050.0,95
Success,2025-09-15 04:15:00,Discover,Tehran,2020587.5,79
Fail,2025-09-30 02:24:00,Discover,Karaj,2020587.5,72
Fail,2025-09-03 04:04:00,Visa,Qom,450000.0,100
Success,2025-09-20 02:54:00,American Express,Tehran,452545.0,82
Fail,2025-09-14 07:08:00,Mastercard,Karaj,0.0,16
Fail,2025-09-16 07:08:00,American Express,Tehran,63489.0,85
Success,2025-09-29 12:12:00,Mastercard,Ahvaz,452545.0,15
Fail,2025-09-29 19:51:00,Visa,Tabriz,914465.0,62
Fail,2025-09-17 18:12:00,Visa,Tehran,452545.0,5
Fail,2025-09-28 20:33:00,Visa,Tehran,50200.0,45
Fail,2025-09-24 14:11:00,Visa,Tehran,585954.0,52
Success,2025-09-20 08:59:00,Mastercard,Ahvaz,1472823.0,71
Fail,2025-09-23 12:44:00,Visa,Tabriz,471227.0,7
Fail,2025-09-18 02:20:00,Discover,Tehran,250000.0,27
Fail,2025-09-18 23:59:00,Visa,Tehran,545116.0,90
Success,2025-09-22 01:01:00,Mastercard,Karaj,0.0,87
Success,2025-09-14 03:27:00,Visa,Shiraz,205000.0,13
Success,2025-09-18 15:45:00,Discover,Karaj,850000.0,17
Success,2025-09-15 21:23:00,Visa,Isfahan,0.0,44
Success,2025-09-15 06:30:00,Visa,Isfahan,1305967.0,13
Success,2025-09-06 08:59:00,Visa,Shiraz,585954.0,91
Success,2025-09-27 18:45:00,Mastercard,Isfahan,1782689.0,73
Fail,2025-09-15 07:07:00,Mastercard,Tehran,250000.0,5
Fail,2025-09-18 17:07:00,Mastercard,Karaj,12345.0,33
Success,2025-09-04 23:17:00,Mastercard,Shiraz,412308.0,4
Success,2025-09-23 22:27:00,Discover,Isfahan,5000.0,93
Success,2025-09-08 10:48:00,Mastercard,Tabriz,1158713.0,26
Fail,2025-09-15 21:23:00,American Express,Tabriz,0.0,68
Fail,2025-09-03 14:00:00,Mastercard,Karaj,452545.0,16
Fail,2025-09-30 13:10:00,Mastercard,Karaj,452545.0,22
Success,2025-09-15 10:48:00,Visa,Karaj,471227.0,36
Success,2025-09-13 12:12:00,American Express,Ahvaz,12345.0,58
Fail,2025-09-09 15:45:00,Master Card,Ahvaz,1578078.0,55
Success,2025-09-02 11:11:00,Visa,Tabriz,1050805.0,35
Fail,2025-09-24 13:13:00,Discover,Tehran,419089.0,25
Success,2025-09-08 23:59:00,Discover,Ahvaz,585954.0,72
Fail,2025-09-29 07:07:00,Mastercard,Tehran,0.0,81
Success,2025-09-30 20:33:00,Discover,Tehran,1578078.0,61
Success,2025-09-20 22:27:00,Discover,Tehran,343679.0,18
Fail,2025-09-17 21:23:00,American Express,Mashhad,0.0,58
Fail,2025-09-13 15:45:00,Visa,Isfahan,0.0,76
Fail,2025-09-01 13:10:00,Visa,Mashhad,976246.0,57
Success,2025-09-02 04:04:00,Mastercard,Karaj,452545.0,98
Fail,2025-09-30 21:23:00,Discover,Ahvaz,1463119.0,88
Success,2025-09-15 10:05:00,Discover,Tehran,419089.0,63
Fail,2025-09-12 17:07:00,Visa,Ahvaz,471227.0,12
Success,2025-09-14 19:29:00,Discover,Shiraz,1883871.0,11
Fail,2025-09-25 02:30:00,Visa,Tehran,12345.0,13
Success,2025-09-29 01:01:00,Mastercard,Tabriz,914282.0,35
Success,2025-09-02 02:30:00,American Express,Mashhad,585954.0,27
Success,2025-09-18 02:24:00,Visa,Tehran,200000.0,90
Fail,2025-09-22 19:40:00,Visa,Tehran,200000.0,67
Success,2025-09-07 12:12:00,Mastercard,Tehran,1578078.0,90
Success,2025-09-29 11:11:00,Discover,Tehran,100.5,45
Fail,2025-09-23 20:20:00,Discover,Tehran,450000.0,74
Success,2025-09-29 02:30:00,Mastercard,Isfahan,976246.0,81
Success,2025-09-25 02:20:00,Mastercard,Tabriz,452545.0,67
Fail,2025-09-06 09:45:00,Mastercard,Karaj,0.0,22
Success,2025-09-14 02:37:00,Mastercard,Karaj,0.0,78
Success,2025-09-08 02:37:00,Visa,Ahvaz,900000.0,92
Fail,2025-09-27 14:11:00,Master Card,Shiraz,1883871.0,42
Fail,2025-09-22 13:13:00,Nan,Qom,1387769.0,20
Success,2025-09-02 03:27:00,Discover,Isfahan,419089.0,48
Fail,2025-09-17 08:08:00,Visa,Shiraz,1305967.0,18
Fail,2025-09-05 20:33:00,Mastercard,Tehran,1000.0,77
Fail,2025-09-14 23:17:00,Mastercard,Karaj,1472823.0,70
Success,2025-09-25 13:13:00,Visa,Tehran,452545.0,74
Fail,2025-09-24 23:59:00,Mastercard,Tehran,914465.0,94
Success,2025-09-30 03:00:00,Visa,Mashhad,343679.0,6
Fail,2025-09-29 14:11:00,Mastercard,Mashhad,452545.0,39
Fail,2025-09-20 13:13:00,Discover,Qom,2020587.5,11
Success,2025-09-21 19:19:00,Mastercard,Ahvaz,850000.0,25
Success,2025-09-29 14:11:00,Mastercard,Mashhad,1050805.0,95
Fail,2025-09-21 21:10:00,Mastercard,Isfahan,5000.0,55
Fail,2025-09-22 21:10:00,Visa,Tabriz,2020587.5,84
Fail,2025-09-03 03:27:00,Mastercard,Tehran,452545.0,58
Fail,2025-09-05 11:11:00,Discover,Tehran,452545.0,37
Fail,2025-09-16 05:23:00,Visa,Tehran,1387769.0,16
Fail,2025-09-18 02:30:00,Mastercard,Tehran,0.0,96
Success,2025-09-26 03:27:00,Mastercard,Ahvaz,1387769.0,94
Fail,2025-09-17 19:40:00,American Express,Tabriz,0.0,70
Success,2025-09-11 07:32:00,Mastercard,Tehran,419089.0,94
Fail,2025-09-17 02:37:00,Discover,Mashhad,205000.0,97
Fail,2025-09-16 00:00:00,Visa,Isfahan,900000.0,73
Fail,2025-09-26 20:33:00,Visa,Ahvaz,1578078.0,37
Fail,2025-09-23 08:08:00,Discover,Isfahan,1305967.0,53
Success,2025-09-02 03:27:00,Visa,Tehran,2020587.5,88
Fail,2025-09-04 19:29:00,Visa,Tehran,177050.0,16
Success,2025-09-21 21:21:00,Visa,Isfahan,419089.0,18
Fail,2025-09-07 09:09:00,Discover,Tehran,2020587.5,19
Fail,2025-09-02 18:00:00,Nan,Tehran,0.0,44
Fail,2025-09-30 03:27:00,Visa,Isfahan,1387769.0,2
Fail,2025-09-06 23:59:00,Master Card,Tabriz,452545.0,58
Fail,2025-09-17 08:08:00,Mastercard,Mashhad,0.0,10
Fail,2025-09-07 04:04:00,Discover,Tabriz,250000.0,76
Success,2025-09-25 14:11:00,Discover,Tehran,1578078.0,46
Success,2025-09-05 14:55:00,American Express,Tehran,914465.0,82
Fail,2025-09-05 13:13:00,American Express,Tehran,452545.0,19
Success,2025-09-20 14:11:00,Nan,Isfahan,300000.0,38
Success,2025-09-16 11:11:00,Mastercard,Unknown,0.0,37
Fail,2025-09-19 23:59:00,Mastercard,Karaj,1578078.0,92
Success,2025-09-09 21:23:00,Nan,Isfahan,1427657.0,78
Fail,2025-09-05 19:40:00,American Express,Tehran,177050.0,45
Fail,2025-09-08 21:23:00,Mastercard,Shiraz,100.5,34
Fail,2025-09-09 19:19:00,Visa,Karaj,177050.0,2
Fail,2025-09-05 10:05:00,Nan,Tehran,452545.0,44
Fail,2025-09-10 11:11:00,Visa,Qom,205000.0,98
Fail,2025-09-25 13:13:00,American Express,Tehran,452545.0,83
Success,2025-09-02 20:20:00,Mastercard,Tabriz,1578078.0,27
Fail,2025-09-09 13:13:00,Mastercard,Tabriz,555555.0,48
Success,2025-09-11 14:02:00,Mastercard,Tehran,452545.0,95
Fail,2025-09-04 02:37:00,Visa,Tehran,1578078.0,7
Success,2025-09-22 13:10:00,Discover,Tehran,5000.0,27
Success,2025-09-22 14:11:00,Mastercard,Ahvaz,250000.0,85
Fail,2025-09-22 03:27:00,Visa,Isfahan,1463119.0,71
Fail,2025-09-02 04:40:00,Discover,Tehran,50200.0,90
Success,2025-09-23 15:45:00,American Express,Tehran,976246.0,18
Success,2025-09-29 11:11:00,Visa,Isfahan,1782689.0,33
Fail,2025-09-06 09:00:00,Visa,Karaj,100.5,33
Fail,2025-09-27 21:23:00,Mastercard,Mashhad,452545.0,97
Fail,2025-09-14 05:56:00,Visa,Karaj,200000.0,25
Success,2025-09-01 08:08:00,Visa,Shiraz,452545.0,14
Success,2025-09-18 23:59:00,Mastercard,Qom,1768588.0,38
Fail,2025-09-07 03:00:00,Visa,Tehran,452545.0,38
Fail,2025-09-01 21:10:00,Discover,Karaj,555555.0,4
Fail,2025-09-01 09:00:00,Discover,Tehran,250000.0,62
Fail,2025-09-01 04:40:00,Nan,Tabriz,452545.0,82
Success,2025-09-24 01:01:00,Visa,Karaj,452545.0,10
Success,2025-09-04 16:40:00,American Express,Qom,545116.0,35
Fail,2025-09-04 02:30:00,American Express,Tehran,99999.0,100
Success,2025-09-29 07:07:00,Visa,Mashhad,452545.0,23
Fail,2025-09-18 03:00:00,Master Card,Tabriz,419089.0,90
Fail,2025-09-27 23:59:00,Discover,Isfahan,0.0,65
Success,2025-09-11 07:07:00,Mastercard,Tabriz,300000.0,82
Fail,2025-09-27 14:11:00,Mastercard,Tabriz,200000.0,79
Success,2025-09-01 17:07:00,Visa,Mashhad,914465.0,25
Fail,2025-09-28 14:00:00,Mastercard,Tehran,1502601.0,97
Success,2025-09-10 21:23:00,Mastercard,Tehran,452545.0,53
Fail,2025-09-09 20:20:00,Mastercard,Tabriz,1768588.0,84
Fail,2025-09-23 14:00:00,Visa,Tehran,300000.0,17
Success,2025-09-04 06:06:00,Discover,Isfahan,452545.0,57
Fail,2025-09-28 04:40:00,Visa,Tehran,471227.0,75
Success,2025-09-06 08:59:00,Visa,Tabriz,2020587.5,77
Success,2025-09-30 14:11:00,American Express,Isfahan,100.5,90
Fail,2025-09-16 02:37:00,Mastercard,Tehran,333333.0,20
Success,2025-09-02 03:27:00,American Express,Unknown,1305967.0,25
Success,2025-09-23 14:55:00,American Express,Tehran,900000.0,42
Success,2025-09-18 09:09:00,Visa,Karaj,976246.0,45
Fail,2025-09-10 11:11:00,American Express,Tehran,333333.0,31
Fail,2025-09-24 01:01:00,Mastercard,Tehran,1050805.0,65
Fail,2025-09-24 13:13:00,American Express,Tehran,0.0,52
Success,2025-09-17 02:54:00,Discover,Isfahan,545116.0,80
Success,2025-09-13 20:20:00,American Express,Karaj,585954.0,93
Success,2025-09-24 09:45:00,Mastercard,Unknown,1472823.0,21
Fail,2025-09-18 20:20:00,American Express,Isfahan,1463119.0,30
Success,2025-09-22 04:40:00,Visa,Tehran,1782689.0,3
Fail,2025-09-13 11:11:00,Mastercard,Tehran,1387769.0,99
Success,2025-09-17 23:17:00,Discover,Mashhad,0.0,70
Fail,2025-09-05 20:33:00,Mastercard,Tehran,100.5,43
Fail,2025-09-11 11:11:00,Mastercard,Qom,976246.0,29
Success,2025-09-07 10:05:00,Mastercard,Tehran,914282.0,3
Fail,2025-09-29 02:24:00,American Express,Mashhad,0.0,58
Fail,2025-09-10 22:27:00,Discover,Karaj,914465.0,33
Fail,2025-09-17 10:48:00,Visa,Tehran,343679.0,75
Fail,2025-09-15 08:08:00,Mastercard,Isfahan,1578078.0,45
Fail,2025-09-18 02:37:00,Visa,Tehran,555555.0,69
Success,2025-09-23 02:37:00,Mastercard,Shiraz,2020587.5,32
Success,2025-09-22 21:10:00,Visa,Tehran,914282.0,82
Fail,2025-09-19 09:00:00,Visa,Shiraz,177050.0,84
Fail,2025-09-30 12:44:00,Mastercard,Karaj,452545.0,52
Success,2025-09-26 21:21:00,Visa,Isfahan,583952.0,64
Fail,2025-09-02 07:08:00,Visa,Qom,100.5,40
Fail,2025-09-26 04:04:00,Discover,Qom,0.0,93
Fail,2025-09-04 01:01:00,Mastercard,Ahvaz,0.0,13
Success,2025-09-03 07:08:00,Mastercard,Tehran,1463119.0,91
Fail,2025-09-07 18:45:00,Visa,Shiraz,177050.0,80
Success,2025-09-24 12:12:00,Mastercard,Tehran,100000.0,90
Fail,2025-09-18 14:02:00,American Express,Karaj,471227.0,74
Fail,2025-09-10 09:09:00,Visa,Tehran,0.0,29
Fail,2025-09-07 02:37:00,Mastercard,Mashhad,1463119.0,63
Fail,2025-09-08 06:30:00,Mastercard,Tehran,177050.0,84
Success,2025-09-06 11:11:00,Discover,Tehran,452545.0,26
Success,2025-09-22 14:02:00,Mastercard,Isfahan,250000.0,97
Success,2025-09-26 18:00:00,American Express,Karaj,100000.0,59
Fail,2025-09-01 18:45:00,American Express,Isfahan,1782689.0,49
Fail,2025-09-04 00:00:00,Discover,Tehran,914465.0,53
Success,2025-09-14 07:32:00,Visa,Tehran,976246.0,89
Fail,2025-09-17 12:34:00,Visa,Tehran,343679.0,31
Success,2025-09-20 13:13:00,Visa,Mashhad,471227.0,12
Fail,2025-09-18 07:08:00,Discover,Tehran,205000.0,58
Success,2025-09-11 14:02:00,Visa,Karaj,0.0,36
Fail,2025-09-29 05:56:00,Visa,Mashhad,452545.0,10
Success,2025-09-21 12:34:00,Visa,Tehran,976246.0,6
Success,2025-09-26 21:23:00,American Express,Tehran,585954.0,7
Success,2025-09-14 02:30:00,Nan,Tehran,1387769.0,31
Success,2025-09-09 14:00:00,American Express,Karaj,1578078.0,92
Fail,2025-09-27 01:51:00,Visa,Tabriz,205000.0,72
Fail,2025-09-15 13:13:00,Visa,Tehran,1387769.0,3
Fail,2025-09-12 09:09:00,Mastercard,Tehran,1050805.0,47
Success,2025-09-10 02:30:00,American Express,Tehran,100.5,85
Fail,2025-09-19 14:55:00,Discover,Tehran,1305967.0,1
Success,2025-09-24 14:11:00,Mastercard,Tabriz,205000.0,45
Success,2025-09-19 23:59:00,Visa,Qom,0.0,54
Success,2025-09-06 02:24:00,Mastercard,Tehran,1463119.0,50
Fail,2025-09-20 19:19:00,Visa,Tehran,1305967.0,79
Success,2025-09-24 07:08:00,American Express,Isfahan,12345.0,7
Success,2025-09-27 01:01:00,Mastercard,Tehran,99999.0,63
Fail,2025-09-06 23:17:00,Discover,Tehran,177050.0,15
Fail,2025-09-08 22:27:00,Visa,Karaj,850000.0,90
Success,2025-09-01 16:40:00,Mastercard,Karaj,200000.0,67
Fail,2025-09-22 14:30:00,Discover,Karaj,419089.0,30
Fail,2025-09-17 05:56:00,Discover,Mashhad,205000.0,78
Fail,2025-09-17 16:40:00,Visa,Mashhad,343679.0,68
Fail,2025-09-24 14:00:00,Visa,Shiraz,443463.0,36
Success,2025-09-15 04:40:00,Nan,Karaj,452545.0,67
Success,2025-09-07 14:00:00,Visa,Tehran,12345.0,5
Success,2025-09-19 15:45:00,Nan,Tabriz,471227.0,25
Success,2025-09-22 07:32:00,Mastercard,Tehran,99999.0,96
Success,2025-09-25 18:00:00,Visa,Isfahan,976246.0,11
Success,2025-09-23 03:27:00,Mastercard,Tabriz,452545.0,72
Fail,2025-09-28 02:30:00,Mastercard,Isfahan,0.0,91
Success,2025-09-03 12:44:00,Mastercard,Tabriz,100.5,66
Fail,2025-09-30 14:02:00,Mastercard,Tehran,1158713.0,28
Success,2025-09-30 02:54:00,Visa,Tabriz,177050.0,60
Fail,2025-09-29 06:06:00,Discover,Shiraz,0.0,10
Fail,2025-09-22 21:23:00,Visa,Tabriz,452545.0,50
Fail,2025-09-11 04:04:00,Discover,Shiraz,452545.0,39
Fail,2025-09-20 11:11:00,Mastercard,Tehran,585954.0,37
Fail,2025-09-30 02:54:00,Discover,Tehran,100000.0,63
Fail,2025-09-29 13:10:00,Mastercard,Tehran,1768588.0,61
Fail,2025-09-19 11:11:00,Visa,Ahvaz,585954.0,85
Success,2025-09-09 13:13:00,Discover,Shiraz,1.0,93
Success,2025-09-10 02:20:00,Mastercard,Tehran,900000.0,38
Fail,2025-09-02 14:11:00,American Express,Tabriz,343679.0,33
Success,2025-09-01 21:10:00,American Express,Karaj,452545.0,75
Fail,2025-09-30 18:00:00,American Express,Tehran,555555.0,45
Success,2025-09-16 09:09:00,Discover,Karaj,300000.0,44
Success,2025-09-18 09:00:00,Master Card,Qom,0.0,1
Success,2025-09-23 18:12:00,Discover,Karaj,650000.0,53
Fail,2025-09-26 23:59:00,Visa,Shiraz,1578078.0,47
Success,2025-09-17 14:02:00,American Express,Isfahan,412308.0,33
Fail,2025-09-06 02:30:00,Mastercard,Tabriz,452545.0,67
Fail,2025-09-14 19:51:00,Visa,Shiraz,452545.0,91
Success,2025-09-23 02:54:00,Discover,Ahvaz,120000.0,15
Fail,2025-09-25 05:23:00,Visa,Tehran,471227.0,14
Fail,2025-09-15 14:30:00,Mastercard,Isfahan,555555.0,23
Fail,2025-09-14 02:54:00,Mastercard,Isfahan,545116.0,54
Success,2025-09-24 04:04:00,Nan,Qom,177050.0,8
Fail,2025-09-22 13:13:00,Visa,Tehran,452545.0,54
Success,2025-09-03 22:27:00,American Express,Tehran,583952.0,36
Fail,2025-09-24 05:56:00,Discover,Qom,1158713.0,84
Success,2025-09-23 14:11:00,Visa,Tehran,850000.0,52
Success,2025-09-19 10:48:00,Visa,Karaj,200000.0,6
Fail,2025-09-25 03:00:00,American Express,Tehran,1387769.0,98
Success,2025-09-12 02:24:00,Visa,Tehran,63489.0,28
Success,2025-09-02 18:12:00,American Express,Tehran,2020587.5,50
Success,2025-09-03 19:19:00,Master Card,Qom,850000.0,38
Fail,2025-09-18 06:30:00,Visa,Tehran,585954.0,30
Fail,2025-09-29 01:51:00,Discover,Tehran,63489.0,81
Fail,2025-09-01 05:56:00,Visa,Mashhad,452545.0,73
Success,2025-09-20 18:45:00,Mastercard,Tabriz,100.5,93
Fail,2025-09-21 14:00:00,Discover,Mashhad,452545.0,54
Success,2025-09-29 12:44:00,Visa,Karaj,976246.0,71
Success,2025-09-06 14:02:00,Visa,Tehran,1782689.0,46
Success,2025-09-05 16:40:00,Mastercard,Isfahan,1387769.0,28
Fail,2025-09-01 02:37:00,Visa,Tabriz,0.0,17
Success,2025-09-19 14:00:00,Nan,Karaj,450000.0,48
Success,2025-09-01 06:06:00,Visa,Ahvaz,452545.0,44
Fail,2025-09-27 14:00:00,Mastercard,Isfahan,0.0,60
Fail,2025-09-21 08:08:00,Discover,Shiraz,471227.0,60
Fail,2025-09-21 19:40:00,Mastercard,Isfahan,585954.0,5
Success,2025-09-16 13:10:00,Mastercard,Qom,1387769.0,69
Fail,2025-09-12 11:11:00,Visa,Unknown,914465.0,78
Success,2025-09-27 10:48:00,Visa,Qom,452545.0,70
Success,2025-09-29 14:00:00,Visa,Tehran,200000.0,7
Fail,2025-09-22 03:27:00,Nan,Karaj,99999.0,53
Success,2025-09-08 21:10:00,Mastercard,Tehran,1427657.0,17
Success,2025-09-26 09:09:00,Visa,Ahvaz,452545.0,59
Success,2025-09-16 23:59:00,Visa,Tehran,650000.0,9
Fail,2025-09-28 14:55:00,American Express,Mashhad,1883871.0,96
Fail,2025-09-01 01:01:00,Discover,Shiraz,450000.0,22
Success,2025-09-04 18:00:00,American Express,Tehran,452545.0,45
Fail,2025-09-10 19:19:00,Discover,Tabriz,1463119.0,73
Success,2025-09-11 01:51:00,Visa,Tehran,976246.0,59
Fail,2025-09-17 10:48:00,Mastercard,Tehran,120000.0,80
Fail,2025-09-25 13:10:00,American Express,Tehran,5000.0,99
Fail,2025-09-27 23:17:00,Mastercard,Tehran,1768588.0,13
Success,2025-09-23 02:54:00,Mastercard,Tabriz,452545.0,83
Success,2025-09-07 23:17:00,American Express,Tehran,250000.0,12
Fail,2025-09-12 17:17:00,Mastercard,Tehran,1305967.0,36
Success,2025-09-21 19:51:00,Visa,Isfahan,100.5,10
Success,2025-09-07 07:07:00,Visa,Shiraz,1502601.0,16
Fail,2025-09-12 06:30:00,Visa,Qom,452545.0,93
Success,2025-09-15 06:06:00,Mastercard,Tabriz,850000.0,19
Success,2025-09-02 21:23:00,Mastercard,Shiraz,850000.0,6
Success,2025-09-14 04:15:00,Mastercard,Tehran,452545.0,4
Fail,2025-09-13 23:59:00,Visa,Tabriz,100000.0,30
Fail,2025-09-04 00:00:00,Discover,Tehran,452545.0,96
Fail,2025-09-14 03:27:00,American Express,Tehran,452545.0,46
Fail,2025-09-14 21:23:00,Visa,Mashhad,0.0,27
Fail,2025-09-16 10:48:00,Mastercard,Tehran,2020587.5,45
Fail,2025-09-07 23:17:00,Mastercard,Isfahan,1768588.0,85
Fail,2025-09-19 02:37:00,Visa,Tehran,452545.0,37
Success,2025-09-02 13:13:00,Mastercard,Tehran,100.5,9
Fail,2025-09-10 19:29:00,Mastercard,Tehran,300000.0,61
Fail,2025-09-18 07:08:00,Visa,Tehran,452545.0,35
Success,2025-09-29 18:12:00,Discover,Isfahan,1387769.0,47
Success,2025-09-17 10:05:00,Discover,Tehran,250000.0,21
Fail,2025-09-05 21:10:00,Master Card,Tehran,100.5,17
Fail,2025-09-12 20:33:00,Nan,Tehran,1427657.0,55
Fail,2025-09-06 07:07:00,American Express,Mashhad,914465.0,89
Fail,2025-09-22 13:13:00,Discover,Tehran,100.5,96
Fail,2025-09-09 02:37:00,Mastercard,Tehran,99999.0,6
Success,2025-09-20 21:21:00,Discover,Karaj,452545.0,35
Success,2025-09-01 09:45:00,Visa,Tehran,1472823.0,50
Fail,2025-09-22 08:59:00,American Express,Qom,1000.0,37
Fail,2025-09-15 02:30:00,Visa,Tabriz,412308.0,13
Success,2025-09-21 04:04:00,Discover,Mashhad,452545.0,25
Success,2025-09-26 17:17:00,Visa,Tabriz,1768588.0,97
Fail,2025-09-06 05:56:00,Discover,Tabriz,914465.0,1
Fail,2025-09-19 18:00:00,Nan,Qom,177050.0,49
Fail,2025-09-18 06:06:00,Master Card,Qom,0.0,35
Fail,2025-09-06 12:12:00,Visa,Isfahan,452545.0,83
Success,2025-09-13 09:09:00,Visa,Tehran,99999.0,53
Fail,2025-09-01 21:10:00,Mastercard,Tehran,914282.0,52
Success,2025-09-23 20:33:00,American Express,Tehran,1768588.0,54
Success,2025-09-23 07:07:00,Visa,Shiraz,205000.0,76
Fail,2025-09-26 07:32:00,Mastercard,Tehran,583952.0,47
Success,2025-09-13 21:23:00,Mastercard,Karaj,452545.0,43
Fail,2025-09-07 20:33:00,American Express,Tehran,1768588.0,20
Fail,2025-09-15 02:54:00,American Express,Tabriz,200000.0,33
Fail,2025-09-12 06:30:00,Mastercard,Shiraz,0.0,94
Fail,2025-09-27 19:19:00,Mastercard,Tabriz,1387769.0,16
Success,2025-09-26 22:27:00,Mastercard,Mashhad,452545.0,78
Fail,2025-09-01 14:11:00,Mastercard,Tehran,1782689.0,7
Success,2025-09-15 21:23:00,Mastercard,Tabriz,2020587.5,70
Success,2025-09-04 15:45:00,Visa,Karaj,452545.0,21
Fail,2025-09-13 16:40:00,Visa,Tehran,0.0,36
Success,2025-09-23 21:23:00,Visa,Tehran,0.0,87
Success,2025-09-27 21:21:00,Visa,Tabriz,1463119.0,54
Success,2025-09-25 12:34:00,Visa,Tehran,333333.0,19
Fail,2025-09-05 02:30:00,Mastercard,Tehran,583952.0,25
Fail,2025-09-29 09:09:00,Visa,Tabriz,471227.0,67
Fail,2025-09-02 17:07:00,American Express,Tehran,0.0,53
Fail,2025-09-23 21:10:00,Visa,Tehran,1463119.0,99
Fail,2025-09-26 12:12:00,American Express,Tehran,5000.0,75
Success,2025-09-01 07:07:00,Discover,Tehran,333333.0,48
Fail,2025-09-16 06:30:00,Discover,Karaj,914282.0,42
Success,2025-09-23 06:30:00,Mastercard,Tehran,900000.0,47
Success,2025-09-06 02:20:00,Visa,Tehran,555555.0,92
Fail,2025-09-23 12:12:00,Mastercard,Tehran,2020587.5,42
Fail,2025-09-16 12:12:00,Mastercard,Qom,412308.0,2
Fail,2025-09-14 22:27:00,Discover,Shiraz,1502601.0,6
Fail,2025-09-29 15:45:00,Mastercard,Shiraz,0.0,46
Fail,2025-09-26 02:54:00,Discover,Qom,1578078.0,66
Fail,2025-09-03 17:17:00,Discover,Tehran,100000.0,81
Success,2025-09-15 19:51:00,Mastercard,Karaj,177050.0,40
Fail,2025-09-03 04:04:00,Discover,Tabriz,850000.0,58
Success,2025-09-23 02:30:00,Visa,Tehran,419089.0,78
Fail,2025-09-29 07:08:00,Discover,Isfahan,1387769.0,74
Fail,2025-09-02 02:37:00,American Express,Tabriz,1.0,33
Fail,2025-09-01 05:23:00,Visa,Tehran,1387769.0,62
Fail,2025-09-09 23:59:00,Visa,Qom,300000.0,12
Success,2025-09-09 14:30:00,Mastercard,Karaj,123456.0,97
Fail,2025-09-23 08:59:00,Mastercard,Isfahan,100000.0,49
Success,2025-09-07 04:40:00,Discover,Tehran,1472823.0,89
Fail,2025-09-03 07:08:00,Visa,Tehran,452545.0,78
Fail,2025-09-26 14:00:00,American Express,Isfahan,0.0,5
Fail,2025-09-18 13:13:00,Mastercard,Tabriz,1.0,51
Success,2025-09-11 02:30:00,Mastercard,Shiraz,0.0,69
Success,2025-09-07 05:23:00,Discover,Tehran,1768588.0,32
Fail,2025-09-09 07:07:00,Discover,Shiraz,177050.0,49
Fail,2025-09-01 04:04:00,Discover,Tehran,1782689.0,98
Success,2025-09-29 12:12:00,Visa,Isfahan,100.5,60
Fail,2025-09-14 11:11:00,Visa,Tehran,452545.0,46
Success,2025-09-20 01:51:00,American Express,Tehran,452545.0,68
Success,2025-09-06 07:32:00,Visa,Isfahan,0.0,95
Success,2025-09-07 08:08:00,American Express,Mashhad,1768588.0,41
Success,2025-09-10 04:04:00,Visa,Shiraz,555555.0,81
Fail,2025-09-07 14:11:00,Visa,Tabriz,12345.0,67
Fail,2025-09-26 22:27:00,Visa,Tehran,120000.0,13
Success,2025-09-02 03:27:00,Discover,Tehran,63489.0,18
Success,2025-09-30 02:30:00,Discover,Ahvaz,100.5,88
Fail,2025-09-04 14:55:00,Visa,Tehran,452545.0,100
Fail,2025-09-21 12:12:00,Visa,Tehran,1472823.0,98
Fail,2025-09-30 01:51:00,Visa,Mashhad,1427657.0,51
Success,2025-09-28 05:56:00,American Express,Ahvaz,412308.0,36
Fail,2025-09-17 06:30:00,Mastercard,Tehran,0.0,81
Fail,2025-09-01 09:45:00,Discover,Shiraz,900000.0,34
Success,2025-09-10 18:00:00,American Express,Mashhad,452545.0,12
Success,2025-09-19 10:48:00,Visa,Karaj,452545.0,5
Success,2025-09-15 14:11:00,Discover,Isfahan,419089.0,48
Success,2025-09-10 00:00:00,Mastercard,Karaj,1768588.0,92
Success,2025-09-19 07:32:00,Visa,Tehran,976246.0,40
Fail,2025-09-12 18:45:00,Visa,Tabriz,5000.0,13
Fail,2025-09-24 02:37:00,Visa,Tehran,5000.0,26
Fail,2025-09-16 07:32:00,Discover,Tabriz,120000.0,14
Success,2025-09-09 02:24:00,Discover,Tehran,1050805.0,97
Success,2025-09-15 04:40:00,Visa,Tehran,452545.0,11
Success,2025-09-30 14:00:00,Mastercard,Mashhad,1000.0,38
Success,2025-09-27 03:27:00,American Express,Tabriz,200000.0,80
Fail,2025-09-28 14:11:00,Mastercard,Unknown,914465.0,57
Success,2025-09-17 18:12:00,Mastercard,Unknown,412308.0,22
Fail,2025-09-14 18:45:00,Mastercard,Tabriz,545116.0,16
Success,2025-09-27 08:59:00,Visa,Tabriz,471227.0,77
Fail,2025-09-18 11:11:00,Mastercard,Ahvaz,1883871.0,76
Success,2025-09-26 09:45:00,Discover,Tehran,1.0,82
Success,2025-09-02 22:27:00,Visa,Shiraz,1502601.0,29
Success,2025-09-04 23:59:00,Mastercard,Tehran,471227.0,82
Success,2025-09-18 00:00:00,American Express,Tehran,452545.0,2
Fail,2025-09-07 07:07:00,Visa,Shiraz,200000.0,54
Fail,2025-09-13 10:48:00,Discover,Karaj,343679.0,2
Success,2025-09-15 20:20:00,American Express,Tehran,333333.0,3
Fail,2025-09-25 16:16:00,American Express,Ahvaz,1427657.0,94
Fail,2025-09-23 13:13:00,Mastercard,Tehran,850000.0,56
Fail,2025-09-28 03:27:00,Visa,Tehran,250000.0,72
Success,2025-09-22 21:23:00,Visa,Tabriz,99999.0,11
Success,2025-09-26 02:37:00,American Express,Tabriz,1883871.0,76
Success,2025-09-01 01:51:00,Mastercard,Mashhad,0.0,32
Fail,2025-09-11 07:08:00,Mastercard,Tehran,900000.0,4
Success,2025-09-10 11:11:00,Visa,Tehran,452545.0,9
Fail,2025-09-25 22:27:00,Mastercard,Tehran,2020587.5,89
Fail,2025-09-05 08:59:00,Mastercard,Ahvaz,1158713.0,56
Success,2025-09-16 02:37:00,Discover,Isfahan,850000.0,16
Success,2025-09-11 04:15:00,Mastercard,Qom,177050.0,81
Fail,2025-09-21 02:54:00,Visa,Tehran,1472823.0,87
Fail,2025-09-06 05:56:00,Visa,Tabriz,177050.0,71
Fail,2025-09-09 23:59:00,Visa,Isfahan,1.0,10
Success,2025-09-13 14:30:00,Discover,Karaj,452545.0,94
Fail,2025-09-24 06:30:00,Mastercard,Ahvaz,0.0,36
Fail,2025-09-08 13:10:00,Visa,Tehran,850000.0,24
Fail,2025-09-14 10:05:00,Mastercard,Tehran,850000.0,64
Fail,2025-09-24 16:40:00,Discover,Karaj,1387769.0,56
Success,2025-09-01 01:01:00,Mastercard,Karaj,452545.0,78
Fail,2025-09-17 14:00:00,Visa,Tabriz,0.0,78
Success,2025-09-24 23:59:00,Mastercard,Tabriz,99999.0,90
Fail,2025-09-05 03:27:00,Mastercard,Tehran,1158713.0,22
Success,2025-09-25 14:55:00,Mastercard,Tehran,2020587.5,52
Success,2025-09-02 09:00:00,Mastercard,Tehran,1768588.0,50
Fail,2025-09-25 23:59:00,Discover,Qom,452545.0,47
Success,2025-09-28 07:08:00,Mastercard,Tehran,1502601.0,23
Fail,2025-09-30 04:15:00,American Express,Tehran,0.0,97
Fail,2025-09-24 07:08:00,Discover,Ahvaz,452545.0,91
Success,2025-09-09 23:17:00,Visa,Qom,1472823.0,92
Success,2025-09-04 03:27:00,Mastercard,Tehran,177050.0,76
Success,2025-09-17 02:37:00,Discover,Ahvaz,452545.0,83
Fail,2025-09-17 05:23:00,Mastercard,Tehran,100.5,19
Fail,2025-09-21 02:30:00,Visa,Shiraz,650000.0,52
Fail,2025-09-18 17:07:00,Mastercard,Karaj,2020587.5,34
Success,2025-09-16 12:34:00,Mastercard,Isfahan,63489.0,97
Fail,2025-09-30 09:45:00,Visa,Tabriz,0.0,29
Fail,2025-09-08 02:30:00,Mastercard,Tehran,200000.0,61
Fail,2025-09-26 10:48:00,American Express,Karaj,1768588.0,85
Success,2025-09-11 02:24:00,Visa,Tehran,452545.0,35
Success,2025-09-21 01:01:00,Visa,Tehran,452545.0,5
Fail,2025-09-21 11:11:00,Visa,Isfahan,0.0,76
Success,2025-09-18 18:00:00,Visa,Tabriz,177050.0,7
Success,2025-09-23 14:11:00,Visa,Shiraz,583952.0,41
Fail,2025-09-29 00:00:00,Discover,Qom,177050.0,2
Success,2025-09-24 02:54:00,Mastercard,Qom,850000.0,90
Success,2025-09-10 17:17:00,Mastercard,Tabriz,471227.0,10
Fail,2025-09-13 12:44:00,Mastercard,Tehran,555555.0,44
Success,2025-09-17 05:56:00,Mastercard,Tehran,976246.0,70
Success,2025-09-18 16:16:00,Visa,Tehran,1387769.0,92
Fail,2025-09-10 10:05:00,Mastercard,Isfahan,452545.0,35
Fail,2025-09-16 06:30:00,American Express,Tehran,0.0,62
Fail,2025-09-20 14:11:00,American Express,Tehran,450000.0,74
Fail,2025-09-05 07:08:00,Discover,Tehran,419089.0,73
Fail,2025-09-13 04:04:00,American Express,Mashhad,452545.0,20
Fail,2025-09-18 19:51:00,Mastercard,Karaj,0.0,35
Success,2025-09-17 08:59:00,American Express,Karaj,452545.0,37
Success,2025-09-09 13:10:00,Mastercard,Mashhad,1463119.0,72
Fail,2025-09-14 11:11:00,Discover,Isfahan,1578078.0,54
Fail,2025-09-17 09:00:00,Visa,Tabriz,452545.0,96
Success,2025-09-29 05:56:00,Mastercard,Tabriz,250000.0,80
Fail,2025-09-04 11:11:00,Visa,Qom,343679.0,28
Success,2025-09-18 19:40:00,Visa,Tehran,914282.0,70
Success,2025-09-27 21:23:00,Discover,Tehran,976246.0,32
Fail,2025-09-20 19:51:00,Visa,Tehran,177050.0,93
Fail,2025-09-24 21:23:00,American Express,Shiraz,419089.0,11
Fail,2025-09-24 14:11:00,Discover,Unknown,0.0,42
Fail,2025-09-15 03:27:00,Mastercard,Tehran,1502601.0,23
Success,2025-09-11 02:37:00,Mastercard,Karaj,471227.0,30
Fail,2025-09-12 02:30:00,Visa,Ahvaz,976246.0,9
Success,2025-09-09 03:00:00,Visa,Isfahan,914282.0,93
Success,2025-09-13 18:12:00,Mastercard,Tabriz,0.0,89
Fail,2025-09-15 06:30:00,Discover,Isfahan,1782689.0,59
Fail,2025-09-27 22:27:00,Mastercard,Tehran,300000.0,28
Fail,2025-09-15 10:48:00,Visa,Shiraz,0.0,89
Fail,2025-09-28 11:11:00,Mastercard,Tehran,200000.0,79
Fail,2025-09-05 07:08:00,Visa,Ahvaz,585954.0,33
Fail,2025-09-23 23:59:00,American Express,Tehran,471227.0,47
Success,2025-09-19 10:48:00,Mastercard,Tabriz,343679.0,99
Fail,2025-09-26 19:29:00,Visa,Tehran,583952.0,22
Fail,2025-09-20 03:27:00,Discover,Tehran,100.5,29
Fail,2025-09-26 02:30:00,Mastercard,Mashhad,452545.0,34
Fail,2025-09-25 08:08:00,Discover,Tehran,452545.0,42
Fail,2025-09-26 21:23:00,Nan,Tehran,452545.0,52
Success,2025-09-26 08:59:00,Mastercard,Shiraz,100.5,47
Success,2025-09-14 09:00:00,Visa,Shiraz,100.5,74
Success,2025-09-28 14:11:00,Discover,Tehran,12345.0,51
Fail,2025-09-17 08:08:00,Visa,Tehran,177050.0,45
Success,2025-09-18 19:29:00,Visa,Karaj,914465.0,95
Success,2025-09-21 12:44:00,Mastercard,Tabriz,343679.0,75
Fail,2025-09-03 02:30:00,Discover,Tabriz,100.5,34
Fail,2025-09-02 15:45:00,Visa,Ahvaz,452545.0,21
Fail,2025-09-01 11:11:00,Visa,Karaj,976246.0,13
Fail,2025-09-10 03:00:00,Visa,Tehran,585954.0,54
Success,2025-09-19 02:30:00,Discover,Isfahan,583952.0,25
Success,2025-09-17 20:33:00,Visa,Tabriz,100.5,21
Fail,2025-09-12 14:11:00,Visa,Tabriz,914465.0,1
Success,2025-09-01 12:34:00,Visa,Tabriz,452545.0,58
Fail,2025-09-12 19:51:00,American Express,Tehran,471227.0,69
Fail,2025-09-17 20:33:00,Mastercard,Ahvaz,177050.0,87
Fail,2025-09-24 12:44:00,Visa,Ahvaz,1305967.0,71
Success,2025-09-03 02:30:00,American Express,Tabriz,1472823.0,13
Fail,2025-09-11 14:55:00,Visa,Tehran,123456.0,52
Fail,2025-09-17 14:02:00,Visa,Tehran,2020587.5,23
Fail,2025-09-23 09:45:00,American Express,Qom,419089.0,21
Fail,2025-09-26 01:51:00,American Express,Tabriz,914465.0,6
Success,2025-09-03 12:34:00,Mastercard,Tehran,914282.0,20
Fail,2025-09-08 02:30:00,Visa,Tehran,0.0,76
Success,2025-09-20 14:55:00,Master Card,Tehran,850000.0,40
Success,2025-09-04 07:08:00,American Express,Qom,0.0,9
Success,2025-09-21 12:12:00,American Express,Tehran,583952.0,50
Fail,2025-09-22 06:06:00,Visa,Ahvaz,177050.0,28
Fail,2025-09-07 13:13:00,Visa,Ahvaz,452545.0,11
Success,2025-09-14 03:27:00,American Express,Tabriz,976246.0,97
Fail,2025-09-14 19:40:00,American Express,Tehran,471227.0,75
Success,2025-09-04 07:32:00,Master Card,Karaj,100.5,89
Fail,2025-09-16 17:07:00,Nan,Tabriz,443463.0,56
Fail,2025-09-24 16:40:00,Visa,Karaj,976246.0,79
Success,2025-09-29 07:08:00,Nan,Tehran,1883871.0,35
Success,2025-09-22 10:48:00,Mastercard,Mashhad,1463119.0,81
Fail,2025-09-30 17:07:00,Visa,Tehran,0.0,25
Fail,2025-09-01 00:00:00,Discover,Shiraz,1883871.0,100
Success,2025-09-17 02:30:00,Mastercard,Unknown,914465.0,19
Fail,2025-09-25 19:40:00,American Express,Isfahan,50200.0,31
Fail,2025-09-10 03:00:00,Mastercard,Tehran,914465.0,81
Fail,2025-09-22 02:37:00,Visa,Tabriz,2020587.5,50
Success,2025-09-16 08:59:00,Visa,Tehran,650000.0,88
Fail,2025-09-16 13:13:00,Visa,Ahvaz,1463119.0,63
Success,2025-09-26 03:27:00,American Express,Tabriz,1472823.0,47
Fail,2025-09-08 08:59:00,Nan,Tehran,914282.0,1
Fail,2025-09-29 18:12:00,Visa,Shiraz,976246.0,58
Fail,2025-09-07 16:40:00,Visa,Tehran,177050.0,10
Success,2025-09-28 17:07:00,Visa,Qom,0.0,8
Success,2025-09-06 02:37:00,Master Card,Mashhad,452545.0,26
Fail,2025-09-16 07:08:00,Visa,Karaj,0.0,34
Success,2025-09-20 18:00:00,Visa,Isfahan,545116.0,19
Success,2025-09-16 00:00:00,Visa,Tehran,0.0,78
Fail,2025-09-07 07:08:00,Mastercard,Karaj,300000.0,72
Fail,2025-09-09 00:00:00,Visa,Shiraz,0.0,1
Fail,2025-09-14 03:27:00,Visa,Tabriz,471227.0,48
Success,2025-09-11 08:08:00,Mastercard,Tehran,1472823.0,25
Success,2025-09-26 02:24:00,Mastercard,Qom,1000.0,24
Fail,2025-09-26 14:11:00,American Express,Tehran,205000.0,47
Success,2025-09-14 23:59:00,Mastercard,Tabriz,0.0,84
Success,2025-09-07 03:27:00,Mastercard,Tehran,177050.0,95
Fail,2025-09-01 10:48:00,American Express,Karaj,1427657.0,69
Success,2025-09-26 16:16:00,Visa,Tehran,850000.0,67
Success,2025-09-25 21:23:00,Discover,Tabriz,412308.0,32
Fail,2025-09-13 02:37:00,Mastercard,Isfahan,452545.0,17
Fail,2025-09-20 15:45:00,Visa,Tehran,0.0,61
Success,2025-09-03 12:44:00,Mastercard,Tehran,452545.0,69
Fail,2025-09-20 00:00:00,Visa,Tabriz,1883871.0,11
Fail,2025-09-04 12:12:00,Mastercard,Tehran,1463119.0,38
Fail,2025-09-29 20:33:00,Visa,Shiraz,1578078.0,68
Fail,2025-09-26 04:04:00,Visa,Tabriz,200000.0,19
Fail,2025-09-11 01:01:00,Mastercard,Tehran,1578078.0,88
Success,2025-09-02 02:30:00,Mastercard,Karaj,585954.0,17
Success,2025-09-14 21:10:00,Mastercard,Tehran,900000.0,13
Fail,2025-09-12 20:33:00,Visa,Tehran,452545.0,92
Fail,2025-09-30 16:40:00,Master Card,Ahvaz,200000.0,1
Fail,2025-09-17 00:00:00,Visa,Tabriz,177050.0,2
Fail,2025-09-12 23:59:00,Mastercard,Unknown,343679.0,82
Fail,2025-09-26 02:30:00,Mastercard,Tabriz,545116.0,98
Fail,2025-09-12 08:08:00,Visa,Shiraz,471227.0,66
Fail,2025-09-01 14:02:00,Mastercard,Karaj,1305967.0,68
Fail,2025-09-13 06:30:00,Visa,Tehran,63489.0,16
Fail,2025-09-14 20:33:00,American Express,Shiraz,120000.0,4
Fail,2025-09-24 21:10:00,Visa,Isfahan,100000.0,57
Fail,2025-09-30 09:00:00,Mastercard,Tabriz,0.0,73
Fail,2025-09-02 18:12:00,Mastercard,Tehran,914282.0,85
Success,2025-09-12 23:17:00,Visa,Tehran,471227.0,23
Success,2025-09-26 05:23:00,Nan,Tehran,1463119.0,2
Fail,2025-09-21 03:27:00,Visa,Tehran,0.0,67
Success,2025-09-28 14:55:00,Discover,Qom,0.0,88
Success,2025-09-16 01:01:00,Discover,Shiraz,471227.0,26
Fail,2025-09-04 21:10:00,Visa,Karaj,976246.0,7
Fail,2025-09-08 14:30:00,American Express,Mashhad,452545.0,44
Success,2025-09-02 08:59:00,Mastercard,Isfahan,5000.0,33
Fail,2025-09-10 18:00:00,Mastercard,Tehran,250000.0,64
Fail,2025-09-09 04:15:00,Mastercard,Qom,300000.0,36
Fail,2025-09-23 10:05:00,Discover,Qom,1387769.0,4
Fail,2025-09-15 21:23:00,Nan,Tabriz,555555.0,23
Fail,2025-09-13 05:56:00,Mastercard,Qom,177050.0,25
Fail,2025-09-23 13:13:00,Visa,Isfahan,471227.0,91
Fail,2025-09-17 08:59:00,Discover,Ahvaz,50200.0,93
Success,2025-09-30 18:45:00,Mastercard,Qom,1883871.0,93
Fail,2025-09-16 11:11:00,Mastercard,Tehran,419089.0,85
Fail,2025-09-28 02:37:00,Visa,Mashhad,1782689.0,74
Fail,2025-09-02 05:56:00,Mastercard,Tehran,976246.0,27
Success,2025-09-20 08:08:00,American Express,Mashhad,12345.0,51
Fail,2025-09-20 02:20:00,Visa,Qom,1472823.0,79
Fail,2025-09-27 16:40:00,Visa,Isfahan,452545.0,81
Fail,2025-09-14 03:27:00,Mastercard,Isfahan,250000.0,100
Fail,2025-09-03 07:07:00,Discover,Tehran,1387769.0,69
Fail,2025-09-23 23:59:00,Mastercard,Tabriz,976246.0,80
Success,2025-09-12 01:51:00,Mastercard,Tehran,250000.0,23
Success,2025-09-08 18:12:00,Visa,Karaj,585954.0,9
Success,2025-09-02 14:00:00,Visa,Qom,0.0,33
Fail,2025-09-04 10:05:00,Visa,Tabriz,2020587.5,35
Fail,2025-09-14 14:02:00,Visa,Isfahan,343679.0,50
Success,2025-09-16 02:20:00,American Express,Mashhad,177050.0,24
Success,2025-09-19 04:40:00,Mastercard,Qom,0.0,89
Fail,2025-09-02 14:30:00,Visa,Karaj,419089.0,24
Fail,2025-09-12 23:17:00,Visa,Isfahan,1305967.0,19
Fail,2025-09-29 07:08:00,Visa,Shiraz,1.0,39
Fail,2025-09-14 16:16:00,Mastercard,Karaj,774681.0,61
Success,2025-09-06 08:59:00,Visa,Karaj,1463119.0,25
Success,2025-09-13 02:54:00,Discover,Tabriz,471227.0,96
Success,2025-09-04 18:00:00,Mastercard,Isfahan,200000.0,25
Fail,2025-09-22 02:20:00,Discover,Qom,900000.0,27
Success,2025-09-18 07:07:00,Discover,Tehran,1768588.0,32
Fail,2025-09-12 04:15:00,Nan,Ahvaz,452545.0,11
Fail,2025-09-20 05:56:00,Discover,Qom,300000.0,69
Fail,2025-09-27 14:11:00,Mastercard,Tehran,774681.0,33
Success,2025-09-22 06:30:00,Mastercard,Isfahan,123456.0,19
Fail,2025-09-30 04:15:00,Visa,Karaj,452545.0,16
Success,2025-09-21 11:11:00,Visa,Karaj,0.0,100
Success,2025-09-19 11:11:00,Mastercard,Tehran,452545.0,11
Fail,2025-09-08 13:13:00,Mastercard,Tehran,2020587.5,75
Success,2025-09-07 19:51:00,Visa,Mashhad,1.0,74
Success,2025-09-16 02:30:00,Discover,Tehran,1305967.0,99
Success,2025-09-19 16:16:00,Visa,Mashhad,343679.0,69
Fail,2025-09-06 02:54:00,Discover,Tehran,583952.0,88
Success,2025-09-20 14:00:00,Discover,Karaj,976246.0,55
Success,2025-09-27 13:10:00,Discover,Isfahan,100.5,25
Success,2025-09-21 23:59:00,American Express,Tehran,1305967.0,94
Success,2025-09-11 14:55:00,Mastercard,Mashhad,583952.0,77
Fail,2025-09-05 00:00:00,American Express,Mashhad,1883871.0,97
Fail,2025-09-16 18:12:00,Mastercard,Tehran,0.0,34
Fail,2025-09-07 10:48:00,Mastercard,Ahvaz,300000.0,12
Success,2025-09-27 11:11:00,Mastercard,Tabriz,177050.0,89
Fail,2025-09-05 21:23:00,Mastercard,Shiraz,333333.0,21
Fail,2025-09-11 23:59:00,Visa,Tehran,585954.0,29
Success,2025-09-15 12:12:00,Discover,Tehran,0.0,51
Fail,2025-09-03 00:00:00,Mastercard,Karaj,0.0,23
Success,2025-09-26 07:08:00,Discover,Isfahan,1050805.0,33
Fail,2025-09-05 16:40:00,Visa,Shiraz,1782689.0,8
Success,2025-09-23 02:24:00,Discover,Tehran,900000.0,42
Fail,2025-09-21 14:02:00,Visa,Tehran,914465.0,77
Fail,2025-09-05 18:00:00,Discover,Ahvaz,2020587.5,69
Fail,2025-09-09 21:21:00,Mastercard,Ahvaz,2020587.5,41
Fail,2025-09-15 14:11:00,Visa,Tehran,471227.0,74
Fail,2025-09-03 04:40:00,Mastercard,Tehran,1782689.0,63
Fail,2025-09-29 16:40:00,Mastercard,Qom,452545.0,14
Fail,2025-09-06 02:30:00,Visa,Tehran,1502601.0,89
Fail,2025-09-17 13:10:00,Visa,Ahvaz,452545.0,62
Success,2025-09-26 07:08:00,Visa,Isfahan,1305967.0,75
Success,2025-09-21 22:27:00,Mastercard,Isfahan,1883871.0,46
Fail,2025-09-08 02:20:00,Master Card,Tehran,1578078.0,67
Fail,2025-09-21 02:20:00,Mastercard,Unknown,452545.0,94
Success,2025-09-25 22:27:00,Mastercard,Tehran,452545.0,53
Success,2025-09-11 07:08:00,Visa,Tehran,900000.0,52
Fail,2025-09-06 14:00:00,Mastercard,Tabriz,914465.0,95
Fail,2025-09-08 10:48:00,Visa,Isfahan,471227.0,7
Success,2025-09-10 08:08:00,Visa,Tabriz,976246.0,81
Success,2025-09-24 14:02:00,Mastercard,Tehran,0.0,84
Fail,2025-09-29 21:23:00,Visa,Karaj,343679.0,54
Success,2025-09-03 10:05:00,Mastercard,Tehran,1502601.0,11
Fail,2025-09-23 14:30:00,Mastercard,Tehran,205000.0,25
Fail,2025-09-14 06:30:00,American Express,Ahvaz,452545.0,59
Success,2025-09-23 14:11:00,Visa,Karaj,0.0,89
Fail,2025-09-14 13:13:00,Visa,Tehran,0.0,66
Success,2025-09-10 05:56:00,American Express,Karaj,300000.0,27
Fail,2025-09-12 13:13:00,American Express,Tehran,177050.0,83
Fail,2025-09-06 02:54:00,Visa,Shiraz,650000.0,58
Fail,2025-09-12 09:00:00,Mastercard,Mashhad,100.5,94
Fail,2025-09-23 05:23:00,Visa,Tehran,452545.0,11
Fail,2025-09-14 18:00:00,Visa,Mashhad,100.5,55
Success,2025-09-02 18:45:00,Mastercard,Tehran,900000.0,19
Fail,2025-09-09 00:00:00,Discover,Tabriz,205000.0,93
Fail,2025-09-10 19:51:00,Nan,Tehran,452545.0,39
Success,2025-09-26 04:15:00,Visa,Tehran,1158713.0,85
Fail,2025-09-17 14:11:00,Discover,Karaj,343679.0,91
Fail,2025-09-17 18:45:00,Mastercard,Tehran,914465.0,87
Success,2025-09-03 07:08:00,Discover,Tehran,1578078.0,70
Fail,2025-09-30 12:34:00,Mastercard,Mashhad,452545.0,11
Fail,2025-09-19 00:00:00,Visa,Unknown,650000.0,14
Success,2025-09-01 14:11:00,Visa,Tehran,100.5,60
Fail,2025-09-12 21:23:00,Visa,Tehran,450000.0,36
Success,2025-09-07 02:30:00,American Express,Shiraz,1463119.0,41
Fail,2025-09-04 21:23:00,Visa,Tehran,1463119.0,2
Success,2025-09-10 07:07:00,Visa,Tabriz,0.0,57
Fail,2025-09-13 19:51:00,Mastercard,Tehran,200000.0,60
Fail,2025-09-02 14:11:00,Discover,Tehran,0.0,20
Success,2025-09-10 18:00:00,American Express,Tabriz,452545.0,22
Success,2025-09-21 05:56:00,American Express,Karaj,412308.0,4
Success,2025-09-22 19:40:00,Visa,Shiraz,333333.0,56
Success,2025-09-25 16:16:00,Discover,Tehran,1883871.0,94
Success,2025-09-04 06:06:00,American Express,Tehran,1578078.0,58
Success,2025-09-18 19:40:00,Visa,Tabriz,452545.0,89
Fail,2025-09-05 02:54:00,Mastercard,Ahvaz,2020587.5,65
Fail,2025-09-19 12:44:00,Visa,Tehran,914465.0,89
Fail,2025-09-02 20:33:00,Visa,Isfahan,1427657.0,58
Success,2025-09-12 18:12:00,Mastercard,Shiraz,452545.0,30
Success,2025-09-17 01:51:00,Master Card,Tehran,205000.0,76
Fail,2025-09-10 13:13:00,Discover,Tehran,1883871.0,19
Fail,2025-09-02 11:11:00,Discover,Isfahan,250000.0,62
Fail,2025-09-06 04:40:00,Visa,Tabriz,1305967.0,68
Fail,2025-09-08 04:15:00,American Express,Shiraz,452545.0,79
Success,2025-09-29 00:00:00,American Express,Tehran,452545.0,84
Success,2025-09-19 08:08:00,Visa,Tehran,2020587.5,44
Fail,2025-09-11 21:23:00,Mastercard,Tehran,250000.0,84
Fail,2025-09-25 07:08:00,Visa,Isfahan,99999.0,61
Success,2025-09-12 02:20:00,Mastercard,Shiraz,443463.0,21
Success,2025-09-09 04:15:00,American Express,Tehran,99999.0,10
Success,2025-09-02 13:13:00,Mastercard,Qom,2020587.5,30
Fail,2025-09-08 02:30:00,Mastercard,Tehran,1578078.0,24
Success,2025-09-26 07:32:00,Mastercard,Tehran,1578078.0,48
Fail,2025-09-11 08:08:00,American Express,Ahvaz,5000.0,55
Success,2025-09-28 04:04:00,American Express,Tabriz,1502601.0,52
Fail,2025-09-21 06:06:00,Discover,Qom,205000.0,38
Success,2025-09-04 19:40:00,Visa,Isfahan,0.0,67
Success,2025-09-10 16:40:00,Visa,Tabriz,2020587.5,94
Success,2025-09-21 01:01:00,Mastercard,Ahvaz,0.0,8
Fail,2025-09-20 17:07:00,Mastercard,Karaj,585954.0,29
Success,2025-09-16 23:17:00,Visa,Shiraz,452545.0,10
Fail,2025-09-08 09:09:00,Mastercard,Isfahan,177050.0,69
Success,2025-09-04 03:00:00,Discover,Tabriz,976246.0,75
Success,2025-09-29 19:19:00,Mastercard,Mashhad,585954.0,68
Success,2025-09-10 20:33:00,Discover,Karaj,1578078.0,49
Fail,2025-09-12 18:45:00,Visa,Qom,419089.0,58
Fail,2025-09-29 10:48:00,Visa,Tehran,343679.0,35
Fail,2025-09-14 11:11:00,Discover,Tehran,452545.0,50
Fail,2025-09-16 06:30:00,Visa,Unknown,205000.0,40
Fail,2025-09-22 04:40:00,Visa,Karaj,450000.0,12
Success,2025-09-18 19:51:00,Visa,Karaj,585954.0,85
Success,2025-09-21 14:02:00,Discover,Isfahan,5000.0,16
Success,2025-09-22 10:48:00,Visa,Mashhad,471227.0,78
Fail,2025-09-21 22:27:00,Master Card,Ahvaz,200000.0,85
Fail,2025-09-12 21:10:00,American Express,Ahvaz,177050.0,48
Fail,2025-09-18 19:51:00,Visa,Isfahan,450000.0,92
Fail,2025-09-30 07:08:00,Visa,Tabriz,774681.0,1
Fail,2025-09-07 10:48:00,American Express,Shiraz,1463119.0,65
Fail,2025-09-20 21:21:00,Mastercard,Tehran,0.0,22
Success,2025-09-24 03:27:00,Visa,Isfahan,914465.0,15
Fail,2025-09-23 19:40:00,Visa,Isfahan,900000.0,84
Success,2025-09-07 02:20:00,Nan,Tehran,343679.0,67
Success,2025-09-09 12:12:00,American Express,Karaj,452545.0,14
Fail,2025-09-01 21:21:00,Mastercard,Isfahan,177050.0,73
Fail,2025-09-26 11:11:00,Discover,Tehran,1472823.0,19
Fail,2025-09-06 13:13:00,Visa,Karaj,471227.0,40
Fail,2025-09-06 16:40:00,Mastercard,Isfahan,555555.0,99
Fail,2025-09-22 02:37:00,Nan,Tehran,585954.0,4
Fail,2025-09-29 07:08:00,Visa,Shiraz,1463119.0,33
Success,2025-09-12 19:29:00,Visa,Tabriz,100.5,43
Success,2025-09-22 11:11:00,Visa,Isfahan,452545.0,37
Fail,2025-09-12 08:08:00,Mastercard,Mashhad,452545.0,66
Fail,2025-09-10 13:13:00,Visa,Karaj,1427657.0,27
Success,2025-09-23 02:24:00,American Express,Tabriz,1387769.0,45
Success,2025-09-30 03:27:00,Mastercard,Tehran,123456.0,81
Fail,2025-09-26 05:56:00,Mastercard,Isfahan,914465.0,50
Success,2025-09-06 09:00:00,Mastercard,Tehran,250000.0,96
Success,2025-09-17 14:11:00,Mastercard,Karaj,452545.0,63
Success,2025-09-19 09:09:00,Mastercard,Tehran,177050.0,6
Success,2025-09-18 06:06:00,Visa,Shiraz,1000.0,96
Fail,2025-09-06 10:05:00,Mastercard,Tabriz,100000.0,67
Fail,2025-09-24 18:45:00,Visa,Tehran,0.0,67
Success,2025-09-19 01:01:00,Mastercard,Tabriz,976246.0,98
Fail,2025-09-10 18:12:00,Visa,Tabriz,900000.0,59
Success,2025-09-24 03:27:00,Visa,Tabriz,976246.0,13
Success,2025-09-08 21:23:00,Nan,Tehran,452545.0,21
Fail,2025-09-21 16:16:00,Mastercard,Tehran,585954.0,64
Success,2025-09-24 12:12:00,Mastercard,Tehran,1387769.0,37
Fail,2025-09-06 19:29:00,Visa,Shiraz,200000.0,80
Success,2025-09-21 12:44:00,Visa,Tehran,50200.0,85
Fail,2025-09-25 15:45:00,Mastercard,Ahvaz,450000.0,48
Success,2025-09-30 19:51:00,Visa,Tehran,419089.0,56
Fail,2025-09-07 04:15:00,Nan,Tehran,200000.0,44
Success,2025-09-24 02:37:00,Nan,Tabriz,200000.0,13
Fail,2025-09-01 20:33:00,Mastercard,Isfahan,1463119.0,4
Fail,2025-09-27 04:04:00,Visa,Isfahan,976246.0,96
Fail,2025-09-18 12:12:00,Mastercard,Tehran,0.0,73
Success,2025-09-24 07:07:00,American Express,Tehran,200000.0,33
Fail,2025-09-28 02:37:00,Discover,Tehran,0.0,37
Success,2025-09-25 00:00:00,Visa,Isfahan,976246.0,53
Fail,2025-09-20 14:30:00,Mastercard,Tabriz,0.0,24
Fail,2025-09-12 21:21:00,Visa,Mashhad,123456.0,90
Success,2025-09-16 12:44:00,American Express,Tehran,63489.0,51
Success,2025-09-10 10:48:00,Mastercard,Qom,1782689.0,41
Fail,2025-09-27 18:12:00,Visa,Tabriz,452545.0,29
Fail,2025-09-10 02:20:00,Discover,Qom,300000.0,59
Fail,2025-09-14 02:24:00,American Express,Shiraz,0.0,40
Success,2025-09-25 19:19:00,Discover,Karaj,914465.0,51
Fail,2025-09-20 04:04:00,Visa,Tabriz,976246.0,50
Success,2025-09-10 19:29:00,Discover,Mashhad,1472823.0,36
Fail,2025-09-10 21:23:00,American Express,Tehran,99999.0,79
Fail,2025-09-26 03:27:00,Visa,Karaj,1883871.0,60
Success,2025-09-25 23:59:00,Visa,Tehran,583952.0,18
Success,2025-09-11 10:48:00,Visa,Tehran,5000.0,20
Fail,2025-09-23 12:12:00,Visa,Shiraz,0.0,5
Success,2025-09-02 09:00:00,Mastercard,Tabriz,583952.0,18
Fail,2025-09-25 12:12:00,American Express,Ahvaz,900000.0,40
Success,2025-09-20 11:11:00,Visa,Karaj,850000.0,1
Fail,2025-09-08 01:51:00,Visa,Qom,452545.0,19
Success,2025-09-30 02:37:00,Mastercard,Karaj,976246.0,88
Fail,2025-09-23 21:21:00,Visa,Shiraz,1.0,26
Success,2025-09-29 12:34:00,American Express,Mashhad,0.0,29
Success,2025-09-07 03:27:00,Visa,Isfahan,1463119.0,59
Fail,2025-09-08 14:02:00,Mastercard,Tehran,650000.0,63
Fail,2025-09-01 06:06:00,Nan,Tehran,976246.0,99
Success,2025-09-21 04:15:00,Discover,Tehran,0.0,83
Fail,2025-09-02 17:17:00,American Express,Qom,1502601.0,62
Success,2025-09-18 18:45:00,Mastercard,Tabriz,100.5,48
Success,2025-09-15 03:00:00,Master Card,Tehran,1782689.0,62
Success,2025-09-01 09:09:00,Mastercard,Tehran,177050.0,18
Success,2025-09-05 14:30:00,Visa,Tehran,1463119.0,66
Success,2025-09-02 14:55:00,Visa,Isfahan,452545.0,27
Success,2025-09-20 03:27:00,Discover,Tehran,0.0,6
Success,2025-09-03 02:54:00,Visa,Tabriz,452545.0,70
Success,2025-09-19 18:12:00,Visa,Karaj,300000.0,59
Fail,2025-09-18 21:21:00,Mastercard,Tehran,100.5,6
Fail,2025-09-29 20:33:00,Mastercard,Tabriz,100.5,31
Fail,2025-09-22 19:40:00,Mastercard,Mashhad,976246.0,95
Fail,2025-09-18 21:23:00,American Express,Unknown,1502601.0,56
Fail,2025-09-14 13:13:00,Mastercard,Tehran,200000.0,54
Success,2025-09-30 21:21:00,Mastercard,Isfahan,976246.0,85
Success,2025-09-24 14:11:00,Mastercard,Tabriz,120000.0,41
Fail,2025-09-08 07:08:00,American Express,Tabriz,250000.0,18
Fail,2025-09-29 07:08:00,Mastercard,Tehran,452545.0,88
Fail,2025-09-30 12:12:00,Visa,Mashhad,914465.0,23
Fail,2025-09-12 02:30:00,Visa,Isfahan,583952.0,93
Success,2025-09-21 11:11:00,Nan,Karaj,914282.0,36
Success,2025-09-10 06:06:00,Visa,Tabriz,177050.0,25
Fail,2025-09-23 19:29:00,Visa,Karaj,0.0,7
Success,2025-09-20 07:07:00,Mastercard,Tabriz,1782689.0,82
Fail,2025-09-17 18:12:00,Discover,Qom,774681.0,20
Fail,2025-09-11 02:54:00,Mastercard,Shiraz,12345.0,5
Success,2025-09-02 02:20:00,Visa,Shiraz,774681.0,18
Fail,2025-09-26 12:12:00,Visa,Tehran,583952.0,33
Fail,2025-09-26 14:02:00,Visa,Tabriz,177050.0,79
Fail,2025-09-04 19:19:00,Mastercard,Tabriz,1.0,35
Fail,2025-09-01 00:00:00,Visa,Qom,0.0,65
Fail,2025-09-15 23:17:00,Mastercard,Tehran,0.0,63
Fail,2025-09-13 02:30:00,American Express,Mashhad,452545.0,85
Fail,2025-09-08 09:09:00,Mastercard,Tehran,0.0,72
Fail,2025-09-25 01:01:00,Mastercard,Isfahan,1000.0,71
Success,2025-09-04 14:00:00,Discover,Karaj,0.0,41
Fail,2025-09-10 11:11:00,American Express,Isfahan,1.0,50
Success,2025-09-19 10:48:00,Discover,Tabriz,452545.0,30
Success,2025-09-18 05:23:00,Visa,Shiraz,583952.0,38
Fail,2025-09-05 04:04:00,Mastercard,Karaj,471227.0,35
Success,2025-09-30 22:27:00,Mastercard,Tabriz,0.0,66
Fail,2025-09-19 07:08:00,Mastercard,Tabriz,5000.0,46
Success,2025-09-26 19:29:00,Discover,Shiraz,1050805.0,8
Fail,2025-09-23 06:30:00,Visa,Tehran,452545.0,68
Fail,2025-09-27 02:37:00,Mastercard,Tabriz,471227.0,37
Fail,2025-09-22 19:51:00,Mastercard,Shiraz,99999.0,85
Success,2025-09-16 13:13:00,Discover,Tehran,914282.0,13
Success,2025-09-01 03:27:00,American Express,Mashhad,452545.0,73
Success,2025-09-12 17:07:00,Visa,Tabriz,12345.0,45
Fail,2025-09-24 23:59:00,Mastercard,Shiraz,452545.0,29
Fail,2025-09-02 23:17:00,Visa,Tehran,471227.0,41
Success,2025-09-21 02:30:00,Mastercard,Isfahan,412308.0,56
Success,2025-09-25 01:51:00,Visa,Tabriz,200000.0,89
Success,2025-09-08 12:12:00,Visa,Tabriz,471227.0,16
Fail,2025-09-18 05:23:00,American Express,Tehran,1883871.0,12
Success,2025-09-25 14:55:00,Discover,Karaj,914282.0,66
Fail,2025-09-16 13:13:00,Mastercard,Tehran,443463.0,62
Fail,2025-09-05 23:59:00,Discover,Isfahan,2020587.5,19
Success,2025-09-26 08:08:00,Visa,Tehran,555555.0,30
Fail,2025-09-30 22:27:00,Mastercard,Karaj,50200.0,16
Fail,2025-09-22 16:40:00,Mastercard,Qom,545116.0,89
Fail,2025-09-13 02:37:00,American Express,Karaj,250000.0,13
Fail,2025-09-19 06:06:00,Discover,Shiraz,452545.0,69
Fail,2025-09-29 14:55:00,Visa,Tehran,100.5,23
Success,2025-09-03 13:13:00,Visa,Tehran,100.5,62
Success,2025-09-26 09:09:00,Mastercard,Tehran,250000.0,31
Success,2025-09-08 20:20:00,Visa,Isfahan,914465.0,53
Success,2025-09-27 19:29:00,Visa,Mashhad,0.0,17
Fail,2025-09-26 05:23:00,Visa,Tehran,177050.0,49
Success,2025-09-26 14:11:00,American Express,Tehran,1305967.0,49
Fail,2025-09-12 19:29:00,Mastercard,Tehran,120000.0,67
Success,2025-09-02 23:59:00,Mastercard,Tabriz,1782689.0,26
Success,2025-09-11 02:54:00,Visa,Karaj,0.0,13
Success,2025-09-12 17:17:00,Visa,Isfahan,452545.0,38
Success,2025-09-28 21:10:00,Visa,Tehran,1000.0,22
Fail,2025-09-18 04:40:00,Mastercard,Tabriz,1.0,85
Success,2025-09-13 19:51:00,Visa,Tehran,1768588.0,29
Success,2025-09-05 18:00:00,Mastercard,Karaj,0.0,45
Success,2025-09-22 18:00:00,Mastercard,Karaj,914282.0,46
Success,2025-09-12 13:10:00,Discover,Karaj,177050.0,39
Fail,2025-09-02 09:00:00,Mastercard,Tehran,200000.0,69
Fail,2025-09-05 19:51:00,Mastercard,Tehran,650000.0,78
Fail,2025-09-07 14:00:00,Mastercard,Karaj,1427657.0,82
Fail,2025-09-26 12:44:00,Master Card,Shiraz,452545.0,68
Success,2025-09-26 05:23:00,Mastercard,Qom,450000.0,98
Fail,2025-09-24 06:06:00,Mastercard,Ahvaz,452545.0,39
Success,2025-09-12 13:13:00,American Express,Isfahan,99999.0,20
Fail,2025-09-16 02:30:00,Mastercard,Tehran,5000.0,77
Success,2025-09-23 19:29:00,Visa,Qom,1463119.0,68
Success,2025-09-08 00:00:00,Mastercard,Ahvaz,452545.0,35
Fail,2025-09-30 12:12:00,Discover,Tehran,2020587.5,8
Success,2025-09-28 02:37:00,Visa,Tabriz,343679.0,52
Fail,2025-09-09 01:01:00,Visa,Karaj,250000.0,40
Fail,2025-09-15 18:12:00,Nan,Tabriz,177050.0,36
Success,2025-09-05 21:10:00,Discover,Tehran,450000.0,6
Fail,2025-09-13 09:09:00,Mastercard,Tehran,452545.0,87
Fail,2025-09-05 14:02:00,Master Card,Tehran,452545.0,70
Success,2025-09-11 12:44:00,Mastercard,Isfahan,452545.0,73
Fail,2025-09-10 04:15:00,Visa,Isfahan,1427657.0,16
Fail,2025-09-20 00:00:00,American Express,Mashhad,0.0,46
Fail,2025-09-13 06:06:00,Visa,Isfahan,1050805.0,59
Fail,2025-09-09 14:30:00,Visa,Tehran,2020587.5,38
Success,2025-09-21 00:00:00,Mastercard,Shiraz,177050.0,98
Success,2025-09-14 03:00:00,Discover,Isfahan,555555.0,18
Success,2025-09-18 01:01:00,Mastercard,Isfahan,0.0,12
Fail,2025-09-15 07:07:00,Mastercard,Mashhad,774681.0,54
Fail,2025-09-10 06:06:00,Visa,Tehran,50200.0,92
Success,2025-09-24 19:40:00,Mastercard,Tehran,177050.0,47
Success,2025-09-07 21:21:00,Visa,Tabriz,450000.0,1
Success,2025-09-08 13:10:00,Discover,Karaj,99999.0,15
Success,2025-09-28 21:23:00,Mastercard,Ahvaz,583952.0,92
Fail,2025-09-03 04:40:00,Visa,Karaj,0.0,80
Fail,2025-09-15 09:09:00,American Express,Tehran,1782689.0,21
Fail,2025-09-16 21:23:00,Visa,Qom,1387769.0,1
Success,2025-09-04 03:27:00,Mastercard,Tehran,100000.0,94
Fail,2025-09-21 21:23:00,Mastercard,Ahvaz,0.0,67
Success,2025-09-06 13:13:00,Mastercard,Mashhad,650000.0,12
Fail,2025-09-01 13:13:00,Mastercard,Tehran,452545.0,28
Success,2025-09-04 02:37:00,American Express,Karaj,200000.0,39
Fail,2025-09-11 23:17:00,Master Card,Tabriz,976246.0,37
Success,2025-09-12 16:16:00,Discover,Tehran,0.0,96
Fail,2025-09-26 02:30:00,Nan,Mashhad,1578078.0,60
Fail,2025-09-29 11:11:00,American Express,Tabriz,1883871.0,31
Fail,2025-09-05 10:05:00,Mastercard,Tehran,300000.0,58
Success,2025-09-23 02:54:00,Mastercard,Isfahan,419089.0,98
Fail,2025-09-29 23:59:00,American Express,Qom,585954.0,98
Fail,2025-09-21 22:27:00,Mastercard,Tehran,1782689.0,11
Fail,2025-09-16 03:27:00,Mastercard,Isfahan,452545.0,29
Fail,2025-09-13 02:30:00,American Express,Isfahan,976246.0,90
Fail,2025-09-13 00:00:00,Mastercard,Tehran,585954.0,13
Success,2025-09-17 18:12:00,Visa,Tehran,2020587.5,51
Fail,2025-09-27 07:07:00,American Express,Ahvaz,1387769.0,54
Fail,2025-09-07 05:56:00,Visa,Tabriz,471227.0,19
Success,2025-09-08 11:11:00,Visa,Tabriz,2020587.5,58
Fail,2025-09-13 03:00:00,Mastercard,Tehran,1387769.0,36
Fail,2025-09-23 21:21:00,American Express,Qom,123456.0,28
Success,2025-09-27 03:27:00,Discover,Qom,1427657.0,68
Fail,2025-09-16 08:08:00,Visa,Shiraz,200000.0,3
Success,2025-09-30 01:51:00,Visa,Ahvaz,1578078.0,90
Fail,2025-09-29 18:00:00,Visa,Tehran,2020587.5,41
Success,2025-09-04 21:23:00,Mastercard,Ahvaz,120000.0,35
Success,2025-09-08 11:11:00,Visa,Tehran,583952.0,94
Success,2025-09-16 12:34:00,Discover,Karaj,452545.0,94
Fail,2025-09-21 07:08:00,Visa,Tehran,545116.0,76
Fail,2025-09-10 14:11:00,Discover,Tehran,471227.0,100
Fail,2025-09-25 09:00:00,Discover,Tehran,0.0,84
Fail,2025-09-12 11:11:00,Mastercard,Tehran,333333.0,81
Success,2025-09-12 00:00:00,Discover,Ahvaz,774681.0,76
Success,2025-09-26 13:10:00,Discover,Tehran,123456.0,50
Success,2025-09-05 07:08:00,Mastercard,Isfahan,452545.0,74
Fail,2025-09-16 03:27:00,Discover,Isfahan,452545.0,82
Fail,2025-09-01 16:40:00,Visa,Tehran,1427657.0,30
Success,2025-09-28 02:20:00,American Express,Tehran,99999.0,72
Success,2025-09-09 18:12:00,Discover,Karaj,1883871.0,77
Success,2025-09-12 21:23:00,Visa,Tehran,976246.0,96
Success,2025-09-05 06:30:00,American Express,Tehran,1578078.0,70
Fail,2025-09-22 05:23:00,Visa,Tabriz,123456.0,54
Success,2025-09-20 19:51:00,Visa,Ahvaz,1883871.0,71
Fail,2025-09-22 02:24:00,Mastercard,Tehran,452545.0,85
Success,2025-09-28 11:11:00,Mastercard,Qom,250000.0,51
Success,2025-09-24 18:45:00,Mastercard,Isfahan,419089.0,28
Fail,2025-09-03 11:11:00,Visa,Tehran,0.0,64
Fail,2025-09-05 14:55:00,Visa,Shiraz,1387769.0,85
Fail,2025-09-02 13:10:00,Visa,Tehran,1472823.0,21
Success,2025-09-14 14:00:00,Visa,Tehran,452545.0,89
Fail,2025-09-02 17:17:00,American Express,Tabriz,419089.0,27
Fail,2025-09-13 15:45:00,Discover,Karaj,1.0,27
Success,2025-09-07 04:04:00,Nan,Tehran,1578078.0,77
Success,2025-09-10 02:20:00,American Express,Tehran,545116.0,50
Success,2025-09-13 09:00:00,Visa,Tehran,177050.0,29
Fail,2025-09-16 11:11:00,Visa,Tehran,443463.0,39
Success,2025-09-26 01:01:00,Mastercard,Tabriz,583952.0,57
Fail,2025-09-14 13:13:00,Mastercard,Tehran,452545.0,93
Fail,2025-09-11 19:29:00,Discover,Isfahan,0.0,37
Fail,2025-09-10 02:30:00,Mastercard,Isfahan,0.0,94
Fail,2025-09-06 12:12:00,American Express,Mashhad,0.0,64
Success,2025-09-04 16:16:00,Visa,Tehran,177050.0,48
Success,2025-09-21 21:21:00,Visa,Mashhad,452545.0,22
Fail,2025-09-01 00:00:00,Visa,Tehran,583952.0,30
Success,2025-09-07 07:08:00,Mastercard,Tabriz,419089.0,28
Fail,2025-09-24 12:12:00,Visa,Isfahan,452545.0,23
Success,2025-09-09 02:54:00,Master Card,Tehran,205000.0,98
Success,2025-09-08 21:23:00,Visa,Karaj,2020587.5,4
Fail,2025-09-05 19:19:00,Mastercard,Tehran,452545.0,3
Fail,2025-09-19 10:48:00,Mastercard,Ahvaz,100.5,61
Fail,2025-09-10 13:10:00,Mastercard,Mashhad,1050805.0,97
Success,2025-09-11 20:20:00,Visa,Mashhad,471227.0,4
Fail,2025-09-25 09:45:00,Visa,Shiraz,100.5,65
Success,2025-09-15 04:15:00,American Express,Tehran,914282.0,12
Success,2025-09-06 09:09:00,Visa,Tehran,12345.0,13
Fail,2025-09-15 13:10:00,Mastercard,Tabriz,585954.0,34
Fail,2025-09-05 17:17:00,Mastercard,Isfahan,343679.0,59
Success,2025-09-29 11:11:00,Discover,Isfahan,63489.0,94
Fail,2025-09-19 13:10:00,Discover,Karaj,452545.0,73
Fail,2025-09-22 19:29:00,Mastercard,Tehran,452545.0,31
Success,2025-09-19 11:11:00,Nan,Tehran,452545.0,71
Fail,2025-09-10 13:10:00,Visa,Tehran,976246.0,13
Fail,2025-09-12 07:08:00,Visa,Tabriz,0.0,54
Fail,2025-09-22 02:30:00,American Express,Tehran,914282.0,2
Fail,2025-09-04 02:37:00,American Express,Tehran,200000.0,33
Fail,2025-09-18 12:12:00,Visa,Unknown,471227.0,50
Success,2025-09-16 10:48:00,Visa,Tehran,452545.0,7
Success,2025-09-08 07:08:00,Mastercard,Tehran,419089.0,18
Fail,2025-09-04 19:51:00,Discover,Tabriz,1782689.0,51
Fail,2025-09-25 12:12:00,Visa,Isfahan,2020587.5,8
Fail,2025-09-23 09:00:00,Visa,Mashhad,100000.0,55
Fail,2025-09-12 10:48:00,Visa,Tehran,450000.0,76
Success,2025-09-02 15:45:00,American Express,Tehran,0.0,43
Success,2025-09-04 02:54:00,Visa,Tehran,1050805.0,59
Fail,2025-09-05 11:11:00,American Express,Tabriz,1463119.0,30
Success,2025-09-03 02:24:00,American Express,Tehran,0.0,59
Fail,2025-09-09 07:08:00,Mastercard,Isfahan,452545.0,9
Fail,2025-09-29 17:07:00,American Express,Ahvaz,250000.0,93
Fail,2025-09-21 04:04:00,Visa,Tehran,545116.0,68
Fail,2025-09-18 02:24:00,Visa,Tehran,452545.0,39
Success,2025-09-11 07:32:00,Mastercard,Qom,12345.0,81
Fail,2025-09-03 10:48:00,Visa,Karaj,419089.0,11
Fail,2025-09-30 11:11:00,Mastercard,Tehran,650000.0,2
Fail,2025-09-25 02:37:00,Discover,Qom,1387769.0,23
Fail,2025-09-23 15:45:00,American Express,Tabriz,1305967.0,63
Success,2025-09-02 07:08:00,Discover,Tehran,120000.0,22
Success,2025-09-09 19:40:00,Visa,Shiraz,177050.0,61
Success,2025-09-14 08:08:00,Mastercard,Tabriz,200000.0,26
Success,2025-09-04 06:30:00,Mastercard,Karaj,452545.0,12
Success,2025-09-29 22:27:00,Visa,Qom,5000.0,32
Fail,2025-09-09 19:51:00,Nan,Tehran,419089.0,9
Success,2025-09-13 17:17:00,Visa,Qom,1768588.0,69
Success,2025-09-18 05:56:00,Mastercard,Ahvaz,650000.0,91
Fail,2025-09-15 07:08:00,Master Card,Tabriz,100000.0,71
Success,2025-09-28 21:10:00,Visa,Mashhad,1463119.0,94
Fail,2025-09-10 09:45:00,Mastercard,Tehran,1463119.0,33
Success,2025-09-16 16:16:00,Discover,Shiraz,471227.0,24
Success,2025-09-12 07:08:00,Discover,Mashhad,1305967.0,90
Success,2025-09-20 13:10:00,Mastercard,Ahvaz,452545.0,96
Fail,2025-09-05 01:01:00,American Express,Karaj,443463.0,94
Fail,2025-09-02 22:27:00,Visa,Shiraz,0.0,69
Success,2025-09-10 08:08:00,Visa,Tehran,1578078.0,38
Fail,2025-09-01 22:27:00,Mastercard,Tehran,452545.0,11
Fail,2025-09-07 02:24:00,Mastercard,Tehran,471227.0,32
Fail,2025-09-26 18:45:00,Nan,Ahvaz,412308.0,64
Fail,2025-09-17 06:06:00,Visa,Mashhad,343679.0,72
Fail,2025-09-16 00:00:00,Visa,Karaj,471227.0,20
Fail,2025-09-27 06:06:00,Mastercard,Mashhad,900000.0,34
Fail,2025-09-27 02:20:00,American Express,Shiraz,205000.0,42
Success,2025-09-24 23:59:00,Discover,Isfahan,1427657.0,8
Fail,2025-09-03 19:40:00,Mastercard,Karaj,1427657.0,66
Fail,2025-09-14 05:56:00,American Express,Tabriz,200000.0,21
Fail,2025-09-10 23:59:00,American Express,Karaj,343679.0,79
Fail,2025-09-22 22:27:00,American Express,Tehran,914282.0,70
Fail,2025-09-07 06:30:00,Discover,Karaj,1.0,5
Success,2025-09-26 12:12:00,Visa,Tabriz,471227.0,67
Fail,2025-09-17 18:45:00,Visa,Tabriz,1158713.0,43
Success,2025-09-30 06:30:00,Discover,Karaj,1578078.0,16
Fail,2025-09-06 09:45:00,Mastercard,Karaj,1387769.0,100
Success,2025-09-23 12:12:00,American Express,Karaj,452545.0,73
Success,2025-09-22 08:59:00,Discover,Tehran,1427657.0,35
Fail,2025-09-04 03:27:00,American Express,Tehran,443463.0,83
Fail,2025-09-17 14:30:00,American Express,Tabriz,774681.0,43
Fail,2025-09-27 03:00:00,Mastercard,Tabriz,1387769.0,99
Fail,2025-09-09 13:10:00,Visa,Tabriz,200000.0,39
Success,2025-09-04 18:00:00,Visa,Tabriz,585954.0,10
Success,2025-09-07 00:00:00,Master Card,Karaj,452545.0,74
Success,2025-09-23 01:01:00,Mastercard,Tabriz,0.0,20
Fail,2025-09-02 12:12:00,Mastercard,Tabriz,0.0,1
Fail,2025-09-17 12:12:00,Visa,Qom,419089.0,6
Fail,2025-09-24 23:17:00,Visa,Tehran,450000.0,53
Success,2025-09-08 07:32:00,American Express,Isfahan,200000.0,46
Success,2025-09-23 19:51:00,Discover,Tehran,177050.0,66
Fail,2025-09-30 20:33:00,Visa,Tehran,1883871.0,38
Success,2025-09-15 16:40:00,Visa,Tabriz,2020587.5,33
Fail,2025-09-15 03:27:00,Visa,Tehran,914282.0,67
Fail,2025-09-08 04:15:00,Visa,Mashhad,450000.0,77
Fail,2025-09-16 06:30:00,Visa,Tabriz,1387769.0,35
Success,2025-09-19 02:37:00,American Express,Tehran,914465.0,79
Fail,2025-09-11 07:07:00,Mastercard,Karaj,585954.0,45
Fail,2025-09-02 13:10:00,Discover,Tehran,976246.0,22
Fail,2025-09-23 20:20:00,Visa,Tehran,650000.0,68
Fail,2025-09-24 23:17:00,Discover,Tehran,0.0,17
Fail,2025-09-17 11:11:00,Visa,Isfahan,555555.0,5
Success,2025-09-28 09:00:00,Mastercard,Isfahan,443463.0,85
Success,2025-09-26 22:27:00,Visa,Ahvaz,0.0,57
Fail,2025-09-16 14:02:00,Visa,Mashhad,200000.0,89
Success,2025-09-25 10:48:00,Visa,Tehran,100.5,96
Success,2025-09-15 11:11:00,Mastercard,Tehran,0.0,40
Fail,2025-09-13 16:16:00,Mastercard,Isfahan,914465.0,30
Fail,2025-09-15 11:11:00,Mastercard,Shiraz,250000.0,42
Success,2025-09-27 06:30:00,Nan,Shiraz,177050.0,7
Success,2025-09-04 03:27:00,American Express,Tehran,976246.0,71
Fail,2025-09-16 20:33:00,Discover,Tehran,1768588.0,92
Fail,2025-09-30 03:00:00,American Express,Tehran,452545.0,89
Fail,2025-09-12 10:05:00,Visa,Tehran,976246.0,19
Success,2025-09-30 19:19:00,Mastercard,Ahvaz,120000.0,41
Fail,2025-09-04 14:00:00,Discover,Tehran,585954.0,34
Success,2025-09-03 10:48:00,Master Card,Shiraz,443463.0,22
Fail,2025-09-22 08:59:00,Visa,Shiraz,177050.0,52
Fail,2025-09-17 13:10:00,Visa,Tehran,585954.0,92
Fail,2025-09-22 01:51:00,Mastercard,Isfahan,50200.0,6
Fail,2025-09-18 21:21:00,Mastercard,Karaj,0.0,74
Fail,2025-09-25 02:24:00,Visa,Tehran,1463119.0,96
Success,2025-09-18 04:40:00,Mastercard,Tehran,2020587.5,25
Fail,2025-09-23 19:51:00,Discover,Shiraz,419089.0,66
Success,2025-09-28 09:00:00,Mastercard,Tehran,545116.0,10
Fail,2025-09-17 02:20:00,Nan,Tehran,0.0,74
Success,2025-09-12 14:11:00,Mastercard,Tehran,0.0,26
Fail,2025-09-23 21:23:00,Mastercard,Tehran,205000.0,5
Fail,2025-09-21 23:17:00,Nan,Isfahan,452545.0,87
Fail,2025-09-24 11:11:00,Visa,Karaj,452545.0,68
Success,2025-09-04 04:15:00,Visa,Ahvaz,452545.0,99
Fail,2025-09-12 11:11:00,Nan,Tabriz,914282.0,71
Success,2025-09-26 01:51:00,Visa,Isfahan,1782689.0,50
Fail,2025-09-23 09:09:00,Discover,Mashhad,900000.0,17
Success,2025-09-22 19:51:00,Mastercard,Qom,12345.0,11
Success,2025-09-21 09:09:00,Visa,Tabriz,774681.0,53
Fail,2025-09-20 16:16:00,Mastercard,Unknown,545116.0,50
Success,2025-09-15 14:55:00,Visa,Karaj,100.5,8
Success,2025-09-23 02:24:00,Visa,Tabriz,452545.0,93
Fail,2025-09-28 14:30:00,Nan,Shiraz,1883871.0,98
Fail,2025-09-16 12:44:00,Visa,Isfahan,976246.0,62
Success,2025-09-05 08:59:00,Visa,Tehran,976246.0,90
Fail,2025-09-21 14:11:00,Visa,Tabriz,650000.0,85
Success,2025-09-15 14:00:00,American Express,Tehran,900000.0,76
Success,2025-09-17 18:12:00,Discover,Tehran,850000.0,91
Fail,2025-09-18 20:33:00,Visa,Tehran,12345.0,29
Fail,2025-09-05 00:00:00,Mastercard,Isfahan,2020587.5,100
Fail,2025-09-13 12:12:00,Visa,Tabriz,177050.0,44
Success,2025-09-19 05:23:00,Visa,Mashhad,452545.0,45
Fail,2025-09-30 08:59:00,American Express,Tabriz,1158713.0,29
Success,2025-09-13 10:48:00,Discover,Tabriz,452545.0,89
Success,2025-09-18 19:19:00,Visa,Shiraz,583952.0,59
Success,2025-09-14 07:07:00,Discover,Tehran,471227.0,15
Fail,2025-09-30 13:10:00,Mastercard,Mashhad,177050.0,70
Fail,2025-09-04 09:45:00,Mastercard,Isfahan,177050.0,97
Fail,2025-09-04 20:20:00,Mastercard,Mashhad,177050.0,44
Fail,2025-09-20 08:08:00,Mastercard,Tabriz,2020587.5,99
Fail,2025-09-20 06:30:00,Mastercard,Qom,1387769.0,36
Success,2025-09-19 08:59:00,Visa,Tehran,250000.0,84
Fail,2025-09-13 01:01:00,Discover,Isfahan,1463119.0,57
Fail,2025-09-12 02:24:00,Visa,Tabriz,452545.0,64
Fail,2025-09-07 21:10:00,Mastercard,Isfahan,419089.0,76
Fail,2025-09-25 14:11:00,Mastercard,Isfahan,0.0,100
Fail,2025-09-12 10:48:00,Mastercard,Shiraz,452545.0,38
Success,2025-09-21 02:54:00,Visa,Shiraz,774681.0,17
Fail,2025-09-04 21:10:00,American Express,Isfahan,1305967.0,27
Success,2025-09-27 18:45:00,Mastercard,Tehran,583952.0,17
Success,2025-09-02 20:33:00,Mastercard,Qom,452545.0,63
Fail,2025-09-02 08:08:00,Visa,Tehran,0.0,11
Success,2025-09-05 08:08:00,Visa,Tehran,583952.0,64
Success,2025-09-23 20:33:00,Mastercard,Tehran,443463.0,39
Fail,2025-09-10 00:00:00,Visa,Tabriz,1502601.0,2
Success,2025-09-10 04:40:00,Visa,Isfahan,452545.0,66
Success,2025-09-09 15:45:00,Visa,Tabriz,2020587.5,54
Success,2025-09-13 01:51:00,Mastercard,Karaj,0.0,29
Success,2025-09-07 14:11:00,Mastercard,Mashhad,1158713.0,45
Fail,2025-09-05 13:10:00,Visa,Tabriz,1.0,89
Success,2025-09-26 05:56:00,Mastercard,Tehran,914465.0,89
Success,2025-09-10 02:30:00,Discover,Tehran,0.0,80
Fail,2025-09-10 08:08:00,Visa,Tehran,1472823.0,31
Fail,2025-09-06 08:08:00,Visa,Tabriz,443463.0,49
Fail,2025-09-27 02:24:00,Mastercard,Tehran,12345.0,9
Success,2025-09-28 03:00:00,Mastercard,Ahvaz,343679.0,27
Success,2025-09-19 12:34:00,Visa,Tabriz,1050805.0,56
Success,2025-09-21 16:16:00,Visa,Karaj,0.0,78
Fail,2025-09-08 09:09:00,Discover,Ahvaz,1050805.0,45
Fail,2025-09-01 11:11:00,Discover,Tabriz,1000.0,90
Fail,2025-09-28 13:13:00,Nan,Mashhad,650000.0,43
Fail,2025-09-17 04:15:00,Visa,Mashhad,1578078.0,22
Fail,2025-09-07 07:32:00,Mastercard,Tehran,1578078.0,100
Success,2025-09-14 08:08:00,Visa,Tehran,205000.0,33
Fail,2025-09-21 10:48:00,Mastercard,Tabriz,452545.0,27
Fail,2025-09-30 21:23:00,Mastercard,Tehran,1000.0,40
Success,2025-09-21 03:27:00,Discover,Tabriz,1782689.0,26
Success,2025-09-17 08:59:00,Master Card,Tehran,0.0,83
Success,2025-09-09 09:00:00,Mastercard,Qom,914465.0,45
Fail,2025-09-17 02:20:00,Discover,Tabriz,419089.0,45
Fail,2025-09-05 14:30:00,Mastercard,Mashhad,177050.0,26
Fail,2025-09-26 13:13:00,Visa,Karaj,900000.0,70
Success,2025-09-25 11:11:00,Master Card,Mashhad,1427657.0,67
Success,2025-09-30 14:11:00,American Express,Mashhad,100.5,6
Success,2025-09-20 20:33:00,Discover,Tabriz,1463119.0,28
Success,2025-09-29 03:27:00,Discover,Ahvaz,419089.0,67
Fail,2025-09-08 10:05:00,Visa,Karaj,450000.0,13
Fail,2025-09-06 09:09:00,American Express,Tabriz,1768588.0,63
Fail,2025-09-11 02:20:00,Mastercard,Tabriz,471227.0,13
Fail,2025-09-19 21:23:00,Mastercard,Ahvaz,250000.0,77
Fail,2025-09-04 11:11:00,Visa,Isfahan,1768588.0,1
Success,2025-09-18 07:32:00,Visa,Isfahan,471227.0,40
Success,2025-09-01 18:45:00,American Express,Isfahan,452545.0,37
Success,2025-09-13 12:12:00,Mastercard,Tehran,774681.0,31
Fail,2025-09-14 09:09:00,Discover,Isfahan,177050.0,17
Fail,2025-09-24 04:15:00,American Express,Ahvaz,2020587.5,9
Fail,2025-09-01 03:27:00,Visa,Mashhad,914282.0,64
Fail,2025-09-30 17:17:00,Master Card,Mashhad,914282.0,57
Fail,2025-09-29 21:21:00,Discover,Tehran,443463.0,13
Fail,2025-09-11 21:21:00,Visa,Tehran,452545.0,37
Success,2025-09-17 11:11:00,Visa,Tehran,1782689.0,14
Success,2025-09-04 01:51:00,Visa,Tehran,850000.0,75
Success,2025-09-26 04:40:00,Visa,Mashhad,50200.0,25
Success,2025-09-12 03:27:00,Mastercard,Isfahan,1578078.0,96
Fail,2025-09-10 03:27:00,Mastercard,Tabriz,1387769.0,78
Fail,2025-09-06 14:30:00,Discover,Unknown,1305967.0,57
Success,2025-09-25 00:00:00,Mastercard,Isfahan,419089.0,71
Success,2025-09-01 03:27:00,Nan,Ahvaz,1427657.0,89
Success,2025-09-07 19:51:00,Discover,Tabriz,452545.0,42
Fail,2025-09-26 21:23:00,Visa,Tabriz,976246.0,42
Success,2025-09-27 08:08:00,Visa,Qom,976246.0,47
Fail,2025-09-21 07:32:00,Visa,Tehran,585954.0,44
Fail,2025-09-28 15:45:00,Mastercard,Tehran,0.0,41
Fail,2025-09-16 05:23:00,Discover,Tehran,1158713.0,3
Fail,2025-09-24 04:40:00,Mastercard,Tabriz,443463.0,91
Fail,2025-09-14 14:00:00,Visa,Mashhad,1463119.0,91
Fail,2025-09-23 09:45:00,American Express,Karaj,1578078.0,1
Fail,2025-09-20 20:20:00,American Express,Tabriz,452545.0,79
Success,2025-09-20 13:10:00,Visa,Tabriz,452545.0,11
Success,2025-09-06 07:32:00,Mastercard,Karaj,5000.0,7
Success,2025-09-22 13:13:00,Mastercard,Tehran,200000.0,12
Success,2025-09-25 14:30:00,Mastercard,Karaj,1.0,38
Fail,2025-09-28 10:48:00,Visa,Tehran,1578078.0,54
Success,2025-09-05 21:23:00,Discover,Tabriz,1000.0,67
Success,2025-09-24 10:48:00,Mastercard,Tehran,585954.0,53
Success,2025-09-21 07:08:00,Discover,Tehran,1463119.0,91
